task_id,conversation_type,duration_min,n_events_mean,event_rate_per_min,word_rate_wpm,words_sp1,words_sp2,wpm_sp1,wpm_sp2,ttr_sp1,ttr_sp2,silence_ratio,turn_count,turn_dur_mean,turn_dur_median,turn_dur_std,n_speaker_changes,fto_mean_s,fto_median_s,fto_n,speaker_balance,bc_rate_per_min,bc_ack_per_min,bc_cont_per_min,bc_react_per_min,int_rate_per_min,int_competitive_per_min,int_cooperative_per_min,int_floor_taking_per_min,int_non_floor_per_min,overlap_count_per_min,overlap_dur_s,laughter_rate_per_min,non_content_ratio,question_rate_per_min
2001,Switchboard,4.205,136.0,32.343,211.89,474,417,112.72,99.17,0.3692,0.4484,0.0649,55,5.196,2.993,5.88,54,-0.666,-0.157,54,0.5364,3.329,,,,4.518,,,3.805,0.713,10.226,22.68,1.665,0.0415,
2005,Switchboard,8.314,159.0,19.125,207.85,1065,663,128.1,79.75,0.2742,0.356,0.2135,63,7.953,1.509,13.737,62,-0.123,-0.028,62,0.6406,6.014,,,,0.722,,,0.722,0.0,4.33,11.27,0.241,0.0057,0.361
2006,Switchboard,7.333,82.0,11.183,197.61,524,925,71.46,126.15,0.4065,0.3773,0.1415,30,14.478,1.652,25.936,29,0.09,0.062,29,0.3798,3.0,,,,0.273,,,0.273,0.0,1.773,3.79,1.773,0.0059,0.409
2007,Switchboard,9.997,151.0,15.105,191.16,889,1022,88.93,102.23,0.3588,0.3748,0.1901,83,7.098,4.035,8.699,82,0.111,0.149,82,0.4595,2.201,,,,0.7,,,0.7,0.0,3.001,10.94,0.8,0.0062,
2008,Switchboard,3.677,89.0,24.206,186.04,313,371,85.13,100.91,0.5367,0.4097,0.2222,42,4.779,2.909,5.375,41,0.401,0.21,41,0.4546,5.984,,,,0.816,,,0.816,0.0,4.08,3.66,1.36,0.0124,1.632
2009,Switchboard,5.233,114.0,21.784,207.33,531,554,101.47,105.86,0.4218,0.4007,0.1226,52,6.013,2.747,7.016,51,-0.025,0.104,51,0.4452,3.822,,,,1.147,,,1.147,0.0,3.44,7.27,3.44,0.0172,
2010,Switchboard,4.813,80.0,16.621,216.7,451,592,93.7,123.0,0.4279,0.3767,0.1539,45,6.212,2.562,9.231,44,0.101,0.148,44,0.4645,2.285,,,,0.208,,,0.208,0.0,3.74,4.76,0.416,0.0451,4.571
2012,Switchboard,9.963,105.0,10.539,204.66,1281,758,128.58,76.08,0.3044,0.3496,0.1472,38,15.818,7.958,15.666,37,-0.187,0.121,37,0.6302,2.71,,,,0.502,,,0.401,0.1,2.108,10.31,1.204,0.0052,0.401
2013,Switchboard,9.211,147.0,15.959,218.22,661,1349,71.76,146.46,0.3661,0.2958,0.2474,84,6.29,1.481,10.397,83,0.255,0.216,83,0.3765,2.28,,,,0.977,,,0.869,0.109,2.28,9.09,0.651,0.0164,
2014,Switchboard,3.834,119.0,31.035,193.77,259,484,67.55,126.23,0.529,0.4091,0.1278,50,4.426,2.569,4.729,49,0.097,0.107,49,0.417,1.826,,,,1.043,,,1.043,0.0,5.216,6.92,7.042,0.0636,
2015,Switchboard,6.478,49.0,7.564,194.51,553,707,85.37,109.14,0.4647,0.3366,0.2282,25,14.326,10.462,13.512,24,1.018,0.658,24,0.4225,1.698,,,,0.154,,,0.154,0.0,0.463,0.69,0.772,0.0133,0.618
2017,Switchboard,6.464,122.0,18.875,200.19,412,882,63.74,136.45,0.415,0.3163,0.1684,52,7.329,1.839,11.451,51,0.04,0.153,51,0.327,4.796,,,,0.464,,,0.464,0.0,3.404,7.87,1.238,0.0139,
2018,Switchboard,6.214,219.0,35.241,222.07,524,856,84.32,137.75,0.3588,0.3493,0.1122,105,3.86,2.529,3.69,104,-0.326,-0.053,104,0.4234,4.828,,,,3.701,,,3.057,0.644,11.747,33.42,0.644,0.0071,0.966
2019,Switchboard,7.28,106.0,14.561,183.11,639,694,87.78,95.33,0.4241,0.379,0.18,60,6.89,2.197,11.455,59,0.291,0.192,59,0.4536,3.984,,,,0.275,,,0.275,0.0,1.236,3.0,0.687,0.0202,1.236
2020,Switchboard,9.759,176.0,18.034,203.71,536,1452,54.92,148.78,0.3993,0.2355,0.1767,71,8.36,2.621,11.523,70,-0.14,0.078,70,0.2857,3.689,,,,1.23,,,1.23,0.0,3.381,15.82,3.177,0.007,1.127
2022,Switchboard,5.513,134.0,24.306,222.57,700,527,126.97,95.59,0.3586,0.3435,0.1578,58,5.892,2.809,8.963,57,-0.253,-0.238,57,0.5561,3.628,,,,1.995,,,1.995,0.0,6.53,19.2,0.0,0.0691,1.088
2023,Switchboard,10.003,183.0,18.294,183.74,1055,783,105.47,78.28,0.2692,0.3129,0.2943,107,4.956,3.148,6.272,106,0.65,0.53,106,0.5576,1.999,,,,0.0,,,0.0,0.0,1.6,3.97,3.399,0.0061,
2024,Switchboard,6.736,91.0,13.509,172.21,363,797,53.89,118.32,0.4545,0.399,0.2245,34,11.312,4.812,16.273,33,0.503,0.289,33,0.358,3.118,,,,0.0,,,0.0,0.0,1.188,1.65,1.781,0.0163,0.891
2025,Switchboard,5.844,110.0,18.821,236.12,640,740,109.51,126.62,0.4297,0.3703,0.1297,53,6.795,2.847,10.68,52,-0.277,-0.007,52,0.4378,2.909,,,,1.369,,,1.369,0.0,4.962,14.18,0.342,0.0084,0.684
2027,Switchboard,9.512,146.0,15.349,224.98,1075,1065,113.02,111.96,0.3098,0.2901,0.08,52,11.247,2.603,16.308,51,-0.351,-0.215,51,0.538,3.049,,,,0.946,,,0.841,0.105,3.259,18.27,3.049,0.0042,0.105
2028,Switchboard,9.993,153.0,15.31,154.8,781,766,78.15,76.65,0.3726,0.3616,0.2705,49,12.069,3.881,15.113,48,0.148,0.17,48,0.5119,4.703,,,,0.5,,,0.4,0.1,2.201,7.59,1.501,0.0233,0.6
2032,Switchboard,8.401,272.0,32.379,210.58,1157,612,137.73,72.85,0.2705,0.3056,0.1484,126,4.062,2.245,5.907,125,-0.082,-0.024,125,0.5898,2.857,,,,1.786,,,1.786,0.0,8.809,24.29,4.166,0.0146,2.5
2035,Switchboard,5.124,121.0,23.616,215.47,340,764,66.36,149.11,0.4824,0.2893,0.2005,62,4.871,2.411,6.644,61,0.029,0.099,61,0.3106,3.903,,,,0.976,,,0.781,0.195,4.879,9.62,0.976,0.0231,1.561
2036,Switchboard,5.219,152.0,29.125,203.3,645,416,123.59,79.71,0.3922,0.4087,0.1623,68,4.425,2.0,5.345,67,0.119,0.12,67,0.5546,5.174,,,,1.15,,,1.15,0.0,5.557,12.91,2.874,0.0294,
2038,Switchboard,9.998,77.0,7.701,180.53,771,1034,77.11,103.42,0.3956,0.3133,0.1849,37,16.136,7.144,19.254,36,0.043,0.094,36,0.4633,1.4,,,,0.2,,,0.2,0.0,1.7,8.49,0.5,0.0033,1.4
2039,Switchboard,8.221,172.0,20.922,161.9,866,465,105.34,56.56,0.3303,0.4387,0.2666,79,6.043,2.148,11.111,78,0.144,0.253,78,0.6097,3.649,,,,0.73,,,0.608,0.122,4.014,13.1,2.798,0.0038,1.581
2040,Switchboard,9.853,60.0,6.09,163.51,634,977,64.35,99.16,0.4101,0.347,0.2271,29,19.459,9.088,23.199,28,0.815,0.515,28,0.4317,1.827,,,,0.0,,,0.0,0.0,0.71,1.46,0.101,0.0033,0.71
2041,Switchboard,9.977,159.0,15.937,207.68,1116,956,111.86,95.82,0.3181,0.3023,0.1496,62,9.855,3.672,14.86,61,-0.239,-0.157,61,0.5384,3.909,,,,1.103,,,1.103,0.0,3.608,17.74,1.002,0.0088,1.103
2044,Switchboard,10.012,163.0,16.281,202.46,1223,804,122.15,80.3,0.2788,0.3843,0.1089,63,9.696,4.221,13.066,62,-0.187,-0.106,62,0.6086,3.196,,,,0.699,,,0.699,0.0,3.895,16.16,2.297,0.0035,
2045,Switchboard,6.659,123.0,18.47,183.8,845,379,126.89,56.91,0.3396,0.4011,0.2653,47,7.923,4.457,9.516,46,0.534,0.459,46,0.6666,5.856,,,,0.601,,,0.601,0.0,1.351,3.96,1.652,0.0378,
2050,Switchboard,9.046,143.0,15.809,190.48,777,946,85.9,104.58,0.3076,0.334,0.1484,57,9.673,7.097,9.452,56,-0.218,0.013,56,0.4758,3.98,,,,0.884,,,0.884,0.0,3.427,12.32,1.658,0.0074,
2051,Switchboard,10.011,121.0,12.086,154.92,347,1204,34.66,120.26,0.4092,0.3331,0.3165,54,10.817,3.379,16.409,53,0.291,0.083,53,0.2697,3.995,,,,0.2,,,0.2,0.0,1.998,6.08,0.4,0.0018,0.499
2053,Switchboard,5.976,151.0,25.266,175.86,456,595,76.3,99.56,0.4232,0.3798,0.2511,67,4.936,2.95,5.031,66,0.364,0.161,66,0.4539,4.685,,,,0.669,,,0.669,0.0,4.35,10.76,4.183,0.0096,1.171
2054,Switchboard,10.004,195.0,19.492,191.82,1149,770,114.85,76.97,0.3211,0.3597,0.1628,81,7.486,3.061,11.159,80,-0.107,-0.01,80,0.5995,5.798,,,,1.299,,,1.299,0.0,4.498,17.43,0.4,0.009,
2055,Switchboard,4.303,103.0,23.937,201.95,374,495,86.92,115.04,0.4973,0.396,0.219,56,4.564,2.976,4.465,55,-0.02,0.155,55,0.4379,3.021,,,,1.394,,,1.394,0.0,4.648,6.23,1.162,0.0178,
2056,Switchboard,5.934,91.0,15.336,186.56,723,384,121.84,64.71,0.3292,0.4271,0.2573,45,7.43,2.314,11.961,44,0.437,0.403,44,0.6389,4.55,,,,0.169,,,0.169,0.0,1.854,3.13,0.674,0.0065,
2057,Switchboard,9.993,92.0,9.206,187.93,1474,404,147.5,40.43,0.2639,0.4134,0.1701,43,13.931,4.63,18.01,42,-0.035,0.018,42,0.8001,1.501,,,,0.5,,,0.5,0.0,2.202,6.3,0.6,0.0058,
2060,Switchboard,5.593,94.0,16.807,156.8,512,365,91.54,65.26,0.4414,0.4767,0.2198,38,8.328,3.231,13.012,37,0.383,0.401,37,0.6166,5.006,,,,0.715,,,0.715,0.0,1.967,4.85,1.252,0.0211,2.324
2061,Switchboard,9.98,266.0,26.654,234.97,1509,836,151.2,83.77,0.2492,0.3278,0.1631,110,5.394,2.43,8.065,109,0.017,0.087,109,0.666,6.213,,,,0.802,,,0.802,0.0,5.411,18.74,0.802,0.0229,2.705
2062,Switchboard,9.991,102.0,10.209,200.88,674,1333,67.46,133.42,0.4184,0.2566,0.1652,43,13.83,4.2,17.059,42,0.069,0.154,42,0.3857,2.302,,,,0.3,,,0.3,0.0,2.102,8.62,0.5,0.0052,0.4
2064,Switchboard,7.106,171.0,24.065,205.89,740,723,104.14,101.75,0.3027,0.3458,0.2167,82,5.022,2.778,5.646,81,0.134,0.184,81,0.4501,4.363,,,,0.704,,,0.704,0.0,4.926,9.81,0.563,0.0163,0.844
2065,Switchboard,9.982,197.0,19.735,224.0,1122,1114,112.4,111.6,0.3021,0.3097,0.1342,77,7.967,3.258,11.416,76,-0.203,0.001,76,0.4867,3.907,,,,1.302,,,1.202,0.1,4.208,21.36,1.703,0.0144,1.002
2067,Switchboard,4.237,130.0,30.679,205.32,362,508,85.43,119.89,0.4116,0.3661,0.1412,57,4.886,2.942,4.497,56,-0.514,-0.188,56,0.4675,1.888,,,,3.54,,,2.832,0.708,11.328,21.17,2.36,0.0147,0.944
2071,Switchboard,5.736,84.0,14.643,163.34,469,468,81.76,81.58,0.3753,0.3846,0.2776,35,9.31,4.209,11.224,34,0.435,0.257,34,0.4802,3.835,,,,0.174,,,0.174,0.0,1.743,2.63,1.395,0.0083,1.395
2072,Switchboard,4.815,146.0,30.32,225.95,514,574,106.74,119.2,0.4008,0.3728,0.1998,74,3.841,1.154,6.29,73,0.026,0.101,73,0.5227,3.115,,,,0.623,,,0.623,0.0,7.269,10.89,1.454,0.0203,1.038
2073,Switchboard,8.215,112.0,13.633,179.42,805,669,97.99,81.43,0.3752,0.3737,0.2342,50,9.583,3.472,12.697,49,0.213,0.171,49,0.5135,4.139,,,,0.365,,,0.365,0.0,1.704,3.66,0.852,0.025,0.73
2078,Switchboard,9.983,287.0,28.748,211.15,1013,1095,101.47,109.68,0.3416,0.2977,0.2059,155,3.666,1.821,4.428,154,0.194,0.184,154,0.4697,4.107,,,,0.902,,,0.801,0.1,3.907,14.56,3.406,0.0177,3.907
2079,Switchboard,4.666,71.0,15.217,198.25,379,546,81.23,117.02,0.4644,0.4103,0.1779,36,7.646,3.327,12.509,35,0.053,0.128,35,0.5067,1.286,,,,0.0,,,0.0,0.0,3.429,4.53,1.072,0.0112,1.072
2080,Switchboard,7.206,127.0,17.624,195.39,837,571,116.15,79.24,0.3668,0.4028,0.2264,67,6.317,2.895,8.48,66,0.06,0.188,66,0.5923,3.053,,,,0.694,,,0.694,0.0,2.637,8.38,1.665,0.0117,
2082,Switchboard,5.145,82.0,15.937,203.1,480,565,93.29,109.81,0.4062,0.3752,0.1959,41,7.293,2.188,9.859,40,0.148,0.105,40,0.4618,3.693,,,,0.0,,,0.0,0.0,2.527,2.05,0.583,0.0151,
2083,Switchboard,6.388,155.0,24.266,220.27,598,809,93.62,126.65,0.388,0.3362,0.1712,54,6.946,2.257,11.452,53,0.089,0.187,53,0.4233,7.984,,,,0.626,,,0.626,0.0,3.131,10.58,3.914,0.0083,
2085,Switchboard,10.002,129.0,12.898,174.17,595,1147,59.49,114.68,0.3832,0.32,0.2977,68,8.227,2.345,15.818,67,0.594,0.366,67,0.3309,2.6,,,,0.2,,,0.2,0.0,1.2,3.62,0.8,0.0364,1.3
2086,Switchboard,7.675,161.0,20.977,204.95,1018,555,132.64,72.31,0.3251,0.3568,0.2054,74,5.996,1.679,11.112,73,0.17,0.178,73,0.581,4.56,,,,0.391,,,0.391,0.0,3.257,9.21,2.215,0.0114,0.782
2087,Switchboard,6.267,69.0,11.011,182.88,743,403,118.57,64.31,0.3634,0.3573,0.2327,33,10.512,6.511,13.182,32,0.792,0.853,32,0.6454,1.277,,,,0.16,,,0.16,0.0,1.277,2.44,1.596,0.0147,
2089,Switchboard,10.006,219.0,21.888,234.37,1160,1185,115.94,118.43,0.2724,0.2692,0.165,83,7.3,3.981,8.107,82,-0.083,-0.031,82,0.4922,6.097,,,,1.299,,,1.199,0.1,4.697,14.74,0.899,0.0183,
2090,Switchboard,5.583,148.0,26.51,206.35,783,369,140.25,66.1,0.3665,0.4417,0.2187,63,5.078,2.081,7.251,62,0.142,0.102,62,0.6485,4.657,,,,1.254,,,1.254,0.0,4.299,8.69,4.299,0.0188,2.329
2091,Switchboard,7.383,86.0,11.649,183.68,623,733,84.39,99.29,0.3066,0.367,0.1714,38,11.429,3.079,19.921,37,0.154,0.163,37,0.406,1.084,,,,0.813,,,0.813,0.0,2.303,11.74,2.574,0.0023,
2092,Switchboard,6.672,162.0,24.282,234.58,1003,562,150.34,84.24,0.2792,0.3986,0.2136,86,4.627,1.819,6.703,85,0.003,0.063,85,0.6513,4.497,,,,1.349,,,0.899,0.45,5.996,11.08,0.0,0.0064,3.298
2093,Switchboard,5.757,86.0,14.939,206.37,750,438,130.28,76.08,0.356,0.4566,0.2107,52,6.392,2.62,7.985,51,0.178,0.245,51,0.5844,2.085,,,,0.521,,,0.521,0.0,2.085,5.37,0.347,0.0142,0.869
2094,Switchboard,7.311,97.0,13.267,185.33,882,473,120.64,64.69,0.3651,0.4651,0.1817,37,11.645,6.943,14.397,36,0.091,0.13,36,0.6344,4.103,,,,0.547,,,0.547,0.0,2.325,9.34,0.957,0.0055,1.641
2095,Switchboard,4.737,92.0,19.422,195.9,553,375,116.74,79.16,0.358,0.4347,0.1918,35,7.872,3.371,8.085,34,0.172,0.167,34,0.6051,3.167,,,,0.211,,,0.211,0.0,2.955,6.23,3.589,0.0329,0.633
2096,Switchboard,8.199,149.0,18.172,210.51,836,890,101.96,108.55,0.3529,0.3135,0.176,55,8.593,4.524,8.832,54,0.286,0.231,54,0.4506,5.854,,,,0.122,,,0.122,0.0,1.464,4.28,2.439,0.0267,
2101,Switchboard,6.685,109.0,16.306,173.08,683,474,102.17,70.91,0.3499,0.384,0.1942,44,8.912,3.965,11.333,43,0.139,0.107,43,0.5962,4.338,,,,0.449,,,0.449,0.0,2.693,3.78,1.346,0.0176,0.449
2102,Switchboard,7.721,152.0,19.687,212.54,1008,633,130.56,81.99,0.3155,0.387,0.1917,71,6.302,2.675,7.718,70,0.177,0.143,70,0.5663,3.497,,,,0.389,,,0.389,0.0,3.497,7.81,2.202,0.0137,1.943
2104,Switchboard,3.101,23.0,7.418,147.71,174,284,56.12,91.59,0.592,0.493,0.3252,11,16.287,15.443,15.419,10,0.452,0.214,10,0.3918,1.29,,,,0.0,,,0.0,0.0,0.645,0.39,0.0,0.0103,0.323
2105,Switchboard,4.605,199.0,43.215,224.98,444,592,96.42,128.56,0.4234,0.4071,0.0956,89,3.483,2.154,4.172,88,-0.419,-0.226,88,0.5245,3.692,,,,4.56,,,3.909,0.651,16.504,34.59,1.52,0.0189,2.172
2107,Switchboard,8.858,260.0,29.351,223.97,1022,962,115.37,108.6,0.3376,0.3119,0.1321,103,5.04,2.223,6.768,102,0.086,0.068,102,0.5122,6.66,,,,1.016,,,1.016,0.0,4.628,15.65,5.419,0.0072,1.016
2108,Switchboard,9.979,85.0,8.518,204.23,976,1062,97.81,106.42,0.3289,0.3286,0.1943,37,16.132,3.701,32.506,36,0.021,0.192,36,0.5114,1.603,,,,0.301,,,0.301,0.0,1.503,6.42,1.303,0.0025,
2109,Switchboard,7.181,147.0,20.471,187.86,431,918,60.02,127.84,0.4455,0.3017,0.1339,65,6.788,3.149,9.5,64,-0.21,-0.061,64,0.3754,2.646,,,,1.393,,,1.393,0.0,5.152,14.29,2.367,0.0054,0.557
2110,Switchboard,8.984,209.0,23.264,195.68,946,812,105.3,90.38,0.3414,0.3645,0.2646,105,4.716,1.92,6.654,104,0.397,0.406,104,0.5767,2.56,,,,0.89,,,0.89,0.0,3.451,17.05,3.339,0.0181,1.67
2111,Switchboard,9.3,167.0,17.957,190.21,629,1140,67.63,122.58,0.3927,0.2658,0.2178,64,8.679,2.212,14.509,63,-0.01,0.131,63,0.3847,4.946,,,,0.215,,,0.215,0.0,2.688,8.89,0.753,0.0127,0.215
2113,Switchboard,5.111,162.0,31.698,196.45,594,410,116.22,80.22,0.4074,0.4268,0.1586,73,4.248,2.384,5.724,72,-0.1,0.042,72,0.6159,4.5,,,,1.565,,,1.565,0.0,6.653,12.22,3.522,0.022,2.544
2114,Switchboard,4.339,86.0,19.822,192.69,406,430,93.58,99.11,0.4187,0.4465,0.1432,44,5.923,2.346,8.266,43,-0.071,0.056,43,0.4828,1.844,,,,1.152,,,1.152,0.0,3.918,5.2,0.922,0.0198,
2116,Switchboard,9.982,201.0,20.137,209.38,1251,839,125.33,84.05,0.3125,0.3337,0.2151,102,5.699,3.474,5.924,101,0.161,0.242,101,0.5592,6.011,,,,1.302,,,1.202,0.1,3.206,15.58,0.301,0.0033,
2118,Switchboard,4.953,73.0,14.737,170.59,439,406,88.62,81.96,0.4829,0.4704,0.099,29,10.12,6.415,10.156,28,0.037,-0.032,28,0.5185,2.624,,,,0.606,,,0.606,0.0,3.028,7.06,1.009,0.0149,
2120,Switchboard,1.339,32.0,23.898,164.3,133,87,99.33,64.97,0.6165,0.6667,0.1675,11,7.024,0.987,12.541,10,0.001,0.071,10,0.6478,4.481,,,,0.747,,,0.747,0.0,4.481,2.2,0.747,0.0845,0.0
2121,Switchboard,10.004,177.0,17.692,182.52,1060,766,105.95,76.57,0.3519,0.3603,0.2314,67,8.668,4.904,10.894,66,0.243,0.308,66,0.6131,3.998,,,,0.7,,,0.7,0.0,2.699,11.62,0.8,0.0319,1.699
2122,Switchboard,7.459,153.0,20.512,230.73,1376,345,184.48,46.25,0.2391,0.3681,0.1169,54,8.424,2.115,12.457,53,-0.194,0.045,53,0.7295,7.508,,,,0.402,,,0.402,0.0,3.486,9.13,1.609,0.0052,0.67
2123,Switchboard,2.122,65.0,30.63,213.47,270,183,127.23,86.24,0.4481,0.6175,0.1004,23,5.941,4.403,4.89,22,-0.554,-0.294,22,0.5567,3.77,,,,2.827,,,2.827,0.0,9.425,9.78,1.885,0.0513,
2124,Switchboard,4.014,76.0,18.933,201.29,554,254,138.01,63.28,0.3664,0.5157,0.1603,22,10.649,3.19,14.104,21,0.175,0.2,21,0.6752,5.979,,,,0.249,,,0.249,0.0,1.993,2.59,2.242,0.0144,1.495
2125,Switchboard,6.37,83.0,13.029,200.93,555,725,87.12,113.81,0.418,0.3462,0.2016,40,9.001,3.7,11.013,39,-0.036,0.116,39,0.4239,2.198,,,,0.628,,,0.628,0.0,2.826,6.36,1.256,0.0042,0.471
2129,Switchboard,7.436,119.0,16.003,188.54,361,1041,48.55,139.99,0.4571,0.243,0.2237,52,8.627,2.75,14.02,51,-0.118,0.068,51,0.2727,4.034,,,,1.076,,,0.941,0.134,3.9,15.44,0.269,0.0086,
2130,Switchboard,7.902,106.0,13.415,166.8,899,419,113.78,53.03,0.3493,0.5203,0.2195,48,9.813,4.335,14.281,47,0.003,0.055,47,0.6839,2.658,,,,0.633,,,0.633,0.0,3.164,8.94,0.127,0.0142,0.38
2131,Switchboard,10.006,311.0,31.082,192.49,919,1007,91.85,100.64,0.3471,0.3108,0.0946,123,5.051,3.797,4.837,122,-0.175,-0.068,122,0.4981,5.797,,,,1.999,,,1.999,0.0,6.796,40.13,2.598,0.0288,1.699
2136,Switchboard,10.009,245.0,24.478,223.0,1233,999,123.19,99.81,0.2425,0.2563,0.1197,73,7.993,2.92,9.864,72,0.204,0.188,72,0.5398,7.194,,,,0.699,,,0.699,0.0,2.897,12.61,1.499,0.1406,
2137,Switchboard,3.978,53.0,13.323,188.04,414,334,104.07,83.96,0.4348,0.4401,0.2168,28,8.203,5.426,7.466,27,0.189,0.143,27,0.5357,0.503,,,,0.503,,,0.251,0.251,2.514,2.84,0.0,0.0337,2.514
2139,Switchboard,9.452,121.0,12.802,179.33,864,831,91.41,87.92,0.3229,0.3345,0.2446,40,14.177,3.358,22.013,39,-0.083,0.041,39,0.4823,4.444,,,,0.212,,,0.212,0.0,1.904,5.25,2.116,0.0024,0.317
2141,Switchboard,10.004,264.0,26.391,214.42,1101,1044,110.06,104.36,0.3261,0.272,0.1997,149,3.956,1.87,4.889,148,0.056,0.142,148,0.5135,4.398,,,,1.1,,,1.1,0.0,5.298,16.77,0.8,0.0163,
2145,Switchboard,8.434,110.0,13.043,167.78,465,950,55.14,112.64,0.4043,0.3547,0.2296,44,11.272,2.132,17.323,43,0.151,0.1,43,0.3539,3.676,,,,0.711,,,0.711,0.0,2.609,13.03,0.356,0.0166,0.949
2149,Switchboard,8.553,233.0,27.241,230.67,1068,905,124.87,105.81,0.2978,0.2972,0.1193,110,4.847,2.331,5.747,109,-0.214,-0.028,109,0.488,2.455,,,,2.221,,,2.221,0.0,6.898,32.68,2.806,0.0244,1.052
2150,Switchboard,9.998,199.0,19.904,204.54,1389,656,138.93,65.61,0.2405,0.3491,0.1804,84,7.006,3.078,8.818,83,0.126,0.064,83,0.6296,5.001,,,,0.9,,,0.9,0.0,4.001,18.37,0.9,0.0341,
2151,Switchboard,2.832,67.0,23.659,221.41,387,240,136.66,84.75,0.4496,0.4792,0.1387,29,6.259,2.901,7.513,28,-0.523,-0.052,28,0.5722,2.119,,,,2.472,,,2.119,0.353,6.003,7.05,2.472,0.0206,1.059
2152,Switchboard,8.366,209.0,24.983,197.35,988,663,118.1,79.25,0.3178,0.3575,0.1977,100,4.865,1.967,6.747,99,0.122,0.196,99,0.5719,6.455,,,,0.956,,,0.956,0.0,4.184,15.42,2.032,0.0025,
2153,Switchboard,9.207,143.0,15.531,183.98,650,1044,70.6,113.39,0.3615,0.3266,0.2267,66,7.734,2.975,9.722,65,0.591,0.465,65,0.4291,3.15,,,,0.109,,,0.109,0.0,1.303,2.98,3.693,0.002,
2154,Switchboard,9.994,87.0,8.705,154.99,821,728,82.15,72.84,0.3788,0.4203,0.2658,46,12.136,6.165,11.604,45,0.779,0.818,45,0.522,2.501,,,,0.5,,,0.5,0.0,0.8,2.56,0.3,0.0265,1.301
2155,Switchboard,10.011,119.0,11.887,219.46,795,1402,79.41,140.05,0.3233,0.2675,0.1106,34,17.537,5.591,23.904,33,0.061,0.105,33,0.399,5.594,,,,0.499,,,0.499,0.0,1.798,9.56,0.2,0.0159,0.1
2157,Switchboard,9.983,125.0,12.522,181.21,1345,464,134.73,46.48,0.2647,0.4871,0.2471,62,9.04,3.263,13.923,61,0.55,0.261,61,0.7207,2.003,,,,0.401,,,0.401,0.0,1.803,10.35,1.302,0.0297,2.104
2158,Switchboard,9.99,229.0,22.923,227.53,949,1324,94.99,132.53,0.3161,0.3066,0.1383,117,5.189,1.932,9.071,116,-0.083,0.05,116,0.4139,3.503,,,,1.301,,,1.301,0.0,5.305,17.17,0.601,0.0125,
2160,Switchboard,6.781,122.0,17.991,196.72,839,495,123.73,73.0,0.3159,0.4465,0.1554,60,6.808,1.966,11.539,59,-0.065,0.055,59,0.5447,3.392,,,,0.59,,,0.59,0.0,4.129,10.09,0.147,0.008,1.77
2161,Switchboard,5.611,156.0,27.8,194.25,523,567,93.2,101.04,0.4092,0.4321,0.0875,76,4.662,2.487,6.647,75,-0.291,-0.084,75,0.4876,3.208,,,,2.317,,,2.138,0.178,7.841,24.16,0.891,0.0269,
2162,Switchboard,10.009,231.0,23.079,186.83,1023,847,102.21,84.62,0.3392,0.3412,0.1146,106,5.844,3.157,8.146,105,-0.193,-0.035,105,0.5558,3.996,,,,1.698,,,1.698,0.0,6.194,28.27,1.299,0.0077,
2163,Switchboard,3.159,91.0,28.808,182.03,259,316,81.99,100.04,0.5367,0.481,0.1288,38,5.184,3.749,4.807,37,-0.298,-0.076,37,0.4954,5.698,,,,1.899,,,1.899,0.0,7.598,11.07,2.849,0.0271,0.317
2164,Switchboard,9.991,140.0,14.013,190.58,1273,631,127.42,63.16,0.2907,0.3534,0.202,68,8.675,2.756,11.338,67,0.118,0.178,67,0.6731,2.702,,,,0.701,,,0.701,0.0,3.103,13.02,0.601,0.0063,
2165,Switchboard,10.012,156.0,15.582,174.69,788,961,78.71,95.99,0.3731,0.3267,0.1657,54,10.63,5.723,11.123,53,0.481,0.337,53,0.4356,4.794,,,,0.499,,,0.499,0.0,1.498,8.56,2.697,0.0095,
2166,Switchboard,9.688,169.0,17.444,195.91,1080,818,111.48,84.43,0.3204,0.3301,0.2268,68,8.493,3.0,13.585,67,0.014,0.111,67,0.5743,4.645,,,,1.032,,,0.929,0.103,3.303,18.27,1.652,0.011,
2167,Switchboard,7.306,165.0,22.584,166.85,279,940,38.19,128.66,0.5484,0.3319,0.2559,93,4.445,1.926,6.672,92,0.244,0.214,92,0.2646,4.106,,,,1.095,,,1.095,0.0,3.832,9.35,0.958,0.0119,
2168,Switchboard,10.005,169.0,16.892,205.71,1038,1020,103.75,101.95,0.3256,0.3088,0.1807,89,6.581,2.998,9.155,88,0.159,0.167,88,0.5078,2.599,,,,0.7,,,0.7,0.0,3.398,13.99,1.299,0.0187,2.899
2169,Switchboard,9.992,184.0,18.414,237.48,1167,1206,116.79,120.69,0.2888,0.2637,0.1151,68,9.177,3.091,12.966,67,-0.387,-0.295,67,0.464,4.103,,,,2.202,,,2.002,0.2,4.604,27.1,1.101,0.0387,
2171,Switchboard,9.998,126.0,12.603,180.54,838,967,83.82,96.72,0.3126,0.3309,0.2459,62,9.432,5.553,10.997,61,0.211,0.205,61,0.4588,2.801,,,,0.5,,,0.4,0.1,2.0,6.23,1.2,0.0021,0.9
2172,Switchboard,9.981,203.0,20.338,234.44,1067,1273,106.9,127.54,0.3336,0.3111,0.151,106,5.471,3.903,5.103,105,0.175,0.152,105,0.4689,4.709,,,,0.902,,,0.902,0.0,3.607,11.96,1.202,0.0007,
2173,Switchboard,9.971,282.0,28.281,245.2,1410,1035,141.41,103.8,0.2709,0.3121,0.1052,102,6.014,2.138,8.53,101,-0.159,-0.067,101,0.58,7.421,,,,1.404,,,1.404,0.0,6.017,25.66,4.012,0.0111,
2174,Switchboard,9.996,65.0,6.502,195.67,601,1355,60.12,135.55,0.4642,0.2878,0.2587,37,15.596,8.645,18.283,36,0.581,0.871,36,0.3051,0.4,,,,0.3,,,0.3,0.0,0.6,1.65,0.7,0.007,
2175,Switchboard,9.994,159.0,15.909,213.32,1347,785,134.78,78.54,0.2546,0.2968,0.1284,56,10.818,4.723,13.081,55,-0.125,-0.068,55,0.6268,4.202,,,,1.001,,,1.001,0.0,3.602,15.56,1.301,0.0069,1.501
2176,Switchboard,9.999,202.0,20.202,215.82,1234,924,123.41,92.41,0.2731,0.3193,0.1603,93,6.24,2.286,8.597,92,0.192,0.19,92,0.542,3.9,,,,0.8,,,0.7,0.1,3.2,12.35,3.0,0.0037,
2177,Switchboard,4.788,158.0,33.001,213.67,538,485,112.37,101.3,0.3439,0.4247,0.1451,69,4.293,1.81,6.073,68,-0.169,0.021,68,0.5173,6.057,,,,1.462,,,1.253,0.209,7.519,15.39,2.506,0.0271,0.835
2178,Switchboard,8.413,176.0,20.921,179.85,685,828,81.43,98.42,0.3635,0.3454,0.1203,54,9.368,5.103,10.244,53,-0.081,-0.066,53,0.464,5.349,,,,0.713,,,0.594,0.119,4.16,13.81,3.685,0.0109,0.951
2179,Switchboard,9.998,249.0,24.905,224.84,1522,726,152.23,72.61,0.2707,0.3554,0.1466,111,5.564,2.76,6.868,110,-0.18,0.074,110,0.6249,5.801,,,,1.8,,,1.8,0.0,5.501,23.48,0.7,0.0126,
2180,Switchboard,8.678,74.0,8.527,168.24,982,478,113.16,55.08,0.3656,0.4121,0.1598,29,17.707,2.651,34.333,28,0.125,0.155,28,0.7141,3.111,,,,0.346,,,0.346,0.0,1.498,5.77,0.346,0.0008,0.346
2181,Switchboard,9.838,202.0,20.533,212.45,1480,610,150.44,62.01,0.2872,0.3541,0.1511,64,9.222,3.284,15.035,63,-0.048,-0.159,63,0.6791,5.591,,,,1.118,,,1.118,0.0,3.964,19.07,2.135,0.0204,0.712
2182,Switchboard,10.013,62.0,6.192,185.55,867,991,86.59,98.97,0.3702,0.2906,0.1853,23,26.105,7.287,34.097,22,-0.003,0.244,22,0.4828,1.897,,,,0.399,,,0.399,0.0,0.799,4.89,0.699,0.0043,
2184,Switchboard,7.716,166.0,21.513,173.53,675,664,87.48,86.05,0.3748,0.3675,0.179,58,7.829,2.395,13.12,57,0.102,0.024,57,0.5137,6.739,,,,0.648,,,0.518,0.13,3.758,11.89,2.592,0.0129,1.037
2185,Switchboard,10.01,116.0,11.589,200.31,593,1412,59.24,141.06,0.3862,0.2826,0.1598,56,10.588,3.641,18.545,55,0.115,0.163,55,0.2895,2.298,,,,0.2,,,0.2,0.0,1.299,5.42,1.698,0.0056,1.698
2186,Switchboard,9.997,138.0,13.804,193.05,718,1212,71.82,121.23,0.3398,0.2913,0.1686,78,7.553,4.187,8.871,77,0.117,0.149,77,0.3388,1.7,,,,0.4,,,0.4,0.0,2.601,11.52,1.0,0.004,
2187,Switchboard,9.974,200.0,20.052,202.22,1593,424,159.71,42.51,0.2624,0.375,0.1285,94,6.627,2.985,9.526,93,-0.285,-0.139,93,0.7679,2.306,,,,1.805,,,1.704,0.1,6.016,25.37,1.303,0.0094,1.303
2189,Switchboard,5.378,78.0,14.504,189.11,682,335,126.82,62.29,0.4194,0.4866,0.1879,47,6.53,3.211,6.694,46,0.291,0.203,46,0.661,1.674,,,,0.372,,,0.372,0.0,1.302,4.02,2.417,0.0027,
2190,Switchboard,9.988,146.0,14.618,224.27,1126,1114,112.74,111.53,0.2913,0.2989,0.1491,82,7.35,4.258,8.413,81,-0.057,0.039,81,0.4863,1.402,,,,0.501,,,0.501,0.0,4.105,15.25,0.2,0.0049,1.802
2191,Switchboard,5.643,92.0,16.303,167.1,504,439,89.31,77.79,0.381,0.4191,0.1871,30,11.066,3.323,17.598,29,0.072,0.194,29,0.5182,6.202,,,,0.354,,,0.354,0.0,1.595,3.14,2.126,0.0071,1.063
2193,Switchboard,9.983,198.0,19.834,226.48,1036,1225,103.78,122.71,0.2548,0.3151,0.1795,99,6.109,3.699,5.988,98,-0.069,0.046,98,0.524,3.005,,,,0.801,,,0.801,0.0,4.508,20.61,1.603,0.0092,
2194,Switchboard,8.913,126.0,14.137,197.69,1217,545,136.55,61.15,0.3073,0.4275,0.1744,62,8.415,3.724,10.902,61,0.174,0.146,61,0.7091,2.805,,,,0.337,,,0.337,0.0,2.132,5.35,0.785,0.01,
2195,Switchboard,4.786,60.0,12.536,163.81,361,423,75.43,88.38,0.5014,0.3924,0.1895,25,11.081,3.728,12.847,24,0.22,0.088,24,0.5135,2.507,,,,0.209,,,0.209,0.0,2.507,3.62,1.671,0.0167,
2196,Switchboard,9.059,102.0,11.259,215.25,1345,605,148.47,66.78,0.31,0.4132,0.1272,38,14.346,2.996,29.757,37,-0.102,-0.021,37,0.7017,3.091,,,,0.552,,,0.552,0.0,2.318,7.68,1.325,0.0048,
2197,Switchboard,9.977,160.0,16.037,200.16,916,1081,91.81,108.35,0.3308,0.3423,0.1709,54,11.388,6.707,13.103,53,-0.326,-0.154,53,0.447,5.011,,,,1.002,,,0.902,0.1,4.109,17.28,0.902,0.0065,0.601
2198,Switchboard,10.011,221.0,22.075,237.23,943,1432,94.19,143.04,0.2906,0.2339,0.146,109,5.6,2.087,7.151,108,-0.101,0.062,108,0.4071,5.094,,,,1.199,,,1.199,0.0,4.894,18.03,0.4,0.0073,
2199,Switchboard,9.998,220.0,22.005,254.96,1294,1255,129.43,125.53,0.2983,0.2948,0.1399,97,6.206,3.089,7.71,96,-0.037,0.063,96,0.5148,5.001,,,,0.9,,,0.9,0.0,4.901,16.59,2.0,0.0026,
2201,Switchboard,9.99,177.0,17.718,214.62,885,1259,88.59,126.03,0.3164,0.2597,0.2238,92,6.507,2.809,8.188,91,-0.023,-0.015,91,0.4659,1.602,,,,1.101,,,1.101,0.0,5.105,18.76,1.301,0.0049,
2202,Switchboard,10.009,288.0,28.775,203.32,1077,958,107.61,95.72,0.338,0.3361,0.1448,144,4.213,2.265,5.441,143,-0.048,0.064,143,0.5418,5.795,,,,1.399,,,1.399,0.0,6.694,23.63,1.299,0.0067,
2203,Switchboard,9.994,344.0,34.42,214.92,1244,904,124.47,90.45,0.3047,0.3429,0.1027,159,4.029,2.574,4.252,158,-0.266,-0.166,158,0.5787,3.502,,,,2.101,,,2.001,0.1,10.806,43.15,3.402,0.0074,
2204,Switchboard,6.159,66.0,10.717,153.44,359,586,58.29,95.15,0.4903,0.3618,0.277,24,14.591,4.691,17.086,23,0.671,0.54,23,0.3879,3.247,,,,0.325,,,0.325,0.0,0.974,1.59,1.624,0.0091,
2205,Switchboard,8.036,96.0,11.947,203.6,647,989,80.52,123.08,0.3725,0.3225,0.1406,39,12.287,7.568,12.196,38,-0.038,0.12,38,0.4189,2.738,,,,0.498,,,0.498,0.0,1.618,6.42,0.871,0.0189,1.369
2206,Switchboard,9.999,212.0,21.202,190.92,1062,847,106.21,84.71,0.3098,0.3294,0.2465,105,5.146,3.384,5.296,104,0.565,0.348,104,0.5147,5.301,,,,0.9,,,0.9,0.0,2.5,9.85,1.6,0.0132,
2220,Switchboard,9.999,180.0,18.002,195.62,838,1118,83.81,111.81,0.3819,0.2737,0.2017,82,7.254,2.658,10.243,81,0.037,0.082,81,0.4223,2.6,,,,0.8,,,0.8,0.0,3.8,14.19,1.8,0.0111,1.8
2221,Switchboard,9.997,158.0,15.805,205.57,904,1151,90.43,115.14,0.3053,0.298,0.1874,75,8.087,3.65,11.025,74,-0.122,0.036,74,0.4837,3.401,,,,0.8,,,0.6,0.2,4.001,18.96,0.1,0.006,0.8
2222,Switchboard,5.764,115.0,19.951,181.29,642,403,111.38,69.91,0.3832,0.4541,0.1701,59,5.573,2.91,6.64,58,0.247,0.166,58,0.5196,3.123,,,,0.0,,,0.0,0.0,3.47,5.36,1.908,0.0062,
2223,Switchboard,5.394,70.0,12.978,214.69,904,254,167.6,47.09,0.3285,0.4764,0.1785,34,9.326,1.666,15.477,33,0.103,0.181,33,0.7604,2.41,,,,0.556,,,0.556,0.0,2.596,4.45,0.371,0.0142,
2224,Switchboard,9.742,219.0,22.481,262.79,1764,796,181.08,81.71,0.2642,0.304,0.1112,104,5.925,3.073,7.498,103,-0.336,-0.088,103,0.6767,3.388,,,,1.642,,,1.437,0.205,6.775,27.02,1.232,0.0028,
2226,Switchboard,8.348,267.0,31.984,182.32,713,809,85.41,96.91,0.3773,0.267,0.1913,121,4.105,2.031,5.377,120,0.001,0.009,120,0.5047,4.552,,,,0.359,,,0.359,0.0,7.307,17.37,2.995,0.0255,1.318
2227,Switchboard,5.783,180.0,31.124,250.03,1096,350,189.51,60.52,0.2774,0.4029,0.1505,88,3.984,1.705,6.035,87,-0.073,0.122,87,0.7465,4.669,,,,1.383,,,1.21,0.173,6.052,13.1,3.977,0.0092,2.594
2228,Switchboard,9.974,94.0,9.424,183.07,729,1097,73.09,109.98,0.3045,0.3437,0.2087,36,16.094,9.768,18.648,35,0.515,0.494,35,0.4057,3.008,,,,0.201,,,0.201,0.0,1.003,4.16,0.501,0.01,1.103
2229,Switchboard,7.748,204.0,26.329,204.18,937,645,120.93,83.25,0.3351,0.3752,0.1429,109,4.278,3.25,4.573,108,-0.043,0.133,108,0.5192,2.065,,,,1.936,,,1.807,0.129,5.679,23.04,2.323,0.0239,2.065
2230,Switchboard,9.627,100.0,10.388,201.63,997,944,103.57,98.06,0.346,0.3581,0.1773,40,14.188,5.445,17.138,39,0.21,0.156,39,0.4978,3.843,,,,0.416,,,0.416,0.0,1.35,6.63,0.831,0.0013,
2231,Switchboard,6.735,126.0,18.707,216.02,445,1010,66.07,149.95,0.4202,0.3149,0.1888,55,7.504,3.859,8.609,54,-0.206,-0.031,54,0.3919,4.306,,,,1.485,,,1.485,0.0,4.603,18.67,0.148,0.0114,0.594
2232,Switchboard,9.984,92.0,9.215,209.04,1229,858,123.1,85.94,0.2889,0.3147,0.1589,37,16.149,6.73,21.526,36,0.022,0.179,36,0.5838,3.105,,,,0.401,,,0.401,0.0,1.603,6.23,0.3,0.0052,2.404
2233,Switchboard,9.985,128.0,12.819,190.38,620,1281,62.09,128.29,0.3758,0.281,0.23,60,9.661,3.201,13.001,59,0.31,0.357,59,0.3895,3.806,,,,0.601,,,0.501,0.1,1.402,5.39,0.601,0.0069,
2234,Switchboard,8.535,87.0,10.193,188.86,1070,542,125.36,63.5,0.2636,0.3948,0.1899,26,19.58,4.12,28.309,25,-0.095,0.222,25,0.6908,3.046,,,,0.234,,,0.234,0.0,1.054,4.01,1.406,0.0234,0.469
2235,Switchboard,10.012,107.0,10.688,197.17,648,1326,64.72,132.45,0.4383,0.2738,0.1628,46,12.844,3.122,21.334,45,0.201,0.25,45,0.3324,2.597,,,,0.1,,,0.1,0.0,1.498,6.17,1.298,0.0101,1.698
2236,Switchboard,9.574,103.0,10.758,162.42,604,951,63.09,99.33,0.399,0.3912,0.1899,46,12.184,4.928,13.145,45,0.264,0.226,45,0.3895,3.238,,,,0.209,,,0.209,0.0,1.149,3.67,1.149,0.0031,
2237,Switchboard,10.013,350.0,34.955,216.62,940,1229,93.88,122.74,0.3191,0.2889,0.174,159,3.989,2.204,4.743,158,-0.223,-0.177,158,0.4932,5.093,,,,2.197,,,2.097,0.1,10.287,45.22,1.398,0.0172,2.697
2238,Switchboard,9.994,179.0,17.911,222.84,861,1366,86.15,136.69,0.3635,0.2767,0.0711,62,10.006,2.909,16.262,61,-0.351,-0.197,61,0.4436,6.104,,,,1.801,,,1.701,0.1,4.203,20.37,0.801,0.0071,
2239,Switchboard,4.762,101.0,21.209,187.52,397,496,83.37,104.15,0.3929,0.373,0.2207,49,5.694,2.331,7.007,48,0.075,0.115,48,0.4295,2.1,,,,1.68,,,1.26,0.42,5.25,10.81,2.52,0.0156,
2240,Switchboard,9.998,179.0,17.904,213.45,998,1136,99.82,113.62,0.2846,0.25,0.1785,86,7.163,2.64,10.557,85,-0.202,0.037,85,0.4851,4.501,,,,1.3,,,1.3,0.0,4.301,22.39,0.2,0.006,
2241,Switchboard,9.993,131.0,13.109,197.63,1237,738,123.78,73.85,0.2902,0.3523,0.2113,47,12.535,3.355,19.714,46,0.212,0.277,46,0.5799,5.604,,,,0.4,,,0.4,0.0,1.101,4.02,1.201,0.0036,0.901
2242,Switchboard,6.879,171.0,24.857,235.19,1101,517,160.04,75.15,0.3052,0.3965,0.1419,74,5.728,2.361,8.035,73,-0.214,-0.014,73,0.6711,4.797,,,,1.454,,,1.308,0.145,6.251,12.03,1.599,0.02,
2243,Switchboard,9.992,156.0,15.613,178.45,1254,529,125.5,52.94,0.3054,0.3951,0.1878,55,10.469,4.44,15.191,54,0.423,0.215,54,0.6823,4.304,,,,0.4,,,0.4,0.0,2.202,6.3,3.002,0.0047,
2244,Switchboard,4.439,100.0,22.525,181.78,272,535,61.27,120.51,0.5037,0.3514,0.1817,40,6.441,2.154,10.179,39,0.124,0.19,39,0.3695,3.604,,,,0.451,,,0.451,0.0,3.379,4.83,2.253,0.0315,1.802
2245,Switchboard,9.985,322.0,32.25,208.52,1283,799,128.5,80.02,0.3133,0.3705,0.0975,138,4.432,2.889,4.422,137,-0.096,-0.037,137,0.5686,4.607,,,,1.102,,,1.002,0.1,8.012,31.39,3.806,0.0225,
2246,Switchboard,9.867,146.0,14.797,182.94,702,1103,71.15,111.79,0.386,0.3191,0.1853,58,10.256,4.087,14.155,57,-0.064,-0.026,57,0.3928,3.547,,,,0.811,,,0.811,0.0,3.142,11.49,1.216,0.01,
2247,Switchboard,5.958,64.0,10.742,149.54,575,316,96.51,53.04,0.4296,0.4905,0.3116,34,9.536,4.49,11.793,33,0.899,0.74,33,0.6556,4.196,,,,0.0,,,0.0,0.0,0.336,0.56,0.336,0.0013,1.175
2248,Switchboard,6.469,189.0,29.217,204.52,638,685,98.63,105.89,0.3339,0.3358,0.1045,76,5.303,2.922,6.021,75,-0.233,-0.077,75,0.5105,6.647,,,,2.319,,,2.01,0.309,7.42,24.25,2.628,0.0088,1.082
2249,Switchboard,9.985,133.0,13.32,188.29,1231,649,123.29,65.0,0.3079,0.3421,0.135,59,10.093,6.23,10.375,58,0.057,0.103,58,0.6623,3.906,,,,0.2,,,0.2,0.0,2.103,6.42,0.901,0.0022,0.3
2250,Switchboard,5.909,114.0,19.293,220.01,431,869,72.94,147.07,0.3712,0.3234,0.1795,57,6.194,2.74,7.502,56,-0.052,0.096,56,0.3505,3.554,,,,0.846,,,0.846,0.0,5.246,10.73,0.338,0.0061,
2251,Switchboard,7.409,86.0,11.608,192.47,352,1074,47.51,144.96,0.3892,0.3361,0.193,34,12.655,2.514,18.387,33,0.375,0.298,33,0.2174,3.509,,,,0.405,,,0.405,0.0,1.08,4.35,1.89,0.0025,
2252,Switchboard,9.997,152.0,15.205,211.07,949,1161,94.93,116.14,0.3519,0.2946,0.1657,59,10.205,3.305,12.872,58,-0.06,0.072,58,0.4614,3.801,,,,0.6,,,0.6,0.0,2.901,12.13,0.9,0.0128,0.6
2253,Switchboard,9.971,209.0,20.96,209.1,890,1195,89.26,119.85,0.3573,0.323,0.152,92,6.631,3.358,8.569,91,-0.137,0.086,91,0.4496,3.711,,,,1.404,,,1.304,0.1,3.911,17.37,2.908,0.0122,2.206
2254,Switchboard,10.011,326.0,32.565,218.57,1325,863,132.36,86.21,0.2709,0.3013,0.1109,131,4.924,2.296,6.678,130,-0.379,-0.2,130,0.5636,6.493,,,,2.897,,,2.697,0.2,9.49,42.32,1.399,0.025,
2255,Switchboard,9.981,286.0,28.654,233.34,1229,1100,123.13,110.21,0.3263,0.2664,0.1511,148,4.009,2.688,4.211,147,0.033,0.109,147,0.4898,4.508,,,,1.503,,,1.302,0.2,6.212,26.54,2.405,0.004,
2256,Switchboard,6.058,142.0,23.441,170.03,465,565,76.76,93.27,0.428,0.4,0.2564,59,5.733,2.199,8.186,58,0.354,0.23,58,0.3994,6.438,,,,0.825,,,0.825,0.0,3.632,7.64,2.311,0.011,
2257,Switchboard,10.0,154.0,15.401,227.61,764,1512,76.4,151.21,0.2984,0.3042,0.1964,73,8.129,4.83,9.907,72,0.076,0.16,72,0.3669,3.4,,,,0.6,,,0.6,0.0,3.0,12.62,0.8,0.008,
2258,Switchboard,10.017,316.0,31.548,226.03,1541,723,153.85,72.18,0.2732,0.3361,0.1454,153,3.989,1.96,5.22,152,-0.065,0.011,152,0.6047,4.193,,,,1.997,,,1.897,0.1,7.887,33.94,2.995,0.008,
2259,Switchboard,6.108,59.0,9.66,138.51,272,574,44.53,93.98,0.4926,0.3641,0.3142,22,15.908,2.485,21.378,21,0.588,0.352,21,0.313,2.456,,,,0.164,,,0.164,0.0,0.491,1.02,1.965,0.0119,0.327
2260,Switchboard,9.925,258.0,25.996,204.04,969,1056,97.63,106.4,0.322,0.3201,0.1341,129,4.7,1.577,8.866,128,-0.109,-0.005,128,0.5229,4.03,,,,1.008,,,1.008,0.0,7.053,21.22,0.705,0.0083,1.814
2261,Switchboard,8.24,53.0,6.432,141.51,668,498,81.07,60.44,0.4177,0.506,0.2859,31,14.268,8.89,14.903,30,1.576,1.471,30,0.6412,1.092,,,,0.121,,,0.121,0.0,0.607,1.43,0.485,0.0166,
2262,Switchboard,9.207,149.0,16.183,178.34,914,728,99.27,79.07,0.3118,0.3489,0.1743,54,9.985,4.522,12.232,53,0.198,0.138,53,0.5613,6.191,,,,0.217,,,0.217,0.0,1.846,4.57,1.412,0.0058,1.303
2263,Switchboard,5.731,154.0,26.872,191.77,587,512,102.43,89.34,0.3731,0.3594,0.213,89,3.542,1.929,4.009,88,0.282,0.116,88,0.6425,4.362,,,,0.0,,,0.0,0.0,4.711,5.49,1.396,0.0105,2.966
2264,Switchboard,4.226,106.0,25.083,263.6,697,417,164.93,98.67,0.3372,0.4556,0.0807,44,6.083,2.585,8.922,43,-0.434,-0.114,43,0.636,2.366,,,,2.366,,,2.366,0.0,7.809,15.61,1.42,0.0356,1.42
2265,Switchboard,4.81,75.0,15.592,182.53,424,454,88.14,94.38,0.5024,0.4471,0.2023,33,8.594,2.99,10.92,32,0.056,0.044,32,0.5243,2.287,,,,0.0,,,0.0,0.0,2.703,4.2,0.832,0.041,0.624
2266,Switchboard,4.308,115.0,26.693,235.36,542,472,125.81,109.56,0.4299,0.4364,0.1322,49,5.334,2.62,8.872,48,-0.133,0.031,48,0.5256,5.339,,,,1.393,,,1.393,0.0,5.803,9.49,2.089,0.0118,0.464
2267,Switchboard,9.991,195.0,19.518,203.48,965,1068,96.59,106.9,0.3098,0.3193,0.1365,70,8.652,3.706,12.373,69,-0.101,-0.081,69,0.4555,5.505,,,,1.101,,,1.001,0.1,4.204,17.64,2.702,0.0011,
2268,Switchboard,7.508,180.0,23.975,204.19,754,779,100.43,103.76,0.3621,0.3042,0.1259,80,5.689,2.314,7.771,79,-0.087,-0.003,79,0.4765,5.061,,,,0.799,,,0.799,0.0,5.861,16.06,1.066,0.0219,1.199
2269,Switchboard,10.01,71.0,7.093,202.61,1432,596,143.06,59.54,0.2947,0.3993,0.174,25,23.718,17.577,27.611,24,0.296,0.295,24,0.7241,2.797,,,,0.1,,,0.1,0.0,0.4,1.6,0.799,0.0032,
2270,Switchboard,6.165,144.0,23.358,233.91,857,585,139.01,94.89,0.2917,0.3846,0.1596,48,7.844,3.6,11.136,47,-0.219,-0.176,47,0.6011,5.84,,,,1.298,,,1.135,0.162,6.164,13.0,1.298,0.0158,
2271,Switchboard,4.162,96.0,23.066,170.83,197,514,47.33,123.5,0.5381,0.4669,0.2875,55,3.987,2.661,3.625,54,0.527,0.378,54,0.3116,2.162,,,,0.481,,,0.481,0.0,2.883,4.55,2.403,0.0123,
2272,Switchboard,7.247,124.0,17.111,186.29,468,882,64.58,121.71,0.4209,0.3039,0.1685,48,9.064,2.004,12.899,47,-0.08,-0.048,47,0.3689,5.244,,,,0.828,,,0.828,0.0,4.002,11.54,1.104,0.0032,
2273,Switchboard,10.003,193.0,19.295,233.84,1541,798,154.06,79.78,0.2395,0.3496,0.1273,80,7.621,3.209,9.353,79,-0.152,0.121,79,0.6157,2.699,,,,1.0,,,0.8,0.2,3.899,19.16,3.899,0.0096,
2274,Switchboard,7.187,151.0,21.009,206.05,742,739,103.24,102.82,0.3504,0.3288,0.1371,62,7.166,2.963,9.085,61,-0.272,-0.169,61,0.508,5.009,,,,1.948,,,1.948,0.0,5.704,23.48,0.974,0.0083,
2275,Switchboard,8.295,165.0,19.891,226.27,1205,672,145.26,81.01,0.2896,0.378,0.1436,75,6.754,2.545,9.772,74,-0.16,0.021,74,0.6523,4.46,,,,0.844,,,0.844,0.0,4.34,12.51,1.808,0.0032,0.723
2276,Switchboard,5.21,150.0,28.792,222.85,774,387,148.57,74.28,0.3708,0.4522,0.1663,69,4.617,2.658,5.194,68,-0.131,0.066,68,0.6697,5.183,,,,1.536,,,1.536,0.0,6.91,14.06,0.576,0.0197,
2277,Switchboard,9.979,158.0,15.833,207.73,660,1413,66.14,141.59,0.3636,0.247,0.1812,83,7.092,3.095,8.339,82,0.115,0.161,82,0.3245,3.407,,,,0.401,,,0.401,0.0,2.906,11.26,1.002,0.0011,
2278,Switchboard,9.986,235.0,23.533,243.95,987,1449,98.84,145.11,0.3485,0.2754,0.1359,109,5.551,3.38,6.333,108,-0.071,0.128,108,0.4245,4.406,,,,1.202,,,1.202,0.0,4.506,17.54,2.904,0.0069,2.303
2279,Switchboard,8.799,188.0,21.366,219.0,1386,541,157.52,61.48,0.2352,0.3845,0.1344,89,5.895,2.656,8.534,88,0.002,0.058,88,0.649,5.114,,,,0.682,,,0.682,0.0,4.887,14.09,0.568,0.0079,1.818
2280,Switchboard,3.863,103.0,26.663,227.8,413,467,106.91,120.89,0.385,0.3704,0.1356,52,4.384,2.836,3.987,51,0.003,0.07,51,0.5229,4.401,,,,0.777,,,0.777,0.0,5.177,8.33,2.847,0.0047,
2281,Switchboard,9.984,214.0,21.434,238.98,1306,1080,130.81,108.17,0.2902,0.3352,0.1361,114,5.246,3.276,5.257,113,0.003,0.109,113,0.5389,2.804,,,,1.002,,,1.002,0.0,4.707,19.22,1.002,0.014,
2282,Switchboard,9.998,112.0,11.203,198.85,997,991,99.72,99.12,0.321,0.3461,0.1858,61,9.548,5.582,9.481,60,0.28,0.38,60,0.5025,1.8,,,,0.7,,,0.6,0.1,1.6,6.9,0.9,0.0059,
2283,Switchboard,9.978,166.0,16.637,201.65,1309,703,131.19,70.46,0.2903,0.3727,0.1469,71,8.508,3.188,11.295,70,-0.088,-0.017,70,0.6456,3.107,,,,0.802,,,0.802,0.0,3.809,14.8,1.503,0.0078,0.501
2284,Switchboard,9.814,150.0,15.285,210.42,1661,404,169.25,41.17,0.245,0.4381,0.1349,51,11.559,1.65,23.658,50,-0.073,-0.062,50,0.735,3.159,,,,0.204,,,0.204,0.0,3.159,7.9,3.159,0.0079,
2285,Switchboard,10.004,106.0,10.595,193.61,1002,935,100.16,93.46,0.3343,0.3176,0.1508,36,16.863,5.659,18.979,35,-0.214,-0.176,35,0.5345,3.698,,,,0.5,,,0.5,0.0,2.199,7.05,0.6,0.0029,0.3
2286,Switchboard,10.006,167.0,16.69,161.4,1005,610,100.44,60.96,0.3095,0.377,0.2696,80,7.359,2.211,13.55,79,0.105,0.236,79,0.6081,2.299,,,,1.299,,,1.199,0.1,3.798,16.32,1.599,0.0087,
2287,Switchboard,7.75,152.0,19.613,196.9,539,987,69.55,127.35,0.3859,0.2928,0.1539,67,6.839,4.187,8.493,66,0.037,-0.01,66,0.3437,3.742,,,,0.387,,,0.387,0.0,4.645,9.25,2.194,0.0062,0.516
2288,Switchboard,9.983,211.0,21.135,196.62,785,1178,78.63,117.99,0.2548,0.2615,0.1221,69,9.014,2.892,10.355,68,-0.347,-0.181,68,0.4163,4.407,,,,1.502,,,1.502,0.0,4.908,24.53,3.906,0.0134,
2289,Switchboard,9.992,106.0,10.608,197.85,1113,864,111.39,86.47,0.2812,0.3484,0.1295,54,11.106,5.198,13.712,53,-0.015,0.047,53,0.573,1.501,,,,0.3,,,0.3,0.0,2.502,8.11,0.6,0.0048,0.801
2290,Switchboard,9.981,155.0,15.529,168.01,894,783,89.57,78.45,0.3132,0.3423,0.2226,54,10.909,3.027,16.793,53,0.172,0.204,53,0.5406,3.507,,,,0.2,,,0.2,0.0,1.603,6.81,4.609,0.004,1.803
2291,Switchboard,8.692,91.0,10.469,176.36,736,797,84.67,91.69,0.3832,0.3225,0.1527,38,13.243,6.211,14.917,37,0.435,0.168,37,0.5435,3.911,,,,0.115,,,0.115,0.0,1.381,3.1,0.115,0.005,
2292,Switchboard,9.79,155.0,15.832,192.64,1007,879,102.86,89.79,0.292,0.3367,0.1863,65,8.957,4.038,11.272,64,0.025,0.06,64,0.5412,3.269,,,,0.409,,,0.409,0.0,2.758,10.09,2.349,0.0062,0.511
2293,Switchboard,6.903,67.0,9.706,185.72,383,899,55.49,130.24,0.329,0.3192,0.1968,26,15.587,6.257,20.706,25,0.204,0.154,25,0.3059,3.332,,,,0.145,,,0.145,0.0,1.304,2.9,0.869,0.0103,0.29
2294,Switchboard,9.996,79.0,7.903,176.97,972,797,97.24,79.73,0.3148,0.4504,0.2841,52,10.897,4.211,18.08,51,0.606,0.506,51,0.5575,0.9,,,,0.6,,,0.6,0.0,1.401,7.93,0.3,0.0017,
2295,Switchboard,6.326,151.0,23.87,184.8,564,605,89.16,95.64,0.344,0.3851,0.164,60,6.646,3.579,7.181,59,-0.384,-0.217,59,0.4973,4.426,,,,2.687,,,2.529,0.158,7.43,22.38,1.581,0.0087,0.316
2296,Switchboard,4.324,64.0,14.8,179.22,379,396,87.64,91.58,0.4802,0.4621,0.2017,30,8.143,4.023,8.681,29,0.405,0.346,29,0.4967,3.469,,,,0.0,,,0.0,0.0,1.156,0.7,1.156,0.0097,1.85
2297,Switchboard,9.994,140.0,14.009,219.94,1490,708,149.1,70.85,0.2577,0.4138,0.1683,56,10.623,3.388,15.414,55,0.071,0.134,55,0.6397,3.502,,,,0.5,,,0.5,0.0,2.502,8.44,2.201,0.0029,
2298,Switchboard,5.883,80.0,13.598,163.17,487,473,82.78,80.4,0.4784,0.4292,0.2542,43,7.732,5.525,9.59,42,0.415,0.294,42,0.4918,2.21,,,,0.17,,,0.17,0.0,1.87,4.97,1.53,0.007,
2299,Switchboard,6.248,141.0,22.567,232.55,745,708,119.23,113.31,0.3329,0.3164,0.1322,63,6.096,3.763,7.051,62,-0.227,-0.029,62,0.4949,5.282,,,,1.12,,,1.12,0.0,5.922,11.96,0.32,0.0085,0.96
2300,Switchboard,10.017,102.0,10.183,221.22,1154,1062,115.2,106.02,0.3042,0.3333,0.1335,32,18.577,2.658,29.955,31,0.187,0.15,31,0.5256,4.792,,,,0.0,,,0.0,0.0,0.998,2.62,0.499,0.0059,0.699
2301,Switchboard,3.953,87.0,22.01,206.44,310,506,78.43,128.01,0.4774,0.3913,0.2468,38,6.006,1.897,8.804,37,0.102,0.084,37,0.412,6.325,,,,0.506,,,0.506,0.0,4.048,3.79,1.265,0.0091,0.759
2302,Switchboard,6.833,91.0,13.318,167.14,461,681,67.47,99.67,0.3731,0.3891,0.2191,41,9.981,1.773,17.064,40,-0.08,0.162,40,0.4105,2.781,,,,0.146,,,0.146,0.0,2.634,7.75,1.024,0.0098,0.439
2303,Switchboard,9.986,147.0,14.721,211.5,1322,790,132.39,79.11,0.2534,0.3759,0.1672,76,7.66,2.998,9.95,75,0.216,0.24,75,0.5657,2.303,,,,0.2,,,0.1,0.1,2.604,7.53,1.702,0.0029,1.502
2304,Switchboard,6.632,197.0,29.705,229.5,937,585,141.29,88.21,0.3501,0.3419,0.1221,97,4.166,1.864,6.768,96,-0.096,-0.026,96,0.6174,5.579,,,,1.508,,,1.508,0.0,8.444,18.41,0.302,0.0053,2.413
2305,Switchboard,9.982,203.0,20.336,185.63,926,927,92.77,92.87,0.3251,0.2967,0.1992,79,7.579,2.952,11.612,78,-0.005,-0.084,78,0.4946,4.608,,,,1.002,,,1.002,0.0,4.608,20.03,2.104,0.0105,1.002
2306,Switchboard,10.002,194.0,19.396,198.66,984,1003,98.38,100.28,0.3506,0.3011,0.09,84,7.256,3.775,10.157,83,-0.126,-0.093,83,0.5633,2.999,,,,0.7,,,0.7,0.0,5.299,16.36,2.0,0.0085,
2307,Switchboard,7.444,173.0,23.24,223.26,942,720,126.54,96.72,0.3036,0.3472,0.0931,75,6.337,2.57,7.981,74,-0.43,-0.339,74,0.5076,4.433,,,,1.343,,,1.343,0.0,7.12,24.0,0.806,0.0054,
2308,Switchboard,10.013,50.0,4.994,188.36,1289,597,128.73,59.62,0.2995,0.3836,0.1604,17,35.162,16.164,57.522,16,0.129,0.17,16,0.7052,1.298,,,,0.0,,,0.0,0.0,0.599,1.51,0.599,0.006,0.499
2309,Switchboard,6.174,117.0,18.951,215.26,519,810,84.06,131.2,0.4393,0.3642,0.1603,62,5.909,4.273,6.41,61,0.03,0.096,61,0.4056,3.401,,,,0.486,,,0.486,0.0,3.887,6.72,0.162,0.0093,1.62
2310,Switchboard,9.995,97.0,9.704,203.79,1290,747,129.06,74.73,0.3209,0.344,0.18,37,16.204,3.353,23.255,36,0.004,0.082,36,0.5852,2.301,,,,0.2,,,0.2,0.0,1.501,6.01,2.101,0.0006,
2311,Switchboard,9.14,228.0,24.945,199.01,1123,696,122.86,76.15,0.3054,0.3534,0.1117,93,6.077,3.159,6.87,92,-0.222,-0.026,92,0.6015,4.705,,,,1.203,,,0.985,0.219,6.017,18.82,1.422,0.0226,
2312,Switchboard,8.092,162.0,20.019,197.22,793,803,97.99,99.23,0.3039,0.3126,0.2051,75,6.285,2.857,7.543,74,0.146,0.124,74,0.4728,3.089,,,,0.618,,,0.494,0.124,4.201,12.73,1.73,0.0133,
2313,Switchboard,8.678,132.0,15.211,207.31,1272,527,146.58,60.73,0.2925,0.3833,0.1722,66,7.741,3.46,11.818,65,0.101,0.039,65,0.7104,2.65,,,,0.576,,,0.576,0.0,3.572,12.84,0.576,0.0047,1.498
2314,Switchboard,7.496,106.0,14.142,174.5,708,600,94.46,80.05,0.3757,0.3617,0.2156,46,9.106,4.874,11.135,45,0.603,0.493,45,0.5265,4.936,,,,0.267,,,0.267,0.0,1.868,4.44,0.534,0.0045,1.601
2315,Switchboard,10.004,122.0,12.195,210.01,1522,579,152.13,57.87,0.2562,0.3869,0.1397,57,10.589,4.616,15.374,56,-0.071,0.125,56,0.7735,2.899,,,,0.6,,,0.6,0.0,2.499,8.38,0.8,0.0033,
2316,Switchboard,9.976,83.0,8.32,182.95,1091,734,109.37,73.58,0.3034,0.346,0.1996,43,13.783,9.013,14.118,42,0.115,0.256,42,0.6422,1.303,,,,0.501,,,0.501,0.0,1.403,7.66,0.601,0.0091,0.802
2317,Switchboard,9.987,312.0,31.24,217.98,997,1180,99.83,118.15,0.2839,0.2873,0.1302,134,4.515,2.294,6.129,133,-0.046,0.023,133,0.4518,6.408,,,,2.003,,,2.003,0.0,7.109,26.84,4.105,0.0022,
2318,Switchboard,10.021,99.0,9.879,179.42,1144,654,114.16,65.26,0.2998,0.3945,0.1809,49,12.223,6.67,20.23,48,0.025,0.231,48,0.6282,1.996,,,,0.599,,,0.599,0.0,1.397,8.48,0.798,0.0066,
2319,Switchboard,8.664,195.0,22.506,200.13,927,807,106.99,93.14,0.3161,0.4114,0.147,104,4.908,2.756,5.251,103,0.059,0.156,103,0.5871,3.578,,,,1.5,,,1.5,0.0,4.617,17.18,1.5,0.007,
2320,Switchboard,7.837,111.0,14.164,204.8,635,970,81.03,123.77,0.3937,0.3072,0.2616,55,8.011,6.33,12.637,54,0.49,0.413,54,0.3638,3.956,,,,0.128,,,0.128,0.0,1.659,4.93,0.51,0.0108,
2323,Switchboard,6.458,76.0,11.768,194.95,271,988,41.96,152.99,0.4207,0.3077,0.2073,21,18.069,3.74,32.499,20,0.254,0.161,20,0.2523,5.884,,,,0.31,,,0.31,0.0,1.394,1.78,0.155,0.0066,1.084
2324,Switchboard,5.098,106.0,20.794,218.53,583,531,114.37,104.16,0.3756,0.3917,0.1173,35,8.862,3.368,12.368,34,-0.18,0.044,34,0.5256,4.904,,,,1.569,,,1.569,0.0,3.923,10.84,2.943,0.0224,0.785
2325,Switchboard,9.88,232.0,23.482,250.41,1533,941,155.16,95.24,0.2674,0.3231,0.0608,91,6.945,3.014,9.667,90,-0.496,-0.197,90,0.6052,4.454,,,,2.733,,,2.429,0.304,7.591,38.93,1.113,0.0124,1.012
2326,Switchboard,5.887,100.0,16.986,230.0,914,440,155.26,74.74,0.337,0.4364,0.2725,61,5.526,2.18,7.034,60,0.215,0.225,60,0.6605,2.378,,,,0.34,,,0.34,0.0,3.058,8.04,0.17,0.018,
2327,Switchboard,10.015,77.0,7.688,190.11,680,1224,67.9,122.21,0.3309,0.2908,0.169,26,22.885,8.222,27.337,25,0.151,0.06,25,0.3615,3.095,,,,0.1,,,0.1,0.0,1.198,3.66,0.599,0.0011,
2328,Switchboard,9.982,150.0,15.027,202.07,942,1075,94.37,107.69,0.3365,0.2949,0.1292,45,13.49,5.593,16.113,44,-0.22,0.042,44,0.5368,5.51,,,,1.002,,,0.801,0.2,2.304,11.91,1.002,0.0203,
2329,Switchboard,10.001,205.0,20.499,202.09,1224,797,122.39,79.7,0.2704,0.33,0.1766,90,6.574,3.687,8.481,89,0.081,0.009,89,0.5632,3.7,,,,0.5,,,0.5,0.0,4.4,14.94,2.3,0.0088,
2330,Switchboard,4.481,79.0,17.631,172.29,394,378,87.93,84.36,0.4898,0.4762,0.2296,35,6.973,4.132,7.009,34,0.643,0.349,34,0.4751,3.348,,,,0.223,,,0.223,0.0,1.116,1.32,0.67,0.0325,0.0
2331,Switchboard,7.733,136.0,17.587,240.79,1046,816,135.27,105.52,0.3078,0.3358,0.1294,46,10.099,3.915,12.352,45,-0.099,0.013,45,0.5051,6.466,,,,0.776,,,0.776,0.0,3.362,9.17,0.517,0.0141,0.129
2332,Switchboard,10.001,215.0,21.497,201.98,992,1028,99.19,102.79,0.3105,0.3103,0.175,104,5.734,2.409,7.021,103,0.028,0.063,103,0.4845,3.5,,,,1.3,,,1.2,0.1,5.099,19.99,2.0,0.0042,
2333,Switchboard,9.985,272.0,27.241,200.4,917,1084,91.84,108.57,0.3631,0.3173,0.1641,110,5.395,2.9,8.498,109,0.043,0.022,109,0.4577,4.707,,,,0.901,,,0.901,0.0,5.609,18.7,3.505,0.0197,
2334,Switchboard,9.971,264.0,26.478,180.23,1221,576,122.46,57.77,0.3161,0.4323,0.2206,127,4.424,1.733,7.044,126,0.285,0.102,126,0.701,2.708,,,,0.602,,,0.602,0.0,5.817,16.2,1.906,0.0199,3.51
2335,Switchboard,8.731,206.0,23.594,197.8,467,1260,53.49,144.32,0.4111,0.2968,0.2151,72,6.993,2.831,9.293,71,0.214,0.153,71,0.2815,7.674,,,,0.573,,,0.573,0.0,3.092,10.96,1.947,0.0209,1.489
2336,Switchboard,8.021,98.0,12.218,183.27,530,940,66.08,117.19,0.3717,0.3213,0.2192,36,13.245,1.976,20.879,35,0.025,0.085,35,0.3325,4.363,,,,0.249,,,0.249,0.0,1.745,5.39,0.997,0.0059,0.374
2337,Switchboard,9.993,142.0,14.21,184.24,691,1150,69.15,115.08,0.3647,0.3157,0.1794,57,10.518,2.052,19.981,56,-0.003,-0.003,56,0.4058,3.402,,,,0.5,,,0.5,0.0,3.002,12.83,1.001,0.0074,
2338,Switchboard,10.003,183.0,18.294,200.14,727,1275,72.68,127.46,0.348,0.28,0.1594,86,6.948,2.689,12.505,85,0.022,0.007,85,0.3253,2.899,,,,0.8,,,0.8,0.0,4.299,12.23,1.4,0.008,
2339,Switchboard,7.505,184.0,24.517,205.06,627,912,83.54,121.52,0.3955,0.3575,0.1717,76,5.643,3.002,6.603,75,0.248,0.116,75,0.4499,4.93,,,,0.666,,,0.666,0.0,3.464,7.35,3.464,0.0484,2.665
2340,Switchboard,10.003,236.0,23.592,230.73,1438,870,143.75,86.97,0.2844,0.323,0.1117,104,5.985,2.581,7.015,103,-0.223,-0.037,103,0.5776,4.399,,,,1.799,,,1.599,0.2,6.298,27.97,1.599,0.0054,1.4
2341,Switchboard,8.11,66.0,8.138,190.5,1119,426,137.98,52.53,0.3342,0.4648,0.1624,33,14.336,7.928,18.011,32,0.359,0.148,32,0.7132,1.973,,,,0.123,,,0.123,0.0,1.233,3.25,0.37,0.0033,
2342,Switchboard,9.99,117.0,11.711,217.41,550,1622,55.05,162.36,0.4091,0.2503,0.1566,45,13.04,5.235,13.424,44,0.265,0.285,44,0.3428,3.303,,,,0.1,,,0.1,0.0,1.001,3.96,2.202,0.0059,1.702
2343,Switchboard,9.991,209.0,20.919,178.46,844,939,84.48,93.99,0.3886,0.3269,0.2163,95,5.918,3.234,6.573,94,0.38,0.347,94,0.4385,5.105,,,,0.5,,,0.5,0.0,2.202,7.4,3.803,0.0017,
2344,Switchboard,10.001,126.0,12.598,201.38,1246,768,124.58,76.79,0.2769,0.3503,0.1979,61,9.598,6.46,10.054,60,0.239,0.233,60,0.561,3.9,,,,0.1,,,0.1,0.0,1.8,4.73,0.4,0.0104,1.1
2345,Switchboard,9.993,160.0,16.011,220.25,1192,1009,119.28,100.97,0.2961,0.3191,0.1522,78,7.687,3.325,10.849,77,-0.017,0.086,77,0.5469,2.001,,,,1.001,,,0.901,0.1,3.703,15.4,0.801,0.0274,
2346,Switchboard,8.487,81.0,9.543,180.85,823,712,96.97,83.89,0.3706,0.3708,0.2149,40,12.03,5.076,13.086,39,0.623,0.321,39,0.5225,2.239,,,,0.118,,,0.118,0.0,0.825,1.4,1.414,0.0083,
2347,Switchboard,9.964,108.0,10.839,192.59,796,1123,79.88,112.7,0.3907,0.2823,0.0845,32,19.108,7.425,25.672,31,-0.439,-0.156,31,0.4331,4.315,,,,1.305,,,1.305,0.0,2.108,13.68,0.602,0.0032,0.502
2348,Switchboard,9.991,124.0,12.411,185.66,1385,470,138.62,47.04,0.2664,0.3702,0.231,57,10.256,3.078,15.711,56,0.246,0.236,56,0.7168,3.603,,,,0.5,,,0.5,0.0,1.501,5.35,0.5,0.0121,
2349,Switchboard,4.592,171.0,37.238,250.86,495,657,107.79,143.07,0.3778,0.3075,0.1399,73,3.991,1.99,4.907,72,-0.266,-0.126,72,0.4036,7.404,,,,2.395,,,2.178,0.218,11.542,17.16,0.653,0.0201,0.436
2350,Switchboard,8.118,263.0,32.396,201.52,775,861,95.46,106.06,0.3523,0.3043,0.176,108,4.479,1.955,5.263,107,0.01,-0.001,107,0.4657,5.174,,,,1.725,,,1.601,0.123,6.898,20.73,4.804,0.0125,
2352,Switchboard,9.989,222.0,22.224,197.51,1044,929,104.51,93.0,0.3611,0.3294,0.1397,102,5.97,2.808,9.79,101,-0.11,-0.064,101,0.5396,3.904,,,,1.001,,,0.801,0.2,6.207,21.46,1.402,0.0047,
2353,Switchboard,9.079,155.0,17.072,198.15,1120,679,123.36,74.79,0.2991,0.3225,0.1671,58,9.361,2.883,16.42,57,-0.051,-0.0,57,0.6133,5.948,,,,0.551,,,0.551,0.0,3.635,9.67,0.551,0.0081,0.33
2354,Switchboard,10.01,127.0,12.687,206.79,1120,950,111.89,94.91,0.2884,0.3484,0.1607,50,11.993,1.985,21.57,49,-0.002,0.001,49,0.5165,3.596,,,,0.3,,,0.3,0.0,2.398,8.37,1.099,0.0055,1.099
2355,Switchboard,8.517,240.0,28.178,243.98,1015,1063,119.17,124.81,0.2749,0.3142,0.0814,91,6.192,3.49,6.777,90,-0.631,-0.261,90,0.4985,6.34,,,,2.935,,,2.583,0.352,8.219,38.67,1.761,0.0173,0.587
2356,Switchboard,6.68,224.0,33.532,212.57,750,670,112.27,100.3,0.3613,0.3075,0.1258,107,3.757,2.193,4.006,106,-0.043,0.016,106,0.5134,4.192,,,,1.347,,,1.347,0.0,8.233,14.25,2.096,0.0183,
2358,Switchboard,6.759,171.0,25.299,198.25,532,808,78.71,119.54,0.3647,0.3094,0.1755,66,6.034,2.465,7.939,65,0.048,0.113,65,0.4029,4.438,,,,1.184,,,1.036,0.148,4.882,13.94,3.551,0.0285,
2359,Switchboard,9.979,183.0,18.338,200.31,879,1120,88.08,112.23,0.3424,0.3446,0.107,72,8.554,3.282,10.059,71,-0.245,-0.202,71,0.3889,3.507,,,,0.902,,,0.802,0.1,4.309,17.37,1.804,0.007,
2360,Switchboard,6.861,204.0,29.732,175.33,511,692,74.48,100.86,0.4442,0.4003,0.2306,99,4.03,2.405,4.437,98,0.102,0.088,98,0.4298,5.538,,,,1.312,,,1.312,0.0,6.413,19.53,2.186,0.0088,
2361,Switchboard,10.017,106.0,10.582,206.25,1154,912,115.2,91.04,0.3224,0.33,0.0951,40,15.231,3.743,24.044,39,-0.352,-0.153,39,0.5557,3.794,,,,0.399,,,0.399,0.0,2.296,12.02,0.499,0.0,
2362,Switchboard,9.99,165.0,16.517,203.7,1071,964,107.21,96.5,0.3203,0.3257,0.1865,59,9.96,4.16,11.541,58,0.178,0.197,58,0.5404,5.906,,,,0.4,,,0.4,0.0,1.802,7.05,1.702,0.0157,0.501
2363,Switchboard,10.003,197.0,19.694,197.64,1017,960,101.67,95.97,0.293,0.3312,0.1881,78,7.507,4.189,8.029,77,0.164,0.112,77,0.5124,3.699,,,,0.5,,,0.5,0.0,2.999,10.04,3.799,0.0161,
2365,Switchboard,8.306,120.0,14.448,195.77,1163,463,140.02,55.75,0.2752,0.3974,0.1809,61,7.972,2.539,11.887,60,0.142,0.127,60,0.6825,3.612,,,,0.963,,,0.963,0.0,2.288,7.58,0.482,0.0059,1.926
2366,Switchboard,8.958,58.0,6.475,189.66,912,787,101.81,87.85,0.3629,0.3609,0.2294,25,20.996,3.042,28.862,24,0.367,0.37,24,0.5793,1.786,,,,0.0,,,0.0,0.0,0.781,2.06,0.447,0.0038,0.223
2367,Switchboard,6.463,155.0,23.982,224.81,549,904,84.94,139.87,0.4007,0.2832,0.1633,62,6.15,2.806,8.332,61,0.049,-0.036,61,0.3867,5.57,,,,0.619,,,0.619,0.0,5.106,12.32,2.321,0.0118,
2368,Switchboard,10.019,229.0,22.857,261.3,1102,1516,109.99,151.31,0.3085,0.2751,0.1217,118,5.288,3.168,5.432,117,-0.204,0.073,117,0.4,3.793,,,,1.996,,,1.896,0.1,5.29,23.73,1.497,0.0077,3.194
2369,Switchboard,8.823,179.0,20.289,241.2,940,1188,106.54,134.65,0.3606,0.3215,0.148,91,5.868,2.683,8.992,90,-0.089,0.077,90,0.4131,4.194,,,,1.133,,,1.02,0.113,4.307,16.78,0.34,0.0095,
2370,Switchboard,10.003,176.0,17.595,242.53,1658,768,165.75,76.78,0.2316,0.3281,0.1532,62,9.919,4.65,12.372,61,-0.273,-0.038,61,0.657,6.098,,,,1.3,,,1.1,0.2,3.799,16.27,1.1,0.0024,0.3
2371,Switchboard,6.785,185.0,27.264,224.3,860,662,126.74,97.56,0.336,0.3278,0.1978,85,4.605,1.901,5.981,84,0.15,0.148,84,0.5077,5.895,,,,0.59,,,0.59,0.0,4.421,9.08,3.242,0.0099,
2372,Switchboard,9.998,136.0,13.603,185.14,1017,834,101.72,83.42,0.3382,0.3237,0.1901,43,13.768,5.58,17.086,42,0.162,0.209,42,0.5485,5.401,,,,0.2,,,0.2,0.0,1.1,2.82,1.7,0.0058,0.7
2373,Switchboard,9.979,161.0,16.135,141.2,702,707,70.35,70.85,0.3362,0.4229,0.3061,87,6.155,2.597,8.566,86,0.726,0.467,86,0.5054,3.708,,,,0.1,,,0.1,0.0,0.902,3.5,1.403,0.0276,3.006
2374,Switchboard,8.258,178.0,21.555,185.15,1094,435,132.48,52.68,0.2943,0.4253,0.2053,98,4.99,2.137,7.138,97,0.028,-0.008,97,0.727,1.695,,,,1.09,,,1.09,0.0,6.418,17.64,0.363,0.0156,
2375,Switchboard,4.717,105.0,22.259,190.37,462,436,97.94,92.43,0.4351,0.3968,0.1042,35,7.954,3.28,10.225,34,0.016,0.204,34,0.5541,4.24,,,,0.636,,,0.636,0.0,2.332,5.24,4.028,0.0395,
2376,Switchboard,5.861,192.0,32.76,252.02,607,870,103.57,148.45,0.3542,0.3184,0.0924,75,5.046,2.316,6.581,74,-0.405,-0.21,74,0.3859,7.678,,,,2.73,,,2.048,0.683,9.896,23.27,0.683,0.0159,0.0
2377,Switchboard,9.984,141.0,14.123,221.15,925,1283,92.65,128.5,0.3632,0.2307,0.1266,51,11.817,4.2,15.782,50,-0.104,-0.199,50,0.4843,3.506,,,,0.801,,,0.801,0.0,3.305,11.6,1.302,0.0062,
2378,Switchboard,9.997,191.0,19.105,194.15,1175,766,117.53,76.62,0.3166,0.2898,0.1902,89,6.733,3.076,8.61,88,-0.015,0.0,88,0.5853,4.101,,,,1.2,,,1.2,0.0,4.601,19.99,0.7,0.0081,
2379,Switchboard,9.982,118.0,11.821,181.12,872,936,87.35,93.77,0.3509,0.3451,0.1781,36,16.327,4.858,30.054,35,0.267,0.272,35,0.4937,4.207,,,,0.301,,,0.301,0.0,0.902,3.52,0.902,0.028,0.601
2380,Switchboard,9.998,89.0,8.902,181.84,894,924,89.42,92.42,0.3501,0.3149,0.1043,28,21.262,12.891,23.729,27,0.1,0.255,27,0.5117,4.101,,,,0.3,,,0.3,0.0,0.8,5.42,1.1,0.0002,0.0
2381,Switchboard,9.249,274.0,29.625,215.81,1235,761,133.53,82.28,0.3287,0.3456,0.1162,123,4.514,2.008,7.195,122,-0.024,0.011,122,0.6188,5.73,,,,1.297,,,1.297,0.0,6.487,17.74,3.568,0.0042,
2382,Switchboard,8.756,159.0,18.159,208.66,513,1314,58.59,150.07,0.4094,0.3166,0.178,91,5.299,2.47,8.175,90,0.456,0.247,90,0.2723,2.513,,,,0.228,,,0.228,0.0,2.627,6.73,1.142,0.02,1.485
2383,Switchboard,5.008,73.0,14.578,201.49,265,744,52.92,148.57,0.5245,0.4167,0.1649,36,8.083,1.435,19.03,35,0.186,0.154,35,0.3173,1.997,,,,0.399,,,0.399,0.0,2.197,4.61,2.396,0.0105,0.399
2384,Switchboard,7.474,136.0,18.197,204.05,537,988,71.85,132.2,0.4358,0.3269,0.1755,58,7.715,3.212,10.776,57,-0.02,0.086,57,0.3631,3.479,,,,0.669,,,0.669,0.0,2.944,10.01,2.542,0.0118,
2386,Switchboard,10.001,303.0,30.298,217.69,939,1238,93.89,123.79,0.3514,0.3247,0.1441,144,4.249,1.952,5.559,143,-0.088,0.065,143,0.4241,3.7,,,,1.7,,,1.5,0.2,6.8,25.42,3.4,0.0177,3.2
2387,Switchboard,7.922,155.0,19.566,208.79,457,1197,57.69,151.1,0.4311,0.2882,0.1222,68,6.966,2.362,10.749,67,-0.017,0.023,67,0.2859,3.156,,,,0.757,,,0.757,0.0,4.166,12.84,2.903,0.0029,1.01
2388,Switchboard,6.292,126.0,20.025,218.37,1014,360,161.16,57.22,0.2899,0.4806,0.1891,49,7.521,4.381,10.261,48,0.107,0.074,48,0.6986,2.384,,,,0.795,,,0.795,0.0,3.655,7.48,2.861,0.0329,
2389,Switchboard,9.99,164.0,16.416,210.01,748,1350,74.87,135.13,0.3155,0.2756,0.1499,60,10.067,3.096,14.378,59,-0.092,-0.003,59,0.394,5.706,,,,0.701,,,0.701,0.0,3.203,11.75,1.001,0.0024,0.5
2390,Switchboard,9.997,196.0,19.605,186.85,1062,806,106.23,80.62,0.307,0.3052,0.1475,84,7.18,4.561,7.503,83,-0.054,0.032,83,0.5405,2.701,,,,1.5,,,1.4,0.1,4.301,21.2,3.101,0.0085,
2392,Switchboard,9.974,145.0,14.537,203.12,867,1159,86.92,116.2,0.3345,0.2916,0.167,80,7.348,3.048,9.458,79,0.121,0.198,79,0.4237,1.504,,,,0.802,,,0.802,0.0,2.607,11.72,1.303,0.0086,
2393,Switchboard,10.002,128.0,12.798,201.27,632,1381,63.19,138.08,0.3592,0.265,0.1557,37,16.253,4.176,23.084,36,-0.071,0.065,36,0.3608,4.799,,,,0.3,,,0.3,0.0,1.6,6.52,1.8,0.0068,0.4
2394,Switchboard,9.768,139.0,14.231,177.94,869,869,88.97,88.97,0.328,0.3429,0.2575,75,7.768,2.092,11.272,74,-0.013,0.189,74,0.4923,2.969,,,,1.331,,,1.331,0.0,3.276,18.55,0.0,0.0073,
2395,Switchboard,9.982,105.0,10.519,177.31,900,870,90.16,87.15,0.3656,0.3667,0.1904,43,13.606,6.527,14.137,42,0.299,0.199,42,0.495,3.907,,,,0.301,,,0.301,0.0,1.102,4.85,0.401,0.0058,0.902
2396,Switchboard,9.295,186.0,20.011,218.83,1432,602,154.06,64.77,0.257,0.392,0.1853,72,7.764,3.434,13.644,71,-0.07,0.13,71,0.6466,5.594,,,,0.753,,,0.753,0.0,2.69,11.33,3.443,0.0057,
2397,Switchboard,10.003,203.0,20.293,185.54,983,873,98.27,87.27,0.2716,0.3562,0.1357,89,6.798,3.282,7.613,88,-0.064,0.04,88,0.5452,2.299,,,,1.3,,,1.3,0.0,4.498,23.62,4.099,0.0061,1.999
2398,Switchboard,10.017,179.0,17.869,208.64,825,1265,82.36,126.28,0.3576,0.3012,0.1534,72,8.339,3.867,11.381,71,-0.004,0.008,71,0.3587,4.293,,,,0.399,,,0.399,0.0,3.594,10.95,2.596,0.0004,
2399,Switchboard,7.757,121.0,15.598,157.14,385,834,49.63,107.51,0.3818,0.3309,0.2873,33,13.894,2.824,25.657,32,0.08,0.23,32,0.3609,6.575,,,,0.387,,,0.387,0.0,1.934,4.61,1.934,0.0085,0.773
2401,Switchboard,6.337,105.0,16.569,161.11,347,674,54.76,106.36,0.5476,0.3457,0.2475,57,6.314,2.725,7.914,56,0.332,0.291,56,0.3671,2.209,,,,0.631,,,0.631,0.0,2.367,7.86,1.42,0.0187,
2402,Switchboard,5.859,94.0,16.045,195.27,727,417,124.09,71.18,0.3879,0.47,0.1025,43,7.981,3.319,9.884,42,0.121,0.151,42,0.6819,3.414,,,,0.512,,,0.512,0.0,2.048,3.38,2.048,0.0163,
2403,Switchboard,9.98,197.0,19.74,202.41,880,1140,88.18,114.23,0.3659,0.2737,0.1803,92,6.674,3.386,8.158,91,-0.173,-0.095,91,0.429,2.104,,,,1.503,,,1.403,0.1,5.611,24.91,2.104,0.0052,
2404,Switchboard,9.999,163.0,16.301,192.92,1005,924,100.51,92.41,0.3025,0.29,0.1612,56,10.585,5.624,13.793,55,0.102,0.223,55,0.5256,4.9,,,,0.5,,,0.5,0.0,1.9,9.01,2.3,0.0151,
2405,Switchboard,9.18,218.0,23.747,247.6,1631,642,177.67,69.93,0.2495,0.3551,0.0845,80,7.089,3.144,9.406,79,-0.257,-0.053,79,0.6725,5.882,,,,1.852,,,1.743,0.109,5.447,23.89,1.852,0.0154,0.98
2406,Switchboard,8.513,150.0,17.619,188.76,687,920,80.7,108.06,0.4047,0.3217,0.2225,76,6.451,2.862,7.733,75,0.229,0.262,75,0.4664,3.406,,,,0.352,,,0.352,0.0,3.289,9.67,1.762,0.0041,1.41
2407,Switchboard,9.982,93.0,9.316,182.72,1239,585,124.12,58.6,0.3422,0.412,0.1669,40,14.692,7.537,18.14,39,0.229,0.32,39,0.6399,2.004,,,,0.301,,,0.301,0.0,1.703,6.72,1.302,0.0017,0.801
2408,Switchboard,9.628,355.0,36.871,237.43,1068,1218,110.93,126.5,0.294,0.3333,0.1204,154,4.019,2.125,4.859,153,-0.29,-0.11,153,0.4263,6.024,,,,3.531,,,2.908,0.623,12.36,41.92,2.077,0.004,
2409,Switchboard,6.058,169.0,27.896,231.25,579,822,95.57,135.68,0.3765,0.2968,0.165,69,5.303,1.797,6.636,68,-0.071,-0.041,68,0.4249,7.263,,,,0.66,,,0.66,0.0,6.107,11.73,2.311,0.0096,
2410,Switchboard,9.997,118.0,11.804,200.37,1538,465,153.85,46.52,0.2588,0.3806,0.1289,39,15.36,5.213,29.691,38,-0.015,0.045,38,0.7455,4.602,,,,0.6,,,0.6,0.0,1.701,5.94,0.8,0.0049,
2411,Switchboard,9.136,260.0,28.457,187.49,703,1010,76.94,110.55,0.3812,0.3178,0.2762,150,3.297,1.814,4.056,149,0.343,0.234,149,0.3963,4.597,,,,0.985,,,0.985,0.0,4.597,13.8,1.204,0.0109,
2413,Switchboard,4.494,49.0,10.903,190.02,212,642,47.17,142.85,0.5991,0.3536,0.1861,27,9.579,3.974,14.734,26,0.32,0.223,26,0.2494,1.335,,,,0.223,,,0.223,0.0,2.225,2.86,0.0,0.0206,2.448
2415,Switchboard,10.003,174.0,17.395,162.25,887,736,88.67,73.58,0.3202,0.4008,0.2918,100,5.607,2.941,6.708,99,0.388,0.3,99,0.5291,2.299,,,,0.6,,,0.6,0.0,2.999,11.65,1.2,0.0166,
2416,Switchboard,7.1,148.0,20.845,190.71,871,483,122.68,68.03,0.3708,0.4306,0.2005,61,6.595,2.58,7.31,60,0.334,0.171,60,0.6144,5.916,,,,0.423,,,0.423,0.0,3.239,8.39,2.254,0.0103,
2417,Switchboard,7.881,155.0,19.669,227.39,1349,443,171.18,56.21,0.2261,0.3634,0.1359,62,7.904,2.651,10.892,61,-0.323,-0.075,61,0.676,4.695,,,,1.523,,,1.523,0.0,4.568,20.41,1.903,0.0063,
2418,Switchboard,10.014,161.0,16.077,198.42,1298,689,129.62,68.8,0.282,0.3832,0.1789,83,6.981,2.32,10.144,82,0.261,-0.002,82,0.6262,2.097,,,,0.799,,,0.799,0.0,4.394,17.02,0.699,0.0041,1.398
2419,Switchboard,10.002,155.0,15.497,240.15,1676,726,167.56,72.58,0.2774,0.3678,0.1285,81,7.384,3.102,10.824,80,0.015,0.062,80,0.7293,2.599,,,,0.8,,,0.8,0.0,3.599,16.65,0.7,0.0022,
2420,Switchboard,7.096,101.0,14.232,167.55,661,528,93.14,74.4,0.3828,0.3655,0.235,53,7.592,4.834,7.252,52,0.371,0.34,52,0.5792,3.241,,,,0.564,,,0.564,0.0,2.114,7.47,0.564,0.0055,
2421,Switchboard,8.099,117.0,14.446,188.66,493,1035,60.87,127.79,0.359,0.3111,0.1595,49,9.91,1.756,18.931,48,-0.056,-0.02,48,0.2846,4.075,,,,0.617,,,0.617,0.0,3.087,9.95,0.247,0.007,0.37
2422,Switchboard,9.969,178.0,17.855,188.18,1151,725,115.46,72.72,0.3388,0.3297,0.1855,82,6.917,3.578,8.164,81,0.374,0.375,81,0.607,4.414,,,,0.602,,,0.602,0.0,2.508,8.93,2.207,0.0034,
2423,Switchboard,10.032,222.0,22.13,207.35,1200,880,119.62,87.72,0.32,0.342,0.1353,107,5.833,3.036,7.274,106,-0.214,-0.037,106,0.6041,2.991,,,,1.794,,,1.794,0.0,6.181,23.69,1.994,0.0021,1.396
2424,Switchboard,9.478,119.0,12.555,164.27,570,987,60.14,104.13,0.3877,0.3799,0.2212,59,9.246,3.059,12.64,58,0.349,0.171,58,0.4097,2.321,,,,0.422,,,0.422,0.0,1.899,6.61,1.055,0.009,1.055
2426,Switchboard,7.648,97.0,12.684,201.76,443,1100,57.93,143.84,0.4108,0.2991,0.1881,35,13.002,2.014,25.757,34,0.021,0.046,34,0.3263,4.577,,,,0.131,,,0.131,0.0,2.092,5.03,0.785,0.0066,0.262
2427,Switchboard,9.997,380.0,38.012,265.58,1244,1411,124.44,141.14,0.2822,0.2778,0.1271,171,3.965,2.807,3.973,170,-0.463,-0.19,170,0.4364,5.502,,,,4.701,,,3.701,1.0,13.404,50.37,1.0,0.0078,1.2
2428,Switchboard,10.0,173.0,17.301,245.51,644,1811,64.4,181.11,0.4208,0.2612,0.117,94,6.516,2.287,11.002,93,-0.14,0.046,93,0.2899,2.3,,,,1.0,,,1.0,0.0,4.3,21.04,0.5,0.0025,
2429,Switchboard,9.998,171.0,17.103,195.63,1049,907,104.92,90.71,0.3108,0.3319,0.1742,60,9.962,5.525,11.004,59,0.006,0.13,59,0.5241,3.701,,,,0.5,,,0.5,0.0,2.7,11.53,3.601,0.0074,0.6
2430,Switchboard,8.99,166.0,18.466,245.95,643,1568,71.53,174.43,0.4121,0.2761,0.1264,76,7.349,3.341,10.803,75,-0.296,0.062,75,0.3176,4.561,,,,1.224,,,1.112,0.111,4.338,15.98,0.89,0.0042,
2431,Switchboard,9.817,153.0,15.585,218.39,1110,1034,113.07,105.33,0.2766,0.3172,0.1559,68,8.574,3.206,10.024,67,0.036,0.076,67,0.5084,4.686,,,,0.407,,,0.407,0.0,2.954,10.2,0.204,0.0058,1.834
2432,Switchboard,9.989,199.0,19.922,191.21,579,1331,57.96,133.25,0.3143,0.3073,0.2195,78,7.317,2.427,11.287,77,0.359,0.325,77,0.371,6.007,,,,0.2,,,0.2,0.0,1.802,5.42,3.504,0.0051,2.803
2433,Switchboard,9.169,254.0,27.703,242.56,1567,657,170.91,71.66,0.2884,0.3364,0.1206,110,5.059,2.415,6.745,109,-0.1,0.069,109,0.6604,4.254,,,,1.636,,,1.527,0.109,6.108,20.33,4.035,0.0123,1.309
2434,Switchboard,10.0,163.0,16.301,200.21,1070,932,107.0,93.2,0.315,0.3423,0.1673,67,8.633,4.69,8.508,66,0.313,0.287,66,0.5465,2.1,,,,0.3,,,0.3,0.0,1.4,4.9,1.4,0.0643,1.1
2435,Switchboard,10.004,308.0,30.786,236.19,1556,807,155.53,80.66,0.2442,0.316,0.1362,137,4.612,2.378,6.017,136,-0.243,-0.105,136,0.5945,4.498,,,,2.299,,,2.099,0.2,8.496,39.95,2.199,0.0121,1.0
2436,Switchboard,8.155,222.0,27.224,217.54,792,982,97.12,120.42,0.3485,0.3045,0.1136,80,6.253,1.567,9.672,79,-0.19,-0.089,79,0.4457,7.235,,,,0.981,,,0.981,0.0,5.764,20.49,2.943,0.0179,1.472
2437,Switchboard,8.647,160.0,18.503,236.6,1459,587,168.72,67.88,0.2598,0.414,0.1369,74,7.105,2.312,10.725,73,-0.134,-0.014,73,0.703,2.66,,,,1.156,,,1.156,0.0,5.204,17.98,0.809,0.0076,1.735
2438,Switchboard,9.995,107.0,10.706,190.9,945,963,94.55,96.35,0.3683,0.3333,0.1425,22,27.084,15.289,28.812,21,0.175,0.091,21,0.4429,4.903,,,,0.2,,,0.2,0.0,1.001,3.52,1.901,0.0052,
2439,Switchboard,9.532,182.0,19.094,217.9,1246,831,130.72,87.18,0.2809,0.3502,0.1618,74,7.586,2.381,11.659,73,0.099,0.123,73,0.5932,6.295,,,,0.629,,,0.629,0.0,2.937,11.83,1.259,0.0063,1.574
2440,Switchboard,10.012,242.0,24.171,212.94,1315,817,131.34,81.6,0.2654,0.3133,0.1832,128,4.678,2.503,6.473,127,0.001,0.09,127,0.5766,3.995,,,,1.099,,,1.099,0.0,5.194,18.1,1.598,0.005,
2441,Switchboard,9.985,228.0,22.834,223.83,1325,910,132.7,91.14,0.3185,0.3484,0.1542,113,5.333,2.08,6.972,112,-0.047,0.059,112,0.6381,3.906,,,,0.701,,,0.701,0.0,4.907,17.66,0.901,0.0136,0.501
2442,Switchboard,6.565,81.0,12.338,191.47,384,873,58.49,132.98,0.4609,0.323,0.2675,33,11.313,3.716,13.979,32,0.532,0.377,32,0.3263,5.179,,,,0.0,,,0.0,0.0,0.762,1.22,0.152,0.0169,1.523
2443,Switchboard,9.991,179.0,17.916,246.92,1697,770,169.85,77.07,0.2746,0.3519,0.1072,78,7.956,3.016,14.21,77,-0.28,0.035,77,0.6984,4.004,,,,1.802,,,1.802,0.0,4.704,19.62,1.101,0.0017,
2444,Switchboard,8.204,158.0,19.26,210.88,727,1003,88.62,122.26,0.3191,0.35,0.1153,64,7.974,2.117,11.973,63,-0.336,-0.144,63,0.4641,2.804,,,,1.707,,,1.707,0.0,4.754,24.36,3.535,0.0065,
2445,Switchboard,9.977,118.0,11.827,190.23,1217,681,121.98,68.25,0.2786,0.3495,0.2019,51,11.763,7.411,15.095,50,-0.037,0.208,50,0.6358,2.405,,,,0.802,,,0.802,0.0,2.506,9.02,1.203,0.0049,0.902
2446,Switchboard,9.997,80.0,8.002,168.85,555,1133,55.52,113.33,0.409,0.3001,0.238,26,22.631,9.48,36.84,25,0.357,0.435,25,0.3638,2.701,,,,0.1,,,0.1,0.0,0.6,1.53,0.7,0.0135,0.9
2447,Switchboard,9.987,208.0,20.827,228.49,950,1332,95.12,133.37,0.3379,0.295,0.1206,77,8.021,3.204,10.147,76,-0.278,-0.055,76,0.4997,5.107,,,,1.602,,,1.302,0.3,4.906,25.18,1.802,0.0109,
2448,Switchboard,6.236,138.0,22.129,182.64,791,348,126.84,55.8,0.3805,0.3822,0.1966,65,5.482,2.253,7.132,64,0.197,0.181,64,0.7354,4.811,,,,0.641,,,0.641,0.0,4.65,8.86,0.962,0.0133,0.962
2450,Switchboard,1.718,44.0,25.607,218.82,219,157,127.45,91.37,0.4749,0.6115,0.1308,21,4.866,3.003,4.826,20,-0.067,0.065,20,0.5754,1.164,,,,1.746,,,1.746,0.0,4.656,3.62,1.746,0.0648,1.746
2451,Switchboard,9.998,61.0,6.101,146.22,512,950,51.21,95.01,0.4609,0.3253,0.3001,32,18.045,15.208,17.405,31,0.654,0.688,31,0.4096,0.9,,,,0.1,,,0.1,0.0,0.5,1.65,0.5,0.0081,0.4
2452,Switchboard,9.983,180.0,18.031,211.66,1064,1049,106.58,105.08,0.3252,0.3241,0.1494,82,7.499,4.615,9.094,81,-0.211,0.046,81,0.4832,4.007,,,,1.102,,,1.102,0.0,4.007,18.85,1.002,0.007,0.601
2453,Switchboard,9.999,142.0,14.202,183.12,933,898,93.31,89.81,0.2894,0.333,0.1843,61,9.769,5.106,11.397,60,0.042,0.055,60,0.5367,3.3,,,,0.8,,,0.8,0.0,3.1,12.94,0.5,0.0123,
2454,Switchboard,9.988,247.0,24.729,189.12,778,1111,77.89,111.23,0.3715,0.2844,0.085,125,5.091,2.825,5.176,124,-0.306,-0.176,124,0.3794,2.203,,,,1.902,,,1.702,0.2,8.11,46.33,1.402,0.0065,
2455,Switchboard,7.489,80.0,10.683,167.72,622,634,83.06,84.66,0.3617,0.3801,0.2182,30,14.566,7.742,16.826,29,0.298,0.179,29,0.4952,4.273,,,,0.134,,,0.134,0.0,1.335,3.49,0.801,0.0054,1.068
2456,Switchboard,9.998,178.0,17.803,196.14,1418,543,141.83,54.31,0.2976,0.3904,0.186,88,6.774,2.828,8.718,87,0.032,0.112,87,0.7181,2.0,,,,1.0,,,0.9,0.1,4.501,17.05,1.2,0.0099,
2457,Switchboard,7.486,161.0,21.506,209.18,810,756,108.2,100.98,0.3284,0.3571,0.1137,67,6.74,3.797,7.277,66,-0.083,0.0,66,0.5163,5.076,,,,0.935,,,0.801,0.134,4.675,13.18,1.603,0.0104,0.935
2458,Switchboard,9.996,59.0,5.902,177.06,612,1158,61.22,115.84,0.4183,0.2979,0.1726,18,33.323,24.967,32.428,17,-0.037,-0.278,17,0.3182,2.801,,,,0.2,,,0.2,0.0,0.9,4.8,0.2,0.0042,
2459,Switchboard,9.98,137.0,13.727,202.3,1028,991,103.0,99.3,0.3161,0.3542,0.1152,47,13.088,4.897,16.659,46,-0.397,-0.311,46,0.4475,4.008,,,,1.002,,,1.002,0.0,3.908,18.84,0.2,0.0045,
2460,Switchboard,9.984,118.0,11.819,230.37,1299,1001,130.11,100.26,0.2779,0.2927,0.127,60,10.019,4.636,10.753,59,-0.051,-0.042,59,0.5561,2.404,,,,0.401,,,0.401,0.0,3.205,9.68,0.1,0.0013,1.703
2461,Switchboard,6.35,137.0,21.573,241.71,982,553,154.63,87.08,0.3177,0.3617,0.1233,64,6.074,2.567,6.802,63,-0.185,0.037,63,0.5449,3.464,,,,0.945,,,0.945,0.0,5.039,10.01,0.315,0.0216,1.26
2463,Switchboard,9.997,220.0,22.006,176.05,496,1264,49.61,126.44,0.3851,0.2674,0.1789,89,6.854,2.211,10.369,88,-0.142,0.025,88,0.3049,3.801,,,,1.801,,,1.5,0.3,5.201,28.12,3.301,0.0078,
2464,Switchboard,10.007,234.0,23.384,234.14,1220,1123,121.92,112.22,0.2852,0.3161,0.0554,97,6.604,3.502,8.236,96,-0.428,-0.132,96,0.5768,3.697,,,,1.499,,,1.399,0.1,6.396,29.57,1.799,0.0248,
2465,Switchboard,8.939,212.0,23.716,200.02,739,1049,82.67,117.35,0.3748,0.2812,0.1717,103,5.127,2.126,6.491,102,0.044,0.108,102,0.3963,4.139,,,,1.007,,,1.007,0.0,4.81,14.14,2.014,0.0118,1.454
2466,Switchboard,9.587,146.0,15.229,160.53,639,900,66.65,93.88,0.3568,0.3533,0.2818,81,6.794,2.056,11.253,80,0.272,0.214,80,0.3782,2.816,,,,0.209,,,0.209,0.0,2.816,9.02,0.417,0.0094,1.773
2467,Switchboard,9.968,132.0,13.243,169.54,545,1145,54.68,114.87,0.4294,0.3249,0.2522,68,8.393,3.657,10.334,67,0.388,0.283,67,0.3393,3.21,,,,0.401,,,0.401,0.0,2.107,6.3,0.502,0.0022,1.304
2468,Switchboard,9.991,180.0,18.017,218.21,1302,878,130.32,87.88,0.2957,0.2973,0.1098,76,8.266,2.875,17.827,75,-0.386,-0.242,75,0.5721,1.501,,,,1.902,,,1.702,0.2,6.106,27.84,1.101,0.0097,
2469,Switchboard,9.008,170.0,18.872,227.91,1199,854,133.11,94.81,0.2794,0.3419,0.1381,60,8.852,3.493,10.253,59,0.118,0.188,59,0.5869,6.217,,,,0.999,,,0.888,0.111,2.442,8.67,3.441,0.0023,0.999
2470,Switchboard,9.995,48.0,4.802,187.49,1024,850,102.45,85.04,0.3213,0.3388,0.1726,15,39.617,5.555,44.189,14,0.354,0.476,14,0.5779,1.701,,,,0.1,,,0.1,0.0,0.5,1.89,0.5,0.0064,
2471,Switchboard,5.387,71.0,13.181,175.43,552,393,102.47,72.96,0.3841,0.4504,0.177,30,10.532,4.643,12.572,29,0.09,0.199,29,0.6124,2.599,,,,0.557,,,0.557,0.0,2.228,4.82,0.186,0.0246,0.186
2472,Switchboard,9.982,266.0,26.647,187.23,726,1143,72.73,114.5,0.3719,0.3018,0.212,134,4.36,2.158,5.687,133,0.101,0.103,133,0.4289,4.408,,,,0.701,,,0.701,0.0,5.209,13.03,2.404,0.0159,2.605
2473,Switchboard,10.013,195.0,19.474,217.21,762,1413,76.1,141.11,0.3635,0.2895,0.1427,91,6.47,2.72,10.572,90,0.125,0.072,90,0.3855,4.594,,,,0.799,,,0.799,0.0,3.995,15.16,1.099,0.0055,
2474,Switchboard,9.985,194.0,19.43,225.44,660,1591,66.1,159.34,0.3545,0.2539,0.1442,93,6.469,1.991,10.121,92,-0.04,0.032,92,0.2992,3.405,,,,0.901,,,0.901,0.0,4.507,14.1,1.202,0.0127,
2476,Switchboard,9.026,156.0,17.284,227.57,1082,972,119.88,107.69,0.3198,0.3066,0.1057,48,11.316,4.78,15.352,47,-0.109,0.027,47,0.53,7.091,,,,0.443,,,0.443,0.0,2.659,12.98,1.662,0.0062,0.332
2477,Switchboard,7.745,214.0,27.631,224.41,829,909,107.04,117.37,0.3197,0.3498,0.179,100,4.727,2.528,6.048,99,-0.115,0.015,99,0.4659,5.939,,,,2.195,,,2.066,0.129,6.843,22.28,0.775,0.0117,1.42
2478,Switchboard,10.001,135.0,13.498,186.07,1309,552,130.88,55.19,0.2773,0.4565,0.216,79,7.377,3.122,8.575,78,0.22,0.246,78,0.6441,2.4,,,,0.5,,,0.5,0.0,2.3,10.47,0.5,0.0035,0.8
2479,Switchboard,10.009,309.0,30.873,249.68,1293,1206,129.19,120.5,0.2599,0.2869,0.0637,115,5.877,3.017,7.292,114,-0.666,-0.392,114,0.5327,5.295,,,,3.997,,,3.097,0.899,10.591,58.69,1.898,0.0222,1.499
2480,Switchboard,7.786,257.0,33.01,211.67,1001,647,128.57,83.1,0.3057,0.3756,0.1555,128,3.695,1.97,4.314,127,-0.078,0.024,127,0.5659,4.239,,,,1.927,,,1.927,0.0,8.606,28.2,2.184,0.0137,
2481,Switchboard,10.0,130.0,13.001,180.51,1040,765,104.01,76.5,0.301,0.3856,0.1639,59,9.842,3.615,13.257,58,0.299,0.206,58,0.5886,3.3,,,,0.5,,,0.5,0.0,2.2,9.56,0.8,0.0087,
2482,Switchboard,10.003,237.0,23.692,137.75,835,543,83.47,54.28,0.3521,0.3775,0.3307,90,6.062,2.328,8.631,89,0.596,0.335,89,0.5252,6.898,,,,0.9,,,0.8,0.1,2.299,7.69,3.299,0.0142,1.699
2483,Switchboard,9.976,90.0,9.022,201.08,967,1039,96.93,104.15,0.3216,0.359,0.1678,45,13.302,5.277,18.832,44,-0.006,0.179,44,0.434,1.704,,,,0.601,,,0.601,0.0,1.804,9.02,0.601,0.0027,0.601
2484,Switchboard,9.998,166.0,16.603,191.04,872,1038,87.22,103.82,0.3108,0.3439,0.1934,79,7.462,2.833,11.823,78,0.123,0.135,78,0.4194,2.2,,,,0.7,,,0.7,0.0,3.601,14.85,1.7,0.0062,
2485,Switchboard,9.983,237.0,23.739,231.89,747,1568,74.82,157.06,0.2932,0.2156,0.1104,86,7.374,2.926,10.621,85,-0.429,-0.09,85,0.3503,7.613,,,,2.404,,,2.003,0.401,6.01,24.0,1.102,0.0014,2.003
2486,Switchboard,9.091,107.0,11.77,190.63,933,800,102.63,88.0,0.3333,0.3113,0.1007,28,19.333,6.061,24.512,27,0.053,0.133,27,0.5845,5.72,,,,0.33,,,0.33,0.0,1.54,5.46,1.1,0.0011,0.33
2487,Switchboard,9.998,173.0,17.303,196.23,912,1050,91.21,105.02,0.341,0.3048,0.176,94,6.197,4.38,6.562,93,0.177,0.22,93,0.4271,2.7,,,,0.6,,,0.6,0.0,3.301,12.12,1.3,0.0043,
2488,Switchboard,10.003,285.0,28.491,252.22,721,1802,72.08,180.14,0.3967,0.2431,0.0953,122,5.318,2.605,7.074,121,-0.409,-0.219,121,0.3412,5.098,,,,2.499,,,2.399,0.1,8.397,42.95,1.699,0.0088,1.3
2489,Switchboard,8.575,171.0,19.943,183.92,598,979,69.74,114.18,0.3579,0.3269,0.2059,80,6.157,2.993,8.223,79,0.226,0.206,79,0.4263,3.732,,,,0.816,,,0.816,0.0,3.149,11.81,2.566,0.0135,
2490,Switchboard,9.562,285.0,29.805,246.49,852,1505,89.1,157.39,0.3028,0.2738,0.1433,136,4.42,2.14,6.461,135,-0.224,-0.204,135,0.4105,4.079,,,,2.301,,,1.987,0.314,9.098,40.01,1.778,0.0063,0.418
2491,Switchboard,9.031,155.0,17.164,201.31,818,1000,90.58,110.73,0.3533,0.319,0.1376,54,10.447,3.9,13.625,53,-0.507,-0.191,53,0.5144,5.094,,,,1.44,,,1.218,0.221,4.54,21.47,0.221,0.0085,
2492,Switchboard,6.627,86.0,12.977,205.67,888,475,133.99,71.67,0.2928,0.48,0.1987,51,7.425,1.656,14.501,50,0.31,0.288,50,0.6585,1.207,,,,0.151,,,0.151,0.0,2.263,4.88,1.056,0.014,2.414
2493,Switchboard,9.958,253.0,25.406,213.59,903,1224,90.68,122.91,0.2935,0.2794,0.1673,109,5.791,1.993,9.805,108,-0.357,-0.249,108,0.4257,3.414,,,,2.51,,,2.31,0.201,7.833,35.62,2.41,0.0068,
2494,Switchboard,5.75,129.0,22.433,207.99,608,588,105.73,102.25,0.3273,0.352,0.2232,45,7.648,2.198,11.096,44,-0.039,-0.023,44,0.4644,6.608,,,,0.87,,,0.87,0.0,4.869,7.43,0.87,0.0185,
2495,Switchboard,7.404,126.0,17.019,193.29,732,699,98.87,94.41,0.3361,0.3519,0.1354,38,11.579,2.334,18.64,37,-0.003,0.013,37,0.5207,4.052,,,,0.135,,,0.135,0.0,2.431,6.52,3.647,0.0148,0.135
2496,Switchboard,10.009,111.0,11.09,192.32,1081,844,108.0,84.32,0.2849,0.3519,0.1852,36,16.46,9.682,16.842,35,0.167,0.416,35,0.5015,3.697,,,,0.3,,,0.3,0.0,1.399,5.67,2.098,0.003,
2497,Switchboard,9.981,198.0,19.839,238.86,1394,990,139.67,99.19,0.2647,0.3182,0.1464,90,6.84,3.257,7.726,89,-0.192,-0.031,89,0.5361,3.908,,,,2.304,,,2.104,0.2,5.411,27.42,0.802,0.0043,
2498,Switchboard,5.971,95.0,15.911,164.13,460,520,77.04,87.09,0.463,0.4135,0.1686,40,8.537,5.782,8.072,39,0.346,0.223,39,0.5465,4.187,,,,0.167,,,0.167,0.0,2.345,6.44,1.172,0.0198,
2499,Switchboard,9.979,291.0,29.161,226.37,1202,1057,120.45,105.92,0.2962,0.3179,0.1015,114,5.594,3.512,5.979,113,-0.348,-0.107,113,0.5299,4.61,,,,3.307,,,2.806,0.501,7.616,44.68,4.81,0.0075,0.501
2500,Switchboard,8.728,105.0,12.031,219.07,1399,513,160.29,58.78,0.2695,0.3704,0.1349,33,15.861,3.865,24.394,32,-0.065,0.044,32,0.6979,4.583,,,,0.458,,,0.458,0.0,1.833,6.13,0.802,0.0131,
2501,Switchboard,3.891,84.0,21.588,218.2,492,357,126.45,91.75,0.4309,0.4818,0.1236,36,6.333,1.222,10.522,35,0.08,0.065,35,0.6151,4.112,,,,0.514,,,0.514,0.0,3.598,3.62,0.514,0.0314,0.771
2502,Switchboard,9.996,119.0,11.905,190.58,1178,727,117.85,72.73,0.2453,0.3164,0.2155,51,11.624,8.569,13.577,50,0.116,0.126,50,0.6092,3.001,,,,0.4,,,0.3,0.1,2.301,8.28,0.9,0.0034,1.701
2503,Switchboard,8.938,175.0,19.58,206.77,1232,616,137.85,68.92,0.2873,0.3669,0.1422,71,7.33,1.81,11.279,70,0.197,0.131,70,0.6252,1.79,,,,0.336,,,0.336,0.0,3.021,7.7,3.021,0.0355,0.783
2504,Switchboard,9.964,125.0,12.546,207.45,1234,833,123.85,83.6,0.2391,0.3349,0.1255,53,11.486,2.387,19.511,52,-0.219,-0.097,52,0.514,3.412,,,,1.305,,,1.305,0.0,3.312,16.76,0.1,0.0034,0.401
2505,Switchboard,9.986,285.0,28.539,191.26,1132,778,113.36,77.91,0.3012,0.3663,0.098,84,6.936,2.43,10.673,83,0.195,0.21,83,0.5282,2.003,,,,0.901,,,0.901,0.0,3.204,13.0,5.307,0.0929,1.202
2506,Switchboard,10.015,190.0,18.971,163.65,887,752,88.57,75.09,0.363,0.3816,0.3117,118,4.499,2.149,5.393,117,0.59,0.556,117,0.5112,2.496,,,,0.499,,,0.499,0.0,2.197,10.51,0.599,0.0162,3.195
2507,Switchboard,9.998,126.0,12.602,219.84,534,1664,53.41,166.43,0.3839,0.2788,0.1375,49,12.466,3.933,18.686,48,-0.247,0.001,48,0.2612,3.901,,,,0.8,,,0.7,0.1,2.801,12.03,0.5,0.0021,
2508,Switchboard,9.996,93.0,9.303,158.96,599,990,59.92,99.04,0.4491,0.2828,0.2716,29,20.247,7.661,29.716,28,0.391,0.302,28,0.3767,4.402,,,,0.1,,,0.1,0.0,1.0,3.69,0.8,0.0008,
2509,Switchboard,7.636,229.0,29.99,221.19,891,798,116.68,104.51,0.2974,0.2995,0.1227,108,4.496,2.952,4.189,107,-0.294,-0.069,107,0.5195,4.06,,,,2.75,,,2.226,0.524,8.905,36.49,1.572,0.0085,
2510,Switchboard,9.999,229.0,22.902,197.32,1044,929,104.41,92.91,0.3103,0.3358,0.1503,86,7.065,2.655,9.388,85,-0.097,-0.045,85,0.5598,4.6,,,,0.6,,,0.6,0.0,5.0,19.64,2.2,0.0231,1.1
2511,Switchboard,9.992,75.0,7.506,191.05,835,1074,83.56,107.48,0.3293,0.3156,0.1844,20,29.663,17.506,29.058,19,0.283,0.289,19,0.4832,2.902,,,,0.1,,,0.1,0.0,0.5,1.34,1.601,0.0041,0.2
2513,Switchboard,10.002,119.0,11.897,198.15,558,1424,55.79,142.37,0.405,0.2612,0.2785,53,10.715,2.666,19.013,52,0.569,0.38,52,0.3619,2.899,,,,0.2,,,0.2,0.0,0.7,2.74,1.6,0.0107,
2514,Switchboard,9.985,105.0,10.516,206.61,556,1507,55.68,150.92,0.3885,0.2741,0.1176,41,15.015,4.127,21.316,40,-0.441,-0.203,40,0.2841,1.903,,,,1.001,,,0.901,0.1,3.105,12.32,0.2,0.0115,0.701
2515,Switchboard,10.011,123.0,12.287,185.9,1196,665,119.47,66.43,0.2843,0.3444,0.1587,41,14.42,8.296,18.427,40,0.213,0.321,40,0.6197,4.395,,,,0.499,,,0.499,0.0,1.299,8.2,1.798,0.0041,0.899
2517,Switchboard,9.992,243.0,24.319,203.96,778,1260,77.86,126.1,0.3599,0.3063,0.1633,124,4.927,2.56,6.802,123,-0.103,-0.076,123,0.3534,2.202,,,,1.101,,,1.101,0.0,7.206,28.29,1.101,0.0131,
2518,Switchboard,8.648,145.0,16.766,201.43,873,869,100.94,100.48,0.3368,0.3199,0.1809,68,7.471,2.53,9.697,67,0.122,0.12,67,0.5318,3.816,,,,0.578,,,0.578,0.0,3.238,7.58,1.619,0.0028,
2519,Switchboard,5.829,175.0,30.024,272.62,940,649,161.27,111.35,0.3021,0.3451,0.0532,59,6.212,2.337,8.496,58,-0.338,-0.115,58,0.5432,7.034,,,,2.745,,,2.573,0.172,6.52,23.93,4.975,0.0122,0.343
2520,Switchboard,4.491,89.0,19.817,189.49,582,269,129.59,59.9,0.4003,0.4684,0.2298,31,8.264,2.355,10.901,30,0.343,0.256,30,0.69,7.348,,,,0.668,,,0.668,0.0,1.781,2.4,1.336,0.0235,
2521,Switchboard,9.998,178.0,17.803,208.04,836,1244,83.61,124.42,0.3469,0.2596,0.1751,80,7.413,2.2,11.373,79,0.078,0.159,79,0.4356,5.001,,,,1.0,,,1.0,0.0,3.201,13.14,1.3,0.0012,1.3
2522,Switchboard,9.998,165.0,16.503,204.54,892,1153,89.22,115.32,0.3206,0.2741,0.2105,76,7.596,3.962,8.974,75,0.268,0.244,75,0.4685,3.601,,,,1.1,,,1.0,0.1,3.101,11.44,0.9,0.011,
2523,Switchboard,10.0,157.0,15.701,213.11,929,1202,92.9,120.2,0.2874,0.2554,0.152,81,7.37,3.991,8.817,80,0.03,0.157,80,0.4379,3.2,,,,1.3,,,1.3,0.0,3.4,17.7,0.6,0.0026,
2524,Switchboard,5.543,91.0,16.416,205.65,321,819,57.91,147.75,0.405,0.254,0.1737,22,15.422,9.971,16.216,21,-0.508,-0.489,21,0.3278,4.871,,,,0.722,,,0.722,0.0,2.706,7.36,1.804,0.0267,0.722
2525,Switchboard,9.998,149.0,14.903,209.94,796,1303,79.62,130.33,0.3342,0.3108,0.1555,52,11.697,4.569,15.042,51,-0.179,0.024,51,0.3989,6.601,,,,1.0,,,1.0,0.0,2.4,12.88,0.4,0.0014,0.6
2526,Switchboard,9.991,261.0,26.123,190.37,843,1059,84.37,105.99,0.293,0.2871,0.1859,115,5.282,2.64,7.651,114,-0.076,0.0,114,0.4862,3.203,,,,2.302,,,2.302,0.0,6.306,29.31,3.503,0.0337,2.202
2527,Switchboard,7.336,81.0,11.042,153.49,724,402,98.69,54.8,0.3577,0.4353,0.3101,41,9.745,3.981,14.4,40,0.918,0.347,40,0.6644,2.999,,,,0.0,,,0.0,0.0,1.499,3.18,0.409,0.0064,1.227
2528,Switchboard,10.006,135.0,13.491,195.47,1348,608,134.71,60.76,0.25,0.3865,0.2614,79,7.208,3.033,8.245,78,0.383,0.393,78,0.6289,1.999,,,,0.5,,,0.5,0.0,1.799,8.5,0.999,0.014,2.898
2529,Switchboard,9.996,151.0,15.106,189.47,760,1134,76.03,113.44,0.3487,0.3148,0.1924,63,9.568,4.275,11.728,62,-0.079,0.055,62,0.399,2.901,,,,1.2,,,1.1,0.1,3.201,18.67,0.8,0.0119,
2530,Switchboard,8.458,250.0,29.557,194.01,829,812,98.01,96.0,0.3293,0.3374,0.1208,100,5.169,2.992,6.096,99,-0.131,-0.049,99,0.5002,5.675,,,,2.01,,,1.892,0.118,7.212,30.02,4.02,0.0246,
2531,Switchboard,9.999,109.0,10.901,194.82,1264,684,126.41,68.41,0.2872,0.4327,0.2317,54,11.032,4.139,19.679,53,0.042,0.067,53,0.6581,1.2,,,,0.6,,,0.6,0.0,2.5,8.19,1.1,0.0023,
2532,Switchboard,2.401,79.0,32.897,195.3,276,193,114.93,80.37,0.4746,0.5078,0.0786,32,4.34,2.271,5.084,31,0.062,0.059,31,0.6125,4.164,,,,0.416,,,0.416,0.0,5.413,5.55,6.246,0.0319,
2533,Switchboard,9.979,176.0,17.636,246.51,807,1653,80.87,165.64,0.3532,0.268,0.1108,75,8.171,3.21,13.844,74,-0.201,-0.135,74,0.3238,3.407,,,,1.202,,,1.202,0.0,4.209,22.39,1.603,0.008,1.303
2534,Switchboard,9.977,171.0,17.14,176.81,1293,471,129.6,47.21,0.2931,0.4289,0.176,67,8.834,3.847,12.022,66,0.09,0.183,66,0.6946,3.909,,,,0.601,,,0.601,0.0,3.207,9.76,2.907,0.003,1.303
2535,Switchboard,10.001,289.0,28.898,271.28,2132,581,213.19,58.1,0.235,0.3718,0.0863,119,5.484,2.773,7.024,118,-0.453,-0.265,118,0.7331,5.3,,,,3.3,,,3.0,0.3,9.199,47.41,0.3,0.0128,
2536,Switchboard,9.995,269.0,26.912,213.8,1279,858,127.96,85.84,0.2963,0.3217,0.1559,117,5.178,2.51,7.271,116,-0.066,0.023,116,0.6126,6.003,,,,1.201,,,1.1,0.1,6.203,19.89,1.301,0.0097,
2537,Switchboard,9.073,92.0,10.14,176.57,478,1124,52.68,123.88,0.3996,0.2954,0.2789,40,13.541,4.88,15.432,39,-0.065,0.054,39,0.3124,2.645,,,,0.882,,,0.882,0.0,2.204,8.72,0.441,0.0013,0.551
2538,Switchboard,7.002,78.0,11.14,189.66,659,669,94.12,95.54,0.4112,0.3528,0.1854,26,16.183,4.486,21.258,25,-0.095,-0.013,25,0.4776,3.142,,,,0.428,,,0.428,0.0,2.142,5.15,0.571,0.0147,
2539,Switchboard,10.011,125.0,12.486,193.49,1054,883,105.28,88.2,0.3226,0.3341,0.1231,56,10.694,2.753,17.702,55,0.011,0.107,55,0.5723,3.396,,,,0.499,,,0.499,0.0,2.297,10.11,0.899,0.0015,1.199
2540,Switchboard,5.586,83.0,14.858,195.13,551,539,98.64,96.49,0.4102,0.397,0.1765,35,9.408,3.079,14.371,34,0.035,0.048,34,0.4867,3.222,,,,0.358,,,0.358,0.0,2.864,6.96,0.716,0.0139,0.716
2543,Switchboard,9.991,137.0,13.712,194.77,936,1010,93.68,101.09,0.3152,0.2851,0.1376,39,15.276,5.266,20.021,38,0.073,-0.013,38,0.5281,5.605,,,,0.0,,,0.0,0.0,2.002,5.58,1.301,0.0124,0.4
2545,Switchboard,7.425,199.0,26.802,211.59,801,770,107.88,103.71,0.3246,0.3442,0.0901,76,6.12,2.907,7.798,75,-0.304,-0.127,75,0.4935,3.637,,,,1.212,,,1.212,0.0,7.408,23.03,2.02,0.0352,0.808
2546,Switchboard,6.258,65.0,10.386,197.02,469,764,74.94,122.08,0.4158,0.3351,0.2119,30,12.366,4.73,15.6,29,0.04,0.08,29,0.3408,1.758,,,,0.639,,,0.32,0.32,2.397,4.11,0.0,0.0093,0.16
2547,Switchboard,10.002,182.0,18.196,157.76,566,1012,56.59,101.18,0.3781,0.3241,0.2178,70,8.47,2.317,12.884,69,0.098,0.128,69,0.3856,3.199,,,,0.6,,,0.6,0.0,3.099,11.87,3.199,0.0102,1.3
2548,Switchboard,6.04,138.0,22.85,209.79,707,560,117.06,92.72,0.3593,0.3571,0.1464,53,6.922,1.74,9.453,52,-0.125,-0.043,52,0.5512,6.126,,,,0.662,,,0.662,0.0,4.636,9.29,1.49,0.0114,0.497
2549,Switchboard,9.986,153.0,15.321,187.06,797,1071,79.81,107.25,0.3338,0.3044,0.1904,68,8.335,4.038,13.331,67,0.41,0.187,67,0.4894,3.805,,,,0.801,,,0.801,0.0,1.802,8.66,1.702,0.0692,2.003
2550,Switchboard,10.0,160.0,16.001,169.01,1193,497,119.3,49.7,0.3026,0.4406,0.2561,74,7.572,2.95,12.916,73,0.54,0.278,73,0.6378,3.0,,,,0.6,,,0.6,0.0,2.2,8.11,2.1,0.0096,
2551,Switchboard,9.991,95.0,9.509,190.77,780,1126,78.07,112.7,0.3846,0.3197,0.1261,27,22.456,13.119,25.151,26,-0.332,0.009,26,0.4327,4.104,,,,0.601,,,0.5,0.1,1.401,8.25,0.701,0.004,
2552,Switchboard,10.019,132.0,13.175,189.24,762,1134,76.05,113.18,0.3176,0.2945,0.2,46,12.864,5.22,19.682,45,0.186,0.331,45,0.4167,4.99,,,,0.399,,,0.399,0.0,1.797,5.88,1.098,0.0024,0.699
2553,Switchboard,8.763,158.0,18.03,188.06,1156,492,131.92,56.15,0.3218,0.4309,0.1587,61,8.579,3.19,13.334,60,-0.009,0.113,60,0.6752,4.907,,,,0.913,,,0.571,0.342,3.88,13.83,1.255,0.008,
2554,Switchboard,10.005,209.0,20.89,204.21,1332,711,133.14,71.07,0.3176,0.3193,0.1269,77,7.93,4.794,8.982,76,-0.145,-0.04,76,0.6415,6.797,,,,0.8,,,0.8,0.0,4.598,18.38,0.9,0.0026,0.4
2556,Switchboard,7.221,113.0,15.65,216.05,546,1014,75.62,140.43,0.4011,0.284,0.1467,52,8.305,4.085,11.256,51,-0.028,0.136,51,0.3708,3.878,,,,0.692,,,0.554,0.138,2.908,7.48,1.385,0.0041,
2557,Switchboard,9.995,184.0,18.41,173.39,912,821,91.25,82.14,0.3322,0.3362,0.1848,83,7.161,2.115,12.617,82,0.058,0.074,82,0.5298,4.603,,,,1.201,,,1.201,0.0,4.002,13.18,0.8,0.0091,0.7
2558,Switchboard,6.365,97.0,15.24,194.82,720,520,113.12,81.7,0.3694,0.3692,0.1355,46,8.124,3.741,11.986,45,0.125,0.177,45,0.6368,4.399,,,,0.628,,,0.628,0.0,2.043,6.93,1.257,0.0041,0.943
2559,Switchboard,8.122,81.0,9.973,140.97,584,561,71.9,69.07,0.4401,0.3725,0.3062,40,11.438,2.971,17.06,39,0.62,0.5,39,0.5897,3.078,,,,0.246,,,0.246,0.0,1.477,4.66,0.369,0.006,0.985
2560,Switchboard,5.007,137.0,27.361,193.32,523,445,104.45,88.87,0.3748,0.427,0.2284,72,4.209,1.758,6.439,71,-0.093,0.126,71,0.5439,3.994,,,,1.997,,,1.797,0.2,7.389,12.71,0.799,0.0104,
2561,Switchboard,9.995,217.0,21.712,224.02,1254,985,125.47,98.55,0.2919,0.3228,0.1301,90,6.727,3.205,10.739,89,-0.083,0.087,89,0.5017,5.003,,,,1.301,,,1.301,0.0,4.502,19.62,0.5,0.0179,
2562,Switchboard,10.001,175.0,17.498,212.77,1549,579,154.88,57.89,0.2492,0.3489,0.1715,60,9.789,3.29,13.055,59,0.206,0.169,59,0.6752,5.299,,,,0.1,,,0.1,0.0,1.7,5.84,2.8,0.0098,1.2
2563,Switchboard,7.632,63.0,8.255,179.12,1060,307,138.9,40.23,0.3519,0.4691,0.1916,25,18.138,10.325,22.08,24,0.076,0.157,24,0.766,2.097,,,,0.131,,,0.131,0.0,1.31,4.44,0.524,0.0122,
2564,Switchboard,9.988,121.0,12.115,180.32,1160,641,116.14,64.18,0.2784,0.3869,0.2011,56,10.613,3.766,13.038,55,0.073,0.204,55,0.6697,2.603,,,,0.801,,,0.801,0.0,2.503,13.12,0.3,0.02,
2565,Switchboard,4.886,145.0,29.674,206.29,651,357,133.23,73.06,0.3717,0.5098,0.204,65,4.137,2.37,4.83,64,0.315,0.217,64,0.6489,4.707,,,,0.0,,,0.0,0.0,3.684,5.32,3.07,0.0497,1.023
2566,Switchboard,10.003,254.0,25.393,204.14,466,1576,46.59,157.55,0.4077,0.2582,0.1586,109,5.595,2.233,8.688,108,-0.1,-0.005,108,0.2723,4.499,,,,1.2,,,1.1,0.1,6.198,21.71,2.899,0.0084,1.799
2567,Switchboard,6.446,117.0,18.152,208.35,536,807,83.16,125.2,0.4049,0.3668,0.2602,62,5.917,2.766,7.927,61,0.271,0.336,61,0.4416,2.637,,,,0.776,,,0.776,0.0,3.258,8.12,0.776,0.0091,0.776
2568,Switchboard,10.006,203.0,20.289,185.1,862,990,86.15,98.95,0.3167,0.2465,0.144,97,6.139,3.023,7.156,96,0.034,0.189,96,0.4771,3.298,,,,1.299,,,1.099,0.2,4.398,18.69,2.499,0.0031,2.798
2569,Switchboard,9.992,167.0,16.714,230.89,1675,632,167.64,63.25,0.274,0.4241,0.1074,63,9.752,2.843,18.519,62,-0.27,0.041,62,0.6641,4.103,,,,1.601,,,1.401,0.2,3.703,22.37,2.302,0.0048,
2570,Switchboard,10.002,194.0,19.395,208.75,952,1136,95.18,113.57,0.2857,0.3072,0.119,81,7.348,3.158,9.787,80,0.043,0.1,80,0.499,4.999,,,,0.6,,,0.6,0.0,3.199,11.85,2.699,0.0032,1.4
2571,Switchboard,9.977,99.0,9.923,177.71,1169,604,117.17,60.54,0.2934,0.4238,0.1927,43,14.042,3.582,19.799,42,-0.136,0.135,42,0.6312,2.806,,,,0.702,,,0.702,0.0,2.005,9.28,0.2,0.0087,0.401
2572,Switchboard,10.015,72.0,7.189,166.85,794,877,79.28,87.57,0.3652,0.3991,0.2848,33,17.521,7.132,23.332,32,0.663,0.674,32,0.5205,2.396,,,,0.0,,,0.0,0.0,0.599,1.99,0.599,0.0014,
2573,Switchboard,9.129,166.0,18.184,219.74,1428,578,156.42,63.31,0.2668,0.3529,0.1392,64,8.721,2.316,18.547,63,-0.228,-0.139,63,0.6723,3.067,,,,1.095,,,1.095,0.0,4.71,17.62,1.314,0.0282,
2574,Switchboard,6.335,104.0,16.417,186.74,616,567,97.24,89.5,0.4172,0.3827,0.233,43,8.452,1.835,10.769,42,0.323,0.15,42,0.5147,5.051,,,,0.0,,,0.0,0.0,2.526,4.3,0.947,0.0094,
2575,Switchboard,9.993,108.0,10.808,201.45,1171,842,117.18,84.26,0.3271,0.3314,0.1954,45,13.2,2.7,22.155,44,0.111,0.032,44,0.583,3.503,,,,0.3,,,0.3,0.0,2.302,6.51,0.1,0.0031,0.5
2576,Switchboard,9.986,97.0,9.714,157.02,783,785,78.41,78.61,0.3193,0.4038,0.2347,43,13.105,4.962,19.595,42,0.831,0.459,42,0.4523,3.104,,,,0.3,,,0.3,0.0,1.202,4.89,1.102,0.0,1.001
2577,Switchboard,6.074,125.0,20.581,205.97,648,603,106.69,99.28,0.409,0.3731,0.1002,49,7.612,3.153,10.564,48,-0.262,-0.158,48,0.5713,4.281,,,,1.482,,,1.482,0.0,5.927,14.14,1.811,0.0094,
2578,Switchboard,9.82,122.0,12.423,189.1,656,1201,66.8,122.3,0.3125,0.2781,0.1691,34,17.421,4.033,30.56,33,-0.204,-0.163,33,0.3819,4.481,,,,0.204,,,0.204,0.0,2.546,8.49,0.916,0.0114,0.102
2579,Switchboard,10.006,174.0,17.389,183.69,664,1174,66.36,117.33,0.4036,0.3211,0.1554,91,6.504,2.98,8.233,90,0.075,0.157,90,0.347,2.798,,,,0.899,,,0.899,0.0,3.298,13.97,1.399,0.0034,0.8
2580,Switchboard,10.008,116.0,11.59,205.83,532,1528,53.16,152.67,0.3534,0.2441,0.1965,44,13.502,7.458,15.147,43,0.13,0.27,43,0.3074,4.396,,,,0.2,,,0.2,0.0,1.399,3.56,0.2,0.0109,
2582,Switchboard,9.988,303.0,30.337,227.58,1260,1013,126.15,101.42,0.2833,0.3208,0.1748,140,4.111,2.283,5.292,139,0.17,0.156,139,0.5744,5.407,,,,0.701,,,0.701,0.0,6.308,19.61,3.004,0.0083,
2583,Switchboard,9.988,48.0,4.806,188.43,1406,476,140.78,47.66,0.2952,0.3845,0.1526,13,46.161,31.575,48.557,12,-0.084,-0.156,12,0.7638,2.203,,,,0.3,,,0.3,0.0,0.701,3.67,0.3,0.0024,
2584,Switchboard,9.612,287.0,29.857,202.34,975,970,101.43,100.91,0.3138,0.332,0.1407,142,4.173,2.484,5.169,141,-0.131,0.004,141,0.4851,3.017,,,,2.081,,,2.081,0.0,7.802,37.51,3.433,0.0149,2.913
2585,Switchboard,9.142,152.0,16.627,208.82,1327,582,145.16,63.66,0.2977,0.4278,0.096,62,9.263,4.164,12.502,61,-0.467,-0.249,61,0.6566,2.625,,,,2.078,,,1.86,0.219,4.266,34.17,1.203,0.0969,0.766
2586,Switchboard,9.984,217.0,21.735,198.22,746,1233,74.72,123.5,0.3606,0.3058,0.2673,121,4.698,1.885,6.877,120,0.245,0.305,120,0.428,4.107,,,,0.701,,,0.701,0.0,3.806,17.25,1.603,0.0005,2.805
2587,Switchboard,7.698,122.0,15.848,154.32,415,773,53.91,100.41,0.4554,0.3726,0.2868,65,6.298,2.585,7.212,64,0.774,0.248,64,0.3644,3.637,,,,0.26,,,0.26,0.0,2.338,6.33,1.169,0.0053,0.39
2588,Switchboard,9.99,212.0,21.221,217.51,1054,1119,105.5,112.01,0.2827,0.2752,0.1324,70,8.693,4.565,9.646,69,-0.151,-0.04,69,0.4306,4.705,,,,0.801,,,0.701,0.1,4.004,14.64,4.805,0.0073,
2589,Switchboard,9.999,90.0,9.001,180.72,1074,733,107.41,73.31,0.2607,0.442,0.2496,38,15.331,10.108,17.94,37,0.453,0.284,37,0.6229,1.5,,,,0.2,,,0.2,0.0,1.3,6.29,1.8,0.0033,0.9
2591,Switchboard,9.984,72.0,7.211,222.75,917,1307,91.85,130.91,0.337,0.3007,0.1344,31,19.547,6.069,28.851,30,-0.243,-0.165,30,0.441,1.502,,,,0.3,,,0.3,0.0,2.003,8.87,0.1,0.0035,
2592,Switchboard,10.002,123.0,12.297,221.25,941,1272,94.08,127.17,0.3124,0.3003,0.0699,40,15.467,4.978,22.919,39,-0.482,-0.02,39,0.4729,4.399,,,,1.3,,,1.1,0.2,2.699,11.45,1.0,0.0016,
2593,Switchboard,3.506,73.0,20.819,196.5,299,390,85.27,111.23,0.4448,0.4077,0.1819,23,9.054,2.128,11.126,22,-0.068,-0.242,22,0.4336,6.274,,,,0.285,,,0.285,0.0,4.278,5.31,1.711,0.0175,0.285
2594,Switchboard,10.006,223.0,22.287,218.57,1193,994,119.23,99.34,0.2816,0.2666,0.1075,88,7.189,3.769,9.459,87,-0.38,0.022,87,0.5045,5.897,,,,2.199,,,1.799,0.4,5.897,26.19,1.099,0.0026,1.499
2595,Switchboard,9.994,178.0,17.812,205.13,905,1145,90.56,114.57,0.316,0.2821,0.2551,82,7.21,2.76,9.621,81,0.089,0.14,81,0.4588,3.702,,,,1.001,,,0.901,0.1,4.203,21.1,1.301,0.002,
2596,Switchboard,8.633,266.0,30.811,217.42,1023,854,118.5,98.92,0.35,0.3009,0.1836,141,3.57,2.169,3.678,140,0.087,0.119,140,0.5242,4.286,,,,1.158,,,1.158,0.0,6.255,15.67,3.475,0.0027,
2597,Switchboard,9.049,84.0,9.283,179.47,311,1313,34.37,145.1,0.5241,0.2856,0.2076,43,12.534,6.13,18.929,42,0.04,0.22,42,0.1918,2.542,,,,0.774,,,0.553,0.221,1.658,5.3,0.0,0.0019,1.105
2598,Switchboard,9.985,237.0,23.736,212.52,1355,767,135.71,76.82,0.2753,0.3103,0.1302,118,5.284,3.382,5.948,117,-0.225,0.017,117,0.6212,3.205,,,,1.602,,,1.402,0.2,6.41,26.52,1.703,0.0052,3.405
2599,Switchboard,6.01,106.0,17.637,237.76,919,510,152.91,84.86,0.3406,0.4176,0.1745,60,6.026,2.463,8.392,59,-0.068,0.115,59,0.6301,1.83,,,,1.664,,,1.497,0.166,3.494,9.87,0.832,0.0119,1.165
2600,Switchboard,9.986,204.0,20.428,170.54,1139,564,114.06,56.48,0.3266,0.4078,0.2536,108,5.18,2.763,6.427,107,0.362,0.184,107,0.6549,3.004,,,,0.401,,,0.401,0.0,4.707,17.14,0.701,0.0131,
2602,Switchboard,9.997,55.0,5.502,145.15,248,1203,24.81,120.34,0.5121,0.3791,0.4055,29,19.203,9.865,21.452,28,1.473,1.294,28,0.164,1.701,,,,0.0,,,0.0,0.0,0.3,1.35,0.1,0.0015,0.7
2603,Switchboard,10.0,166.0,16.6,201.5,716,1299,71.6,129.9,0.2989,0.2925,0.2143,76,7.884,2.135,10.973,75,-0.01,0.125,75,0.4246,3.5,,,,0.7,,,0.7,0.0,3.5,16.03,1.2,0.0032,1.7
2604,Switchboard,10.004,116.0,11.596,205.03,666,1385,66.58,138.45,0.3423,0.3134,0.2074,41,14.367,7.965,16.758,40,0.249,0.163,40,0.2937,3.799,,,,0.1,,,0.1,0.0,1.399,5.3,1.599,0.0041,0.4
2605,Switchboard,5.868,102.0,17.383,266.03,548,1013,93.39,172.64,0.3193,0.2892,0.1144,34,10.631,3.729,15.715,33,-0.365,-0.044,33,0.3752,5.794,,,,1.704,,,1.363,0.341,3.579,8.82,1.023,0.0063,
2606,Switchboard,9.953,183.0,18.387,230.39,1877,416,188.59,41.8,0.2685,0.3942,0.1886,68,8.822,2.21,16.885,67,-0.075,0.101,67,0.8129,7.134,,,,1.105,,,1.105,0.0,3.215,21.79,0.904,0.0017,
2608,Switchboard,10.002,244.0,24.395,208.16,1428,654,142.77,65.39,0.2402,0.3287,0.1992,126,4.616,1.52,7.528,125,0.143,0.182,125,0.6605,5.799,,,,1.0,,,0.9,0.1,4.399,14.58,1.2,0.002,2.4
2609,Switchboard,9.994,152.0,15.209,206.52,1701,363,170.2,36.32,0.2551,0.4215,0.1623,63,9.584,4.453,13.977,62,-0.093,-0.006,62,0.782,2.001,,,,1.401,,,1.301,0.1,3.602,16.64,2.201,0.0119,0.4
2610,Switchboard,9.998,144.0,14.402,182.83,710,1118,71.01,111.82,0.3465,0.2773,0.1864,87,6.851,4.475,6.757,86,0.038,0.183,86,0.4374,1.7,,,,0.9,,,0.9,0.0,3.0,16.03,0.8,0.0006,2.7
2611,Switchboard,10.004,137.0,13.695,187.53,1060,816,105.96,81.57,0.3009,0.3248,0.2102,49,12.195,6.632,14.523,48,-0.032,0.007,48,0.5852,3.799,,,,0.7,,,0.6,0.1,2.799,11.66,1.899,0.003,0.2
2612,Switchboard,10.009,200.0,19.982,209.31,1316,779,131.48,77.83,0.3047,0.3954,0.0819,84,7.637,5.391,7.818,83,-0.505,-0.262,83,0.5985,2.698,,,,1.998,,,1.898,0.1,6.294,32.91,1.798,0.0076,
2613,Switchboard,9.998,143.0,14.303,185.73,1163,694,116.32,69.41,0.3044,0.4352,0.2081,60,9.706,5.921,10.629,59,0.225,0.125,59,0.6113,4.001,,,,0.8,,,0.7,0.1,2.801,11.18,0.9,0.0031,
2614,Switchboard,9.978,85.0,8.519,210.56,1535,566,153.84,56.72,0.2534,0.4064,0.1889,43,13.803,5.683,20.68,42,0.099,0.166,42,0.6933,2.004,,,,0.702,,,0.702,0.0,1.804,11.46,0.301,0.0006,0.601
2615,Switchboard,9.113,169.0,18.545,232.96,1079,1044,118.4,114.56,0.3281,0.3084,0.2133,86,6.4,2.338,8.445,85,-0.077,0.046,85,0.4721,3.292,,,,0.878,,,0.878,0.0,4.28,11.5,0.878,0.0065,0.878
2616,Switchboard,9.012,138.0,15.313,200.51,1497,310,166.11,34.4,0.2525,0.4581,0.2188,52,9.948,2.76,15.691,51,0.389,0.283,51,0.8322,7.213,,,,0.0,,,0.0,0.0,1.221,3.33,0.222,0.0077,0.999
2617,Switchboard,8.402,122.0,14.521,217.69,726,1103,86.41,131.28,0.3347,0.2593,0.1649,52,9.657,3.322,11.955,51,-0.03,0.048,51,0.4027,4.285,,,,0.476,,,0.476,0.0,2.38,5.92,0.952,0.0056,0.595
2618,Switchboard,9.988,162.0,16.219,190.53,978,925,97.92,92.61,0.316,0.3719,0.1823,83,7.026,3.03,8.582,82,0.184,0.252,82,0.5007,2.903,,,,0.501,,,0.501,0.0,2.603,11.43,1.201,0.0055,
2619,Switchboard,5.696,92.0,16.151,204.35,932,232,163.62,40.73,0.3498,0.5948,0.1213,35,9.591,3.931,17.786,34,0.053,0.158,34,0.7827,3.16,,,,0.878,,,0.878,0.0,2.985,6.65,2.809,0.0134,0.878
2620,Switchboard,6.385,143.0,22.397,191.55,810,413,126.86,64.69,0.3321,0.4722,0.1411,74,5.3,1.838,7.17,73,-0.183,-0.02,73,0.6757,2.193,,,,1.566,,,1.41,0.157,6.735,18.3,1.096,0.0159,2.663
2621,Switchboard,9.998,297.0,29.707,226.45,1459,805,145.93,80.52,0.2831,0.3143,0.1436,137,4.478,2.39,6.374,136,-0.113,0.002,136,0.5753,4.501,,,,1.4,,,1.3,0.1,7.702,25.09,2.601,0.0089,1.8
2622,Switchboard,8.835,97.0,10.979,187.1,532,1121,60.22,126.89,0.4192,0.2926,0.2617,47,10.78,5.144,11.432,46,0.435,0.424,46,0.411,3.169,,,,0.226,,,0.226,0.0,1.358,4.09,0.679,0.0071,0.792
2623,Switchboard,9.998,193.0,19.304,189.84,786,1112,78.62,111.22,0.3435,0.2797,0.1683,80,7.644,2.652,13.701,79,-0.161,0.115,79,0.4512,4.701,,,,1.0,,,0.8,0.2,3.801,12.55,1.8,0.004,0.8
2624,Switchboard,9.988,149.0,14.918,172.61,767,957,76.79,95.82,0.3533,0.3668,0.1469,71,8.595,3.386,11.649,70,-0.167,0.011,70,0.4053,3.304,,,,1.001,,,0.801,0.2,3.705,13.56,0.701,0.0002,
2625,Switchboard,7.499,86.0,11.469,195.77,609,859,81.21,114.55,0.3695,0.3481,0.1315,36,13.033,2.33,25.257,35,-0.596,-0.096,35,0.4383,2.667,,,,0.934,,,0.8,0.133,3.067,13.7,0.533,0.0053,
2626,Switchboard,9.977,154.0,15.436,151.35,823,687,82.49,68.86,0.356,0.3712,0.2839,84,6.955,4.388,7.377,83,0.159,0.175,83,0.5372,2.105,,,,0.802,,,0.802,0.0,3.508,17.59,0.401,0.007,
2627,Switchboard,8.663,304.0,35.091,230.17,884,1110,102.04,128.13,0.3518,0.2766,0.1162,141,3.85,2.018,5.964,140,-0.189,-0.116,140,0.4342,4.386,,,,2.77,,,2.309,0.462,11.081,38.56,1.962,0.0243,1.616
2628,Switchboard,10.001,133.0,13.299,211.08,1324,787,132.39,78.69,0.2364,0.3113,0.2199,51,11.841,3.56,13.555,50,-0.094,0.174,50,0.6147,4.7,,,,0.8,,,0.7,0.1,2.4,11.44,0.4,0.0051,0.1
2629,Switchboard,10.015,195.0,19.471,251.73,1182,1339,118.03,133.7,0.2834,0.2845,0.1296,75,8.166,3.947,11.669,74,-0.157,-0.017,74,0.4677,6.49,,,,0.899,,,0.799,0.1,3.894,15.58,0.899,0.0029,
2630,Switchboard,9.993,262.0,26.22,239.18,1083,1307,108.38,130.8,0.3075,0.293,0.103,136,4.735,2.962,4.889,135,-0.34,0.014,135,0.4434,2.802,,,,2.702,,,2.402,0.3,7.906,41.6,1.201,0.0063,2.001
2631,Switchboard,9.992,199.0,19.916,221.08,1290,919,129.1,91.97,0.2899,0.2982,0.0843,82,7.763,3.052,11.23,81,-0.47,-0.203,81,0.5878,4.003,,,,2.302,,,2.102,0.2,6.305,35.3,1.001,0.0034,0.6
2632,Switchboard,7.52,205.0,27.26,170.87,928,357,123.4,47.47,0.3222,0.4846,0.2081,96,4.537,1.295,8.292,95,0.116,0.112,95,0.7116,3.856,,,,0.532,,,0.532,0.0,4.654,10.41,2.128,0.0358,2.527
2633,Switchboard,9.992,72.0,7.206,210.87,564,1543,56.45,154.42,0.3759,0.2482,0.1473,28,21.146,11.15,23.193,27,0.238,0.36,27,0.26,2.102,,,,0.4,,,0.3,0.1,0.801,4.05,1.101,0.0012,
2634,Switchboard,10.004,101.0,10.096,186.92,764,1106,76.37,110.55,0.3678,0.3671,0.2834,46,12.062,5.256,14.976,45,0.967,0.861,45,0.4378,2.599,,,,0.3,,,0.3,0.0,1.299,5.44,0.9,0.005,1.399
2635,Switchboard,9.98,104.0,10.421,187.88,753,1122,75.45,112.43,0.3267,0.3173,0.1996,50,11.76,6.006,15.435,49,0.206,0.275,49,0.4185,3.006,,,,0.301,,,0.301,0.0,1.503,7.2,0.2,0.0071,
2636,Switchboard,10.0,91.0,9.1,175.41,444,1310,44.4,131.0,0.4099,0.3137,0.2504,32,18.434,4.983,27.133,31,0.259,0.154,31,0.2474,3.7,,,,0.2,,,0.2,0.0,1.1,4.01,0.8,0.0042,
2637,Switchboard,8.091,152.0,18.786,195.77,973,611,120.26,75.51,0.3556,0.3879,0.1515,70,6.843,2.85,9.743,69,0.052,0.183,69,0.642,3.09,,,,0.989,,,0.989,0.0,3.831,9.87,2.101,0.017,
2638,Switchboard,7.687,168.0,21.856,215.83,618,1041,80.4,135.43,0.3398,0.2997,0.2007,80,5.579,1.973,7.288,79,0.147,0.18,79,0.3349,5.594,,,,1.301,,,1.041,0.26,4.553,9.38,0.781,0.0082,0.911
2640,Switchboard,4.723,95.0,20.115,249.0,919,257,194.59,54.42,0.3243,0.4981,0.0971,32,9.166,2.324,19.58,31,-0.471,-0.255,31,0.764,4.235,,,,1.906,,,1.482,0.423,5.293,12.69,0.212,0.0265,0.423
2641,Switchboard,9.99,218.0,21.823,235.34,1082,1269,108.31,127.03,0.2948,0.2687,0.1399,87,6.968,3.255,8.927,86,-0.099,-0.016,86,0.4599,4.204,,,,0.901,,,0.901,0.0,4.905,20.46,2.302,0.0133,0.901
2642,Switchboard,9.995,92.0,9.204,213.0,1195,934,119.56,93.44,0.2301,0.2773,0.1463,34,17.622,9.475,25.781,33,-0.016,0.133,33,0.522,3.001,,,,0.4,,,0.4,0.0,1.401,5.43,1.201,0.0006,0.6
2643,Switchboard,9.976,268.0,26.863,247.68,1237,1234,123.99,123.69,0.2935,0.2731,0.121,140,4.416,2.373,5.491,139,-0.147,0.047,139,0.4746,4.611,,,,1.904,,,1.804,0.1,7.718,28.97,0.301,0.001,
2644,Switchboard,5.883,89.0,15.129,169.48,512,485,87.04,82.45,0.3926,0.4268,0.2074,53,6.509,1.67,10.07,52,0.083,0.166,52,0.4985,2.04,,,,0.68,,,0.68,0.0,2.89,6.58,0.17,0.0232,
2645,Switchboard,8.609,150.0,17.424,155.31,505,832,58.66,96.64,0.4851,0.3438,0.3134,92,5.232,3.513,5.366,91,0.352,0.306,91,0.4315,2.323,,,,0.348,,,0.348,0.0,2.323,7.48,0.929,0.0149,2.323
2646,Switchboard,10.007,81.0,8.094,191.36,955,960,95.43,95.93,0.3372,0.3208,0.118,28,21.905,3.23,41.734,27,-0.515,0.074,27,0.4461,2.498,,,,0.799,,,0.799,0.0,1.699,12.27,0.899,0.0015,
2647,Switchboard,9.997,145.0,14.505,191.67,1034,882,103.44,88.23,0.2737,0.3447,0.1662,41,14.867,3.815,19.776,40,-0.298,-0.082,40,0.5448,5.602,,,,1.0,,,0.8,0.2,3.101,10.54,0.8,0.0054,0.2
2648,Switchboard,9.982,129.0,12.923,201.06,1587,420,158.98,42.07,0.2357,0.3881,0.1352,49,12.487,5.089,20.355,48,-0.29,0.018,48,0.7817,4.808,,,,1.102,,,1.102,0.0,2.504,11.7,0.1,0.0039,0.1
2649,Switchboard,7.141,90.0,12.604,218.75,674,888,94.39,124.36,0.3769,0.3052,0.2333,45,9.353,2.845,12.416,44,0.119,0.177,44,0.4355,3.361,,,,0.84,,,0.84,0.0,1.961,8.43,0.7,0.0028,
2650,Switchboard,9.995,267.0,26.713,216.41,1213,950,121.36,95.05,0.2366,0.3042,0.1027,110,5.962,2.79,7.604,109,-0.522,-0.167,109,0.5699,3.202,,,,3.202,,,2.801,0.4,8.704,49.84,3.302,0.0046,1.601
2651,Switchboard,7.944,167.0,21.023,187.19,1036,451,130.42,56.77,0.3243,0.4324,0.2512,73,6.62,2.758,12.888,72,-0.109,-0.007,72,0.6559,4.154,,,,1.762,,,1.385,0.378,5.287,22.13,0.629,0.0123,
2652,Switchboard,6.049,168.0,27.774,228.47,639,743,105.64,122.83,0.3302,0.319,0.1034,61,6.175,3.579,7.166,60,-0.282,-0.155,60,0.4181,6.448,,,,2.149,,,2.149,0.0,6.613,19.81,2.48,0.0127,0.165
2653,Switchboard,6.824,116.0,16.999,196.66,842,500,123.39,73.27,0.3694,0.446,0.1837,57,6.994,2.952,10.194,56,0.131,0.119,56,0.597,4.396,,,,1.026,,,1.026,0.0,2.784,6.81,0.733,0.0179,1.172
2654,Switchboard,9.079,254.0,27.976,228.99,850,1229,93.62,135.36,0.3259,0.2718,0.1622,117,4.932,2.724,5.379,116,-0.306,-0.052,116,0.3765,5.397,,,,2.974,,,2.533,0.441,8.701,28.24,0.33,0.0063,
2656,Switchboard,8.368,127.0,15.177,174.72,596,866,71.23,103.49,0.3708,0.3187,0.2147,56,8.65,2.611,11.848,55,0.153,0.12,55,0.4116,4.183,,,,0.12,,,0.12,0.0,2.749,6.66,0.239,0.039,
2657,Switchboard,9.999,109.0,10.901,179.31,1019,774,101.91,77.41,0.3415,0.3152,0.2399,51,11.926,5.727,16.748,50,-0.176,0.127,50,0.6122,2.7,,,,0.7,,,0.7,0.0,2.5,13.42,0.3,0.0033,1.0
2658,Switchboard,9.998,195.0,19.503,222.14,1157,1064,115.72,106.42,0.299,0.3008,0.1688,92,6.815,2.503,12.08,91,-0.326,-0.0,91,0.4765,3.901,,,,1.3,,,1.3,0.0,4.901,22.17,1.0,0.0058,1.2
2659,Switchboard,9.986,226.0,22.632,197.38,1086,885,108.75,88.62,0.2965,0.339,0.1448,85,7.219,2.8,9.8,84,-0.175,-0.084,84,0.5332,6.81,,,,1.502,,,1.402,0.1,5.107,18.44,0.901,0.0108,
2661,Switchboard,9.988,220.0,22.027,147.38,696,776,69.69,77.7,0.3649,0.3776,0.3293,106,5.213,2.166,6.921,105,0.436,0.342,105,0.4975,3.805,,,,0.2,,,0.2,0.0,3.004,11.22,2.703,0.0307,1.402
2662,Switchboard,6.528,141.0,21.6,260.11,727,971,111.37,148.75,0.3604,0.3203,0.1126,68,6.051,2.604,6.801,67,-0.333,-0.119,67,0.4293,3.37,,,,1.226,,,1.226,0.0,6.434,17.49,0.306,0.009,2.451
2663,Switchboard,8.18,138.0,16.871,233.25,1081,827,132.15,101.1,0.3062,0.341,0.1265,64,7.771,3.924,8.895,63,-0.158,0.059,63,0.5759,4.034,,,,0.978,,,0.856,0.122,4.279,12.88,0.489,0.0052,0.856
2664,Switchboard,7.054,167.0,23.674,198.47,606,794,85.91,112.56,0.3746,0.3035,0.1439,65,6.406,4.889,7.137,64,0.063,0.044,64,0.4206,2.126,,,,0.567,,,0.567,0.0,4.82,11.12,4.111,0.0254,
2665,Switchboard,7.726,109.0,14.108,213.82,1144,508,148.07,65.75,0.3086,0.4469,0.1873,50,9.058,5.924,11.221,49,0.161,0.109,49,0.681,1.553,,,,0.388,,,0.388,0.0,2.459,4.15,2.071,0.0126,
2666,Switchboard,8.234,231.0,28.054,237.67,1256,701,152.54,85.13,0.2922,0.3638,0.1086,108,4.781,2.972,5.497,107,-0.239,-0.031,107,0.618,3.158,,,,1.822,,,1.579,0.243,7.408,23.26,2.429,0.0142,
2667,Switchboard,9.986,157.0,15.722,229.12,1443,845,144.5,84.62,0.2696,0.3101,0.0848,53,11.637,5.372,14.392,52,-0.358,-0.111,52,0.6142,4.807,,,,0.701,,,0.701,0.0,3.805,15.41,1.502,0.0033,1.202
2668,Switchboard,9.989,190.0,19.021,214.14,1688,451,168.99,45.15,0.2814,0.408,0.1174,85,7.096,2.153,11.586,84,-0.046,0.083,84,0.7552,4.705,,,,0.601,,,0.501,0.1,3.604,9.21,1.001,0.0079,
2669,Switchboard,9.999,184.0,18.402,214.63,1398,748,139.82,74.81,0.2797,0.3463,0.2042,95,6.286,2.114,8.945,94,0.019,0.094,94,0.6889,3.2,,,,1.3,,,1.3,0.0,4.301,19.58,0.8,0.0026,0.7
2670,Switchboard,10.013,172.0,17.177,197.94,644,1338,64.32,133.62,0.3789,0.2638,0.1381,57,10.365,4.31,11.924,56,0.163,0.179,56,0.3626,4.694,,,,0.499,,,0.499,0.0,2.397,8.33,3.096,0.0151,
2671,Switchboard,9.996,191.0,19.107,212.48,1462,662,146.26,66.23,0.2729,0.355,0.1017,75,8.357,3.635,10.831,74,-0.371,-0.006,74,0.6087,2.201,,,,2.201,,,1.701,0.5,4.302,32.36,4.202,0.009,
2672,Switchboard,9.992,79.0,7.906,169.23,662,1029,66.25,102.98,0.3958,0.3226,0.3079,32,17.905,12.873,17.445,31,0.822,0.659,31,0.4189,3.703,,,,0.0,,,0.0,0.0,0.1,0.24,0.6,0.0023,0.5
2673,Switchboard,9.995,140.0,14.006,155.37,534,1019,53.42,101.95,0.3764,0.3435,0.2533,60,9.801,3.496,12.604,59,0.175,0.146,59,0.3115,2.801,,,,0.5,,,0.5,0.0,2.701,9.13,1.301,0.0236,
2674,Switchboard,8.305,78.0,9.391,167.36,687,703,82.72,84.64,0.4134,0.3343,0.2983,36,13.046,3.753,15.617,35,0.703,0.421,35,0.5838,2.528,,,,0.0,,,0.0,0.0,0.843,1.5,0.963,0.0045,
2675,Switchboard,9.721,196.0,20.162,172.1,774,899,79.62,92.48,0.3488,0.3526,0.2063,104,5.468,2.495,7.301,103,0.109,0.075,103,0.46,3.703,,,,0.309,,,0.309,0.0,4.835,13.41,0.411,0.0056,1.234
2676,Switchboard,9.995,252.0,25.213,205.4,974,1079,97.45,107.95,0.3275,0.3077,0.1652,132,4.638,2.377,6.212,131,-0.106,0.081,131,0.5066,3.202,,,,1.801,,,1.601,0.2,6.603,25.98,1.801,0.003,2.101
2678,Switchboard,4.236,150.0,35.407,227.78,622,343,146.82,80.96,0.3891,0.4052,0.141,66,3.809,1.414,5.943,65,-0.017,0.027,65,0.646,7.081,,,,0.708,,,0.708,0.0,7.79,7.77,1.652,0.0219,0.708
2679,Switchboard,9.999,180.0,18.002,231.52,1491,824,149.11,82.41,0.2643,0.335,0.1142,63,9.669,3.38,13.943,62,-0.169,-0.002,62,0.5868,5.701,,,,0.7,,,0.7,0.0,3.2,13.11,1.1,0.0098,1.0
2680,Switchboard,9.999,164.0,16.402,196.62,1273,693,127.31,69.31,0.2914,0.3925,0.2145,74,8.075,2.433,12.074,73,-0.011,0.06,73,0.6141,4.1,,,,0.5,,,0.5,0.0,3.5,10.04,0.2,0.0172,
2681,Switchboard,6.19,155.0,25.042,180.46,543,574,87.73,92.73,0.418,0.4111,0.2247,75,4.801,2.011,6.623,74,0.111,-0.004,74,0.5234,3.877,,,,1.131,,,1.131,0.0,6.301,13.19,0.485,0.0153,
2682,Switchboard,9.998,228.0,22.804,213.84,1067,1071,106.72,107.12,0.2727,0.2969,0.113,79,7.805,3.079,11.97,78,-0.229,-0.071,78,0.4849,7.101,,,,1.2,,,1.1,0.1,5.401,19.25,1.2,0.009,
2684,Switchboard,8.528,163.0,19.114,187.27,847,750,99.32,87.95,0.3164,0.3667,0.1687,66,7.759,2.693,10.01,65,-0.056,-0.056,65,0.5102,5.98,,,,1.173,,,1.173,0.0,4.104,15.13,0.821,0.0044,1.173
2685,Switchboard,9.991,135.0,13.512,220.39,871,1331,87.17,133.21,0.3433,0.308,0.1351,56,10.639,5.458,15.347,55,0.048,0.172,55,0.4055,3.803,,,,0.5,,,0.5,0.0,2.302,8.19,1.101,0.0076,
2686,Switchboard,4.565,137.0,30.013,248.43,691,443,151.38,97.05,0.3922,0.4853,0.134,78,3.407,1.534,4.892,77,0.06,0.129,77,0.5671,4.601,,,,0.876,,,0.876,0.0,3.943,6.25,1.095,0.0251,
2687,Switchboard,9.292,152.0,16.358,212.98,700,1279,75.33,137.65,0.4086,0.3135,0.1639,71,7.734,3.48,9.85,70,0.081,0.166,70,0.3518,3.982,,,,0.969,,,0.969,0.0,2.906,10.76,1.507,0.0046,
2688,Switchboard,9.989,88.0,8.81,164.98,783,865,78.38,86.59,0.3448,0.3445,0.2527,31,19.0,9.746,22.074,30,0.304,0.419,30,0.5348,2.703,,,,0.2,,,0.2,0.0,1.101,5.51,0.501,0.0077,
2689,Switchboard,4.998,70.0,14.007,207.9,274,765,54.83,153.07,0.4489,0.3647,0.1481,26,11.39,4.962,14.169,25,-0.009,0.061,25,0.2866,4.202,,,,0.4,,,0.4,0.0,2.201,7.64,0.8,0.0168,1.201
2690,Switchboard,10.008,108.0,10.792,192.55,850,1077,84.94,107.62,0.3635,0.3166,0.1893,47,12.508,4.512,15.154,46,0.263,0.325,46,0.4568,3.298,,,,0.3,,,0.3,0.0,1.099,4.47,1.499,0.001,0.3
2691,Switchboard,4.652,156.0,33.532,194.53,308,597,66.2,128.32,0.5357,0.3853,0.1825,82,3.443,1.79,3.717,81,-0.076,-0.017,81,0.3487,3.654,,,,1.72,,,1.72,0.0,9.243,13.55,1.505,0.0199,2.794
2692,Switchboard,9.999,159.0,15.901,237.32,1241,1132,124.11,113.21,0.2917,0.3074,0.141,51,11.895,3.77,17.979,50,-0.139,-0.135,50,0.5114,6.5,,,,0.2,,,0.2,0.0,3.6,11.06,0.3,0.0033,0.5
2693,Switchboard,10.001,236.0,23.597,202.98,734,1296,73.39,129.59,0.3365,0.2523,0.1295,96,6.354,2.558,7.42,95,-0.12,-0.001,95,0.3794,6.299,,,,1.5,,,1.4,0.1,5.199,17.42,1.4,0.0041,1.5
2694,Switchboard,3.277,77.0,23.499,206.3,334,342,101.93,104.37,0.5,0.4971,0.1567,27,7.203,4.307,7.63,26,-0.103,-0.0,26,0.4875,4.883,,,,1.221,,,1.221,0.0,4.578,5.46,4.273,0.0129,
2695,Switchboard,9.688,214.0,22.088,162.88,426,1152,43.97,118.91,0.392,0.3047,0.2864,107,5.149,2.23,6.683,106,0.261,0.305,106,0.283,5.677,,,,0.723,,,0.723,0.0,3.2,15.11,1.961,0.0026,
2696,Switchboard,8.496,193.0,22.717,237.88,1546,475,181.97,55.91,0.2568,0.4,0.1654,94,5.36,1.94,8.301,93,0.036,0.08,93,0.702,4.237,,,,0.706,,,0.706,0.0,4.826,12.96,2.236,0.0023,
2697,Switchboard,9.997,180.0,18.005,199.95,636,1363,63.62,136.34,0.3726,0.2751,0.1578,75,8.029,1.85,16.278,74,-0.041,-0.003,74,0.3071,5.301,,,,0.6,,,0.6,0.0,4.001,12.14,1.0,0.0015,
2698,Switchboard,7.309,186.0,25.45,182.8,890,446,121.78,61.02,0.3292,0.4013,0.1748,91,4.629,1.883,6.768,90,0.167,0.174,90,0.6479,3.968,,,,0.41,,,0.41,0.0,4.652,11.04,3.01,0.0173,
2699,Switchboard,6.415,222.0,34.606,226.96,736,720,114.73,112.23,0.3288,0.2931,0.1258,84,4.676,2.119,5.943,83,-0.132,-0.043,83,0.5306,9.976,,,,2.182,,,1.871,0.312,7.794,18.42,1.871,0.0167,
2700,Switchboard,7.955,123.0,15.461,226.64,838,965,105.34,121.3,0.2936,0.314,0.2389,64,7.475,4.062,8.644,63,-0.064,0.167,63,0.5287,2.263,,,,1.508,,,1.508,0.0,3.52,18.03,0.88,0.0041,
2701,Switchboard,9.985,193.0,19.329,191.99,853,1064,85.43,106.56,0.3154,0.266,0.151,89,6.837,2.659,10.678,88,-0.123,-0.059,88,0.408,3.906,,,,1.703,,,1.703,0.0,4.807,27.56,1.202,0.0023,
2702,Switchboard,6.813,177.0,25.981,235.01,912,689,133.87,101.14,0.3048,0.357,0.0817,54,8.068,3.178,13.132,53,-0.556,-0.214,53,0.5119,6.605,,,,1.174,,,1.174,0.0,6.605,14.83,2.349,0.0221,0.44
2703,Switchboard,10.007,215.0,21.485,240.93,1205,1206,120.42,120.52,0.2838,0.2919,0.1589,105,5.698,2.294,8.358,104,0.013,0.135,104,0.4892,4.897,,,,0.7,,,0.6,0.1,4.497,16.17,1.299,0.002,1.099
2704,Switchboard,7.742,194.0,25.057,213.37,689,963,88.99,124.38,0.3309,0.2804,0.1228,82,6.112,2.738,7.199,81,-0.489,-0.256,81,0.451,5.295,,,,2.841,,,2.712,0.129,7.104,28.2,1.162,0.0089,
2705,Switchboard,10.016,197.0,19.669,224.75,1377,874,137.48,87.26,0.2542,0.3124,0.1471,74,8.616,3.403,11.962,73,-0.515,-0.282,73,0.5927,5.491,,,,1.897,,,1.797,0.1,4.992,26.37,1.298,0.0032,
2706,Switchboard,10.0,132.0,13.2,202.09,638,1383,63.8,138.3,0.3871,0.2769,0.1411,64,9.192,3.581,15.712,63,0.185,0.12,63,0.3187,3.6,,,,0.3,,,0.3,0.0,2.2,5.23,0.7,0.0029,
2707,Switchboard,10.0,175.0,17.501,219.91,567,1632,56.7,163.21,0.3527,0.261,0.1563,62,9.603,3.685,13.114,61,0.072,0.11,61,0.2943,6.5,,,,0.6,,,0.6,0.0,2.7,10.07,1.1,0.0129,1.5
2708,Switchboard,10.0,70.0,7.0,166.9,934,735,93.4,73.5,0.303,0.3837,0.3035,40,14.263,6.167,19.051,39,0.663,0.632,39,0.5619,1.4,,,,0.3,,,0.3,0.0,0.8,2.45,0.2,0.0052,1.1
2709,Switchboard,9.946,139.0,13.976,199.28,475,1507,47.76,151.52,0.3979,0.2508,0.1665,58,10.249,2.257,14.951,57,-0.037,-0.019,57,0.2786,3.62,,,,0.503,,,0.503,0.0,3.419,10.42,0.402,0.0045,0.402
2710,Switchboard,9.991,145.0,14.513,174.66,985,760,98.59,76.07,0.2914,0.3618,0.2093,54,10.74,4.604,13.344,53,0.311,0.254,53,0.5941,4.604,,,,0.4,,,0.4,0.0,1.702,4.5,2.302,0.003,0.4
2711,Switchboard,9.984,168.0,16.828,149.35,1047,444,104.87,44.47,0.3324,0.3806,0.3517,87,6.452,3.16,9.8,86,0.422,0.325,86,0.6844,5.209,,,,0.3,,,0.3,0.0,1.803,8.1,0.801,0.0087,1.803
2712,Switchboard,10.0,351.0,35.1,292.8,1766,1162,176.6,116.2,0.2361,0.259,0.0663,150,4.41,3.067,5.604,149,-0.419,-0.277,149,0.6028,5.6,,,,1.9,,,1.8,0.1,11.4,50.58,1.8,0.0087,
2713,Switchboard,10.002,109.0,10.897,223.95,1291,949,129.07,94.88,0.2796,0.3235,0.1783,47,12.549,3.133,16.857,46,0.205,0.315,46,0.5532,3.699,,,,0.3,,,0.2,0.1,1.2,3.61,1.1,0.0006,0.5
2714,Switchboard,9.994,175.0,17.511,177.71,764,1012,76.45,101.26,0.4018,0.3893,0.1343,85,7.181,3.793,9.29,84,-0.139,0.031,84,0.417,2.201,,,,1.201,,,1.101,0.1,4.103,15.21,1.401,0.0096,
2715,Switchboard,10.014,264.0,26.363,215.0,931,1222,92.97,122.03,0.3276,0.3077,0.1128,94,6.73,2.56,8.799,93,-0.343,-0.125,93,0.4411,7.989,,,,1.997,,,1.797,0.2,6.591,29.16,1.498,0.0126,
2716,Switchboard,9.998,271.0,27.104,238.44,1222,1162,122.22,116.22,0.2799,0.29,0.1143,137,4.635,2.39,5.719,136,-0.264,-0.063,136,0.5556,2.3,,,,2.4,,,2.2,0.2,8.701,32.27,1.0,0.0129,1.5
2717,Switchboard,9.983,106.0,10.618,196.43,1001,960,100.27,96.16,0.3107,0.3385,0.2186,43,13.561,9.112,14.805,42,0.329,0.18,42,0.5169,3.406,,,,0.301,,,0.301,0.0,1.803,5.06,0.401,0.0098,1.503
2718,Switchboard,10.001,89.0,8.899,197.28,1087,886,108.69,88.59,0.2797,0.3002,0.2459,47,12.296,1.918,24.427,46,0.465,0.435,46,0.5915,3.1,,,,0.3,,,0.3,0.0,0.6,2.47,0.1,0.0033,
2719,Switchboard,9.996,148.0,14.806,188.78,741,1146,74.13,114.65,0.3738,0.3307,0.1379,60,9.999,3.04,15.101,59,-0.019,0.028,59,0.3894,4.202,,,,0.4,,,0.4,0.0,2.901,10.71,1.1,0.0041,0.8
2720,Switchboard,9.991,104.0,10.409,181.86,933,884,93.38,88.48,0.3333,0.2986,0.2353,40,14.7,5.791,20.668,39,0.234,0.149,39,0.5104,2.102,,,,0.2,,,0.2,0.0,1.601,6.47,0.4,0.0221,
2721,Switchboard,9.994,183.0,18.31,219.02,1504,685,150.49,68.54,0.2779,0.3635,0.1182,74,8.391,4.344,12.687,73,-0.305,-0.016,73,0.6893,2.201,,,,2.001,,,1.801,0.2,4.703,20.27,0.6,0.0202,
2722,Switchboard,7.026,109.0,15.515,167.53,345,832,49.11,118.42,0.429,0.3918,0.1955,44,9.59,2.257,16.274,43,-0.105,0.025,43,0.3201,3.416,,,,0.427,,,0.427,0.0,2.989,6.37,1.423,0.0135,
2723,Switchboard,10.001,152.0,15.199,219.09,1460,731,145.99,73.1,0.2548,0.3721,0.1854,77,7.604,3.546,8.965,76,0.183,0.264,76,0.608,4.0,,,,0.8,,,0.8,0.0,2.7,11.87,0.1,0.0039,1.4
2724,Switchboard,8.952,137.0,15.303,195.93,843,911,94.17,101.76,0.3559,0.3304,0.1982,66,7.923,2.079,12.776,65,0.17,0.182,65,0.5193,3.798,,,,0.223,,,0.223,0.0,2.122,4.94,0.223,0.0165,1.899
2725,Switchboard,9.982,225.0,22.542,239.24,1392,996,139.46,99.78,0.273,0.2912,0.1179,121,5.139,3.102,6.115,120,-0.199,-0.052,120,0.5957,2.605,,,,1.302,,,1.302,0.0,6.712,28.35,0.601,0.002,
2726,Switchboard,9.491,306.0,32.24,231.69,1116,1083,117.58,114.1,0.2805,0.277,0.1606,131,4.582,2.026,6.806,130,-0.275,-0.148,130,0.5326,5.689,,,,2.529,,,2.529,0.0,9.482,40.66,1.58,0.0152,0.948
2727,Switchboard,10.004,188.0,18.793,197.42,1143,832,114.26,83.17,0.322,0.3293,0.1324,66,9.156,3.746,12.385,65,-0.097,0.037,65,0.5547,7.497,,,,0.7,,,0.7,0.0,3.199,11.63,0.3,0.0085,
2728,Switchboard,7.625,188.0,24.656,218.36,700,965,91.8,126.56,0.3757,0.3005,0.1264,85,5.558,2.86,6.87,84,-0.222,-0.086,84,0.4495,4.066,,,,1.836,,,1.836,0.0,7.606,20.02,1.705,0.0044,
2729,Switchboard,9.982,167.0,16.73,184.53,1205,637,120.72,63.82,0.3187,0.3516,0.1935,52,11.262,7.227,15.598,51,0.196,0.14,51,0.641,6.211,,,,0.401,,,0.301,0.1,2.605,9.94,2.304,0.0039,0.401
2730,Switchboard,8.748,115.0,13.146,173.75,991,529,113.28,60.47,0.3481,0.4272,0.1627,54,9.297,5.027,11.878,53,0.358,0.309,53,0.663,1.486,,,,0.457,,,0.457,0.0,2.058,4.88,3.086,0.0058,
2731,Switchboard,9.994,106.0,10.607,196.22,1067,894,106.77,89.46,0.3261,0.3613,0.1499,41,14.377,11.248,11.482,40,0.23,0.175,40,0.5276,3.002,,,,0.2,,,0.2,0.0,0.901,2.71,1.401,0.0087,
2732,Switchboard,9.996,145.0,14.505,227.78,544,1733,54.42,173.36,0.3438,0.2908,0.1045,57,10.881,5.657,15.123,56,-0.373,0.001,56,0.2365,4.402,,,,1.1,,,1.0,0.1,3.101,18.66,0.8,0.0043,
2733,Switchboard,10.011,166.0,16.583,229.86,452,1849,45.15,184.71,0.427,0.2742,0.1289,52,11.627,1.624,22.183,51,-0.097,0.093,51,0.2394,4.595,,,,0.4,,,0.4,0.0,2.397,11.48,1.199,0.0224,0.499
2734,Switchboard,9.984,115.0,11.518,179.09,991,797,99.26,79.83,0.334,0.3576,0.2214,61,9.568,5.765,9.328,60,0.24,0.203,60,0.5462,2.204,,,,0.2,,,0.2,0.0,2.003,9.85,0.401,0.0041,0.901
2735,Switchboard,9.995,227.0,22.711,188.39,1014,869,101.45,86.94,0.2988,0.3049,0.2199,103,5.787,2.908,6.654,102,0.024,0.037,102,0.5079,5.303,,,,1.101,,,1.101,0.0,5.002,18.59,0.9,0.0087,
2736,Switchboard,9.998,109.0,10.902,196.44,906,1058,90.62,105.82,0.3455,0.3062,0.198,34,17.46,8.21,18.642,33,0.139,0.129,33,0.4635,4.401,,,,0.2,,,0.2,0.0,1.4,6.16,1.2,0.0039,0.8
2737,Switchboard,8.782,153.0,17.422,203.14,716,1068,81.53,121.61,0.3617,0.3015,0.1232,59,8.875,3.155,11.828,58,0.011,0.047,58,0.3929,4.669,,,,0.455,,,0.455,0.0,2.733,10.16,2.391,0.0106,
2738,Switchboard,9.512,109.0,11.459,177.03,900,784,94.61,82.42,0.3778,0.3355,0.2237,46,11.896,4.035,13.635,45,0.446,0.411,45,0.5334,3.469,,,,0.21,,,0.21,0.0,1.262,3.61,1.472,0.0043,
2739,Switchboard,8.09,133.0,16.44,192.21,1036,519,128.06,64.15,0.2693,0.3719,0.1281,46,10.907,3.468,18.762,45,-0.447,-0.132,45,0.7024,4.697,,,,1.607,,,1.36,0.247,4.203,16.68,0.247,0.0153,
2740,Switchboard,6.033,116.0,19.228,205.21,865,373,143.38,61.83,0.311,0.3968,0.1759,34,10.267,4.39,13.734,33,0.303,0.133,33,0.7226,7.625,,,,0.166,,,0.166,0.0,1.658,3.38,2.321,0.0098,
2741,Switchboard,5.271,95.0,18.022,213.23,352,772,66.78,146.45,0.4375,0.3212,0.1211,40,7.913,1.611,10.683,39,-0.093,-0.037,39,0.3611,3.794,,,,0.569,,,0.569,0.0,4.932,6.95,0.379,0.01,0.379
2742,Switchboard,7.717,91.0,11.792,188.81,673,784,87.21,101.6,0.3239,0.3099,0.1588,29,15.782,7.173,18.241,28,-0.009,0.137,28,0.4821,4.406,,,,0.648,,,0.648,0.0,1.555,7.4,1.037,0.0272,
2743,Switchboard,3.905,86.0,22.021,153.38,359,240,91.92,61.45,0.4903,0.525,0.2461,48,4.333,2.219,5.772,47,0.496,0.281,47,0.5616,1.28,,,,0.512,,,0.512,0.0,3.585,4.02,3.073,0.0136,1.792
2744,Switchboard,10.008,205.0,20.484,209.64,977,1121,97.62,112.01,0.2979,0.3015,0.1613,66,9.271,3.292,11.506,65,-0.189,-0.015,65,0.4898,8.294,,,,1.699,,,1.599,0.1,4.097,18.33,0.699,0.0069,0.6
2746,Switchboard,9.999,141.0,14.102,186.33,1450,413,145.02,41.31,0.2538,0.4286,0.1778,54,10.952,4.184,11.988,53,0.159,0.191,53,0.776,4.801,,,,0.5,,,0.5,0.0,1.9,6.84,1.7,0.0037,
2747,Switchboard,9.994,135.0,13.508,186.11,853,1007,85.35,100.76,0.3376,0.3366,0.216,54,11.022,2.491,16.217,53,0.049,0.138,53,0.4486,3.402,,,,0.6,,,0.6,0.0,2.101,9.14,0.7,0.016,
2748,Switchboard,9.976,128.0,12.83,192.85,480,1444,48.11,144.74,0.4021,0.2639,0.0746,45,13.235,3.596,19.113,44,0.044,-0.02,44,0.2511,3.007,,,,0.401,,,0.401,0.0,2.305,11.22,2.205,0.0063,
2749,Switchboard,7.435,101.0,13.585,194.22,982,462,132.08,62.14,0.3136,0.3788,0.2005,36,12.016,5.134,17.437,35,0.255,0.265,35,0.6416,2.69,,,,0.673,,,0.538,0.135,2.287,7.77,2.556,0.0215,0.673
2750,Switchboard,10.001,108.0,10.798,179.28,1405,388,140.48,38.79,0.2676,0.4407,0.1581,39,15.387,2.446,30.245,38,-0.024,0.051,38,0.7862,4.199,,,,0.3,,,0.3,0.0,2.0,5.98,0.5,0.0025,
2751,Switchboard,5.298,122.0,23.029,201.6,407,661,76.83,124.77,0.4152,0.3933,0.2151,63,4.77,1.584,7.877,62,0.24,0.241,62,0.4152,3.209,,,,0.566,,,0.566,0.0,4.153,6.67,1.888,0.014,2.454
2752,Switchboard,10.001,190.0,18.998,232.67,1595,732,159.48,73.19,0.2865,0.321,0.1338,94,6.604,2.912,9.447,93,-0.241,-0.034,93,0.6661,3.0,,,,1.7,,,1.7,0.0,5.199,22.89,0.4,0.0046,1.8
2753,Switchboard,8.984,154.0,17.142,161.18,920,528,102.41,58.77,0.3239,0.4583,0.1691,63,8.69,2.401,14.687,62,-0.211,-0.105,62,0.6098,2.115,,,,0.89,,,0.779,0.111,4.119,16.48,0.668,0.0262,0.223
2754,Switchboard,9.979,157.0,15.732,193.2,813,1115,81.47,111.73,0.2903,0.3013,0.2091,64,9.251,3.579,11.597,63,0.08,0.059,63,0.4412,3.808,,,,0.501,,,0.501,0.0,2.806,15.46,1.202,0.0141,0.902
2755,Switchboard,10.0,93.0,9.3,140.4,481,923,48.1,92.3,0.4449,0.3174,0.3773,57,9.933,6.646,10.525,56,0.562,0.493,56,0.404,2.0,,,,0.1,,,0.1,0.0,0.9,3.3,0.4,0.0013,0.5
2756,Switchboard,9.99,280.0,28.028,195.8,1331,625,133.23,62.56,0.2855,0.376,0.2373,113,4.989,2.041,6.915,112,0.305,0.171,112,0.6321,4.404,,,,0.2,,,0.2,0.0,4.504,16.58,5.606,0.0185,2.302
2757,Switchboard,9.981,238.0,23.845,239.75,768,1625,76.94,162.81,0.2956,0.2892,0.1836,109,5.521,2.303,7.596,108,-0.046,0.048,108,0.3697,6.212,,,,1.603,,,1.603,0.0,5.611,22.77,0.301,0.0059,
2758,Switchboard,9.997,168.0,16.805,176.86,964,804,96.43,80.43,0.3216,0.3507,0.1865,62,9.611,3.156,13.05,61,0.042,0.104,61,0.5528,5.602,,,,0.6,,,0.5,0.1,2.901,8.94,1.2,0.0056,
2759,Switchboard,6.834,125.0,18.291,188.32,661,626,96.72,91.6,0.3616,0.3562,0.1895,46,8.523,3.294,11.221,45,0.327,0.127,45,0.5089,5.56,,,,0.293,,,0.293,0.0,2.341,6.84,1.171,0.0248,0.732
2760,Switchboard,10.004,159.0,15.894,222.21,1363,860,136.25,85.97,0.2663,0.35,0.1352,78,7.808,2.85,11.836,77,-0.117,0.082,77,0.6184,3.099,,,,1.299,,,1.299,0.0,3.599,17.52,0.5,0.005,
2761,Switchboard,5.675,132.0,23.262,167.76,596,356,105.03,62.74,0.3926,0.4438,0.1964,60,5.548,2.296,12.966,59,0.071,0.049,59,0.6187,4.229,,,,0.529,,,0.529,0.0,4.934,8.54,2.291,0.013,3.348
2762,Switchboard,10.006,186.0,18.589,202.28,695,1329,69.46,132.82,0.3324,0.295,0.1652,72,8.472,2.455,10.855,71,-0.159,0.008,71,0.3889,6.496,,,,1.499,,,1.399,0.1,3.798,17.65,0.6,0.0025,
2763,Switchboard,9.338,142.0,15.206,213.31,468,1524,50.12,163.2,0.406,0.2454,0.2092,67,8.14,2.248,11.704,66,0.192,0.2,66,0.2798,3.32,,,,0.428,,,0.428,0.0,2.356,7.51,1.071,0.0092,
2764,Switchboard,9.994,208.0,20.813,177.01,873,896,87.36,89.66,0.3505,0.3192,0.2384,94,6.092,3.292,7.736,93,0.274,0.252,93,0.4824,6.304,,,,0.6,,,0.5,0.1,3.802,14.1,0.6,0.0038,
2765,Switchboard,6.867,128.0,18.64,196.6,798,552,116.21,80.39,0.3797,0.3587,0.1203,49,8.352,4.585,8.966,48,-0.017,-0.049,48,0.6009,4.078,,,,0.583,,,0.583,0.0,3.641,9.66,2.184,0.0175,
2766,Switchboard,9.992,130.0,13.01,143.51,700,734,70.05,73.46,0.42,0.3134,0.3311,63,9.099,3.507,11.697,62,0.423,0.258,62,0.5167,2.702,,,,0.1,,,0.1,0.0,2.202,7.06,0.6,0.0076,1.601
2767,Switchboard,10.016,229.0,22.864,165.44,1063,594,106.13,59.31,0.2963,0.3721,0.2305,90,6.29,2.869,9.415,89,0.381,0.194,89,0.6247,5.192,,,,0.599,,,0.599,0.0,3.395,12.51,4.593,0.0034,1.498
2768,Switchboard,9.273,205.0,22.108,227.45,919,1190,99.11,128.34,0.2764,0.2782,0.1061,54,10.523,4.234,13.154,53,-0.33,-0.121,53,0.433,10.353,,,,1.186,,,0.971,0.216,4.314,17.43,0.971,0.0052,0.324
2769,Switchboard,9.981,239.0,23.946,182.05,1020,797,102.2,79.85,0.3402,0.3614,0.2038,123,4.641,2.64,4.707,122,0.224,0.255,122,0.5091,6.312,,,,1.002,,,1.002,0.0,3.707,13.75,1.403,0.0013,
2770,Switchboard,3.951,90.0,22.778,224.75,401,487,101.49,123.26,0.3965,0.3717,0.1808,43,5.545,2.75,5.477,42,-0.116,0.198,42,0.5255,3.29,,,,1.772,,,1.772,0.0,5.315,9.38,0.506,0.0284,0.759
2771,Switchboard,9.998,100.0,10.002,199.44,894,1100,89.42,110.02,0.3188,0.3382,0.1362,36,16.839,6.658,26.09,35,-0.218,-0.12,35,0.4504,3.301,,,,0.3,,,0.3,0.0,1.9,7.87,0.0,0.0075,
2772,Switchboard,9.802,169.0,17.241,204.96,632,1377,64.48,140.48,0.4146,0.2593,0.1858,78,7.458,3.552,12.723,77,0.05,0.16,77,0.3307,4.183,,,,0.918,,,0.918,0.0,2.755,8.86,1.428,0.0044,1.02
2773,Switchboard,9.603,128.0,13.33,186.62,527,1265,54.88,131.74,0.3947,0.3265,0.1654,54,10.69,6.71,11.532,53,-0.088,-0.082,53,0.3147,3.645,,,,1.458,,,1.458,0.0,3.332,16.84,0.208,0.0054,0.625
2774,Switchboard,4.479,71.0,15.852,185.54,560,271,125.03,60.51,0.3875,0.4354,0.1949,34,8.004,1.989,12.254,33,-0.205,-0.01,33,0.6807,2.009,,,,0.893,,,0.893,0.0,4.019,7.23,0.67,0.0142,1.786
2775,Switchboard,10.001,134.0,13.399,195.79,1376,582,137.59,58.2,0.2602,0.4708,0.198,65,8.766,6.441,9.549,64,0.456,0.289,64,0.7269,3.0,,,,0.4,,,0.4,0.0,2.1,8.69,1.1,0.0044,2.6
2776,Switchboard,10.014,86.0,8.588,173.95,1079,663,107.75,66.21,0.342,0.3876,0.2836,26,22.154,16.768,21.269,25,0.946,0.996,25,0.6234,4.394,,,,0.1,,,0.1,0.0,0.399,2.28,0.899,0.0027,0.3
2777,Switchboard,10.006,81.0,8.095,184.48,859,987,85.84,98.64,0.3655,0.306,0.1675,27,22.334,4.831,31.427,26,-0.111,-0.132,26,0.444,2.698,,,,0.5,,,0.5,0.0,1.499,6.89,0.999,0.0011,
2778,Switchboard,8.112,108.0,13.314,203.04,1020,627,125.74,77.3,0.3578,0.3573,0.1404,33,14.687,8.653,20.866,32,-0.046,0.118,32,0.6081,4.685,,,,0.616,,,0.493,0.123,2.096,7.42,1.479,0.0083,
2779,Switchboard,8.167,139.0,17.02,194.93,972,620,119.02,75.92,0.3529,0.3903,0.142,50,9.792,3.558,12.76,49,-0.044,0.182,49,0.6743,5.755,,,,1.102,,,1.102,0.0,3.061,10.17,0.612,0.0137,
2780,Switchboard,10.01,125.0,12.488,192.01,1359,563,135.77,56.25,0.2737,0.4192,0.1741,61,9.804,4.031,11.398,60,0.03,0.166,60,0.6989,2.597,,,,0.599,,,0.599,0.0,2.597,10.87,0.4,0.0041,1.199
2781,Switchboard,9.21,144.0,15.635,207.49,685,1226,74.38,133.12,0.3723,0.2969,0.1492,69,7.961,4.472,8.696,68,0.028,0.023,68,0.3868,2.389,,,,1.412,,,1.412,0.0,3.8,24.49,1.412,0.0026,
2782,Switchboard,7.287,147.0,20.174,205.45,668,829,91.68,113.77,0.3952,0.3474,0.1095,54,8.301,2.272,12.185,53,-0.246,-0.122,53,0.4754,3.568,,,,0.961,,,0.823,0.137,5.49,17.09,2.745,0.0078,0.823
2783,Switchboard,9.189,117.0,12.733,191.32,727,1031,79.12,112.2,0.3851,0.3395,0.2088,51,10.589,7.055,10.948,50,0.194,0.172,50,0.4798,2.938,,,,0.326,,,0.326,0.0,2.612,11.15,1.088,0.0024,
2784,Switchboard,10.0,105.0,10.5,199.29,1330,663,132.99,66.3,0.2992,0.3891,0.15,50,11.889,4.291,15.152,49,0.058,0.026,49,0.6777,2.1,,,,0.4,,,0.4,0.0,2.5,6.91,0.2,0.0079,0.5
2785,Switchboard,7.762,187.0,24.092,198.92,558,986,71.89,127.03,0.4211,0.3398,0.108,84,5.814,2.334,9.217,83,-0.302,-0.139,83,0.4095,3.35,,,,1.804,,,1.417,0.387,7.472,25.82,1.804,0.0033,0.902
2786,Switchboard,10.016,175.0,17.472,215.96,1266,897,126.4,89.56,0.2591,0.3456,0.1644,78,8.027,4.268,9.504,77,-0.362,-0.248,77,0.5248,2.097,,,,1.697,,,1.498,0.2,5.591,25.42,0.799,0.0166,
2787,Switchboard,9.996,166.0,16.606,177.37,559,1214,55.92,121.45,0.4311,0.3196,0.2298,82,6.919,2.755,9.995,81,0.395,0.277,81,0.3159,4.202,,,,0.4,,,0.3,0.1,1.901,7.38,1.601,0.0099,
2788,Switchboard,9.997,273.0,27.307,230.46,884,1420,88.42,142.04,0.2941,0.2458,0.145,107,5.83,3.187,6.804,106,-0.235,-0.05,106,0.3894,8.802,,,,2.701,,,2.301,0.4,6.602,32.7,0.7,0.0031,0.9
2789,Switchboard,9.017,207.0,22.957,204.72,1007,839,111.68,93.05,0.2979,0.3623,0.2197,81,6.569,3.17,8.24,80,0.069,0.176,80,0.5603,4.88,,,,0.998,,,0.998,0.0,3.66,12.15,4.436,0.0079,1.109
2790,Switchboard,8.879,87.0,9.798,160.83,637,791,71.74,89.09,0.4003,0.3034,0.2548,39,13.135,7.712,17.613,38,0.453,0.072,38,0.4414,3.153,,,,0.225,,,0.225,0.0,1.577,5.51,0.225,0.0045,0.901
2791,Switchboard,9.999,163.0,16.301,216.72,1041,1126,104.11,112.61,0.3218,0.2691,0.12,51,12.047,8.215,12.205,50,-0.297,-0.204,50,0.429,4.9,,,,0.7,,,0.6,0.1,4.1,16.35,0.9,0.0081,
2792,Switchboard,10.008,188.0,18.784,197.53,1261,716,125.99,71.54,0.2633,0.3575,0.2381,86,6.691,2.332,10.784,85,0.287,0.353,85,0.6198,5.395,,,,0.599,,,0.599,0.0,3.197,12.44,1.299,0.0026,1.699
2793,Switchboard,10.002,103.0,10.298,120.18,658,544,65.79,54.39,0.4195,0.3346,0.4223,58,9.179,3.865,12.175,57,1.122,0.771,57,0.5604,2.7,,,,0.4,,,0.4,0.0,0.9,3.53,0.3,0.0055,1.1
2794,Switchboard,9.998,132.0,13.202,134.52,583,762,58.31,76.21,0.3859,0.3832,0.3962,76,7.2,3.143,8.841,75,0.662,0.579,75,0.3589,3.201,,,,0.6,,,0.5,0.1,1.7,5.78,0.3,0.002,1.0
2795,Switchboard,9.982,60.0,6.011,151.98,1042,475,104.39,47.59,0.3676,0.4716,0.3311,38,15.082,5.363,21.518,37,0.624,0.455,37,0.7083,0.501,,,,0.1,,,0.1,0.0,1.202,2.69,0.301,0.0004,
2796,Switchboard,3.838,110.0,28.659,217.29,442,392,115.16,102.13,0.4118,0.3929,0.1758,52,4.473,2.059,5.588,51,-0.116,0.004,51,0.5966,4.429,,,,1.563,,,1.563,0.0,6.774,9.41,1.563,0.0133,
2797,Switchboard,9.997,124.0,12.403,193.75,1455,482,145.54,48.21,0.279,0.4108,0.171,44,13.622,3.508,20.164,43,-0.008,0.265,43,0.7643,5.001,,,,0.7,,,0.7,0.0,1.5,8.58,0.5,0.0039,0.2
2798,Switchboard,10.0,340.0,34.002,262.21,1166,1456,116.61,145.61,0.3002,0.2837,0.0482,124,5.463,3.503,6.413,123,-0.633,-0.469,123,0.4914,6.5,,,,3.8,,,3.5,0.3,10.6,68.69,2.3,0.0184,
2799,Switchboard,9.994,185.0,18.511,174.01,937,802,93.76,80.25,0.2988,0.3292,0.1604,84,7.067,3.518,8.905,83,0.066,0.017,83,0.5662,4.403,,,,0.6,,,0.5,0.1,4.203,17.9,0.5,0.007,
2800,Switchboard,5.423,144.0,26.556,215.58,918,251,169.29,46.29,0.3344,0.4422,0.186,49,6.57,2.505,8.989,48,0.004,0.046,48,0.6992,7.192,,,,0.553,,,0.553,0.0,4.057,6.89,3.688,0.0267,0.553
2801,Switchboard,9.997,144.0,14.404,203.56,1283,752,128.34,75.22,0.2759,0.363,0.1893,81,7.166,3.653,9.016,80,0.217,0.254,80,0.6075,3.101,,,,0.5,,,0.5,0.0,2.601,7.2,0.2,0.0034,
2802,Switchboard,9.997,186.0,18.606,214.87,1506,642,150.65,64.22,0.2523,0.3785,0.1632,63,9.701,3.912,11.069,62,-0.207,-0.081,62,0.7216,6.302,,,,1.2,,,1.0,0.2,3.801,19.36,1.1,0.0074,
2803,Switchboard,9.996,197.0,19.708,200.28,904,1098,90.44,109.84,0.2987,0.2996,0.1701,66,9.191,2.735,12.987,65,-0.128,-0.011,65,0.4526,8.904,,,,1.1,,,1.1,0.0,3.802,13.84,0.1,0.0009,0.0
2804,Switchboard,8.351,102.0,12.214,187.99,587,983,70.29,117.71,0.4055,0.3245,0.2725,49,9.454,5.453,12.462,48,0.73,0.502,48,0.3611,4.43,,,,0.0,,,0.0,0.0,1.078,2.52,0.239,0.0091,
2805,Switchboard,6.682,141.0,21.103,203.54,869,491,130.06,73.49,0.2946,0.4053,0.187,60,6.921,1.979,9.77,59,-0.314,-0.144,59,0.597,4.191,,,,1.946,,,1.946,0.0,5.837,18.31,0.748,0.0088,
2806,Switchboard,9.996,207.0,20.709,215.49,1648,506,164.87,50.62,0.2482,0.3775,0.1069,80,7.81,3.137,12.212,79,-0.333,-0.16,79,0.7228,3.201,,,,1.901,,,1.601,0.3,5.602,28.38,3.201,0.007,1.501
2807,Switchboard,10.002,198.0,19.796,207.55,1517,559,151.67,55.89,0.2597,0.4293,0.231,107,5.335,2.926,6.922,106,0.263,0.28,106,0.6869,3.999,,,,0.7,,,0.6,0.1,3.299,12.36,1.3,0.0022,
2808,Switchboard,8.415,133.0,15.806,164.59,956,429,113.61,50.98,0.3264,0.3916,0.1806,45,11.185,3.528,15.723,44,-0.042,0.045,44,0.6918,4.872,,,,0.475,,,0.475,0.0,2.614,7.89,2.02,0.0295,
2809,Switchboard,6.084,117.0,19.229,203.8,583,657,95.82,107.98,0.4031,0.3851,0.1812,53,6.671,2.611,9.518,52,0.164,0.172,52,0.4806,5.095,,,,0.986,,,0.986,0.0,3.123,5.72,1.315,0.0065,
2810,Switchboard,7.996,163.0,20.385,179.08,1014,418,126.81,52.27,0.3393,0.4043,0.1985,65,7.359,1.979,11.617,64,-0.037,0.04,64,0.6839,4.877,,,,1.126,,,1.126,0.0,3.877,17.02,0.5,0.0263,
2811,Switchboard,9.99,281.0,28.127,254.15,1289,1250,129.02,125.12,0.2661,0.2968,0.0877,103,6.23,3.238,8.453,102,-0.423,-0.274,102,0.5604,7.808,,,,2.002,,,1.902,0.1,8.208,39.84,0.901,0.0056,
2812,Switchboard,10.003,275.0,27.492,246.43,1109,1356,110.87,135.56,0.2579,0.295,0.097,106,6.063,2.088,9.197,105,-0.409,-0.142,105,0.4681,5.998,,,,2.399,,,1.999,0.4,7.798,34.24,2.099,0.0056,0.7
2813,Switchboard,9.989,138.0,13.815,166.19,864,796,86.5,79.69,0.3252,0.3719,0.2354,62,9.456,4.572,9.959,61,0.184,0.141,61,0.5232,2.603,,,,0.1,,,0.1,0.0,2.102,6.29,0.601,0.008,
2814,Switchboard,9.99,152.0,15.215,210.51,1166,937,116.71,93.79,0.3165,0.317,0.1392,72,8.53,4.955,11.032,71,-0.234,0.169,71,0.5003,2.603,,,,1.501,,,1.301,0.2,4.004,19.77,0.701,0.0045,
2815,Switchboard,9.982,230.0,23.041,194.44,529,1412,52.99,141.45,0.4178,0.2727,0.1745,120,5.046,1.939,7.232,119,-0.067,0.1,119,0.2856,3.005,,,,1.603,,,1.603,0.0,5.209,21.27,1.302,0.0105,
2816,Switchboard,6.916,147.0,21.254,206.33,766,661,110.75,95.57,0.3486,0.3389,0.1266,57,7.667,3.031,12.442,56,-0.465,-0.215,56,0.5359,5.061,,,,2.458,,,2.169,0.289,6.651,24.78,1.012,0.006,
2817,Switchboard,8.776,72.0,8.204,206.47,371,1441,42.27,164.2,0.4636,0.2727,0.1489,24,21.874,8.073,31.842,23,-0.051,0.066,23,0.2293,3.191,,,,0.228,,,0.228,0.0,1.139,3.18,0.228,0.0082,
2818,Switchboard,10.001,169.0,16.899,184.89,1192,657,119.19,65.7,0.2953,0.4003,0.1899,78,7.487,2.969,11.073,77,0.188,0.115,77,0.6419,3.6,,,,0.9,,,0.9,0.0,3.0,14.58,1.8,0.0063,0.5
2819,Switchboard,5.428,149.0,27.449,223.09,667,544,122.87,100.22,0.3478,0.386,0.2691,77,4.109,2.13,6.025,76,0.099,0.14,76,0.5523,4.974,,,,0.737,,,0.737,0.0,4.974,8.51,1.658,0.0114,2.763
2820,Switchboard,7.265,188.0,25.878,243.5,930,839,128.01,115.49,0.2796,0.2968,0.1647,78,5.703,2.456,6.814,77,-0.16,-0.016,77,0.5675,5.644,,,,2.615,,,2.202,0.413,6.607,21.61,1.376,0.0067,1.239
2821,Switchboard,8.99,290.0,32.257,229.58,754,1310,83.87,145.71,0.3117,0.3084,0.1023,136,4.234,2.449,5.561,135,-0.287,-0.119,135,0.4181,3.671,,,,2.781,,,2.558,0.222,9.677,42.31,3.226,0.0052,2.002
2822,Switchboard,9.151,171.0,18.687,200.97,1361,478,148.73,52.24,0.2564,0.4393,0.1885,86,6.234,2.626,8.505,85,0.103,0.125,85,0.7408,3.497,,,,0.546,,,0.546,0.0,4.153,15.16,0.328,0.0128,
2823,Switchboard,10.003,128.0,12.797,207.44,1068,1007,106.77,100.67,0.2612,0.3059,0.2067,61,9.876,3.822,14.183,60,-0.049,0.167,60,0.5581,3.199,,,,0.8,,,0.8,0.0,2.599,11.65,0.3,0.0035,
2824,Switchboard,6.247,49.0,7.843,198.8,255,987,40.82,157.98,0.4667,0.3283,0.1715,17,21.651,4.2,35.454,16,0.27,0.382,16,0.1622,2.401,,,,0.16,,,0.16,0.0,0.8,2.22,0.16,0.0068,
2825,Switchboard,9.983,165.0,16.528,197.64,905,1068,90.66,106.98,0.3094,0.3352,0.2127,70,8.489,3.504,12.591,69,0.061,0.055,69,0.4473,3.706,,,,0.902,,,0.902,0.0,3.105,12.86,1.102,0.0111,
2826,Switchboard,8.502,216.0,25.406,204.43,818,920,96.22,108.21,0.3362,0.3174,0.1246,95,5.7,2.435,6.854,94,-0.372,-0.278,94,0.4913,4.234,,,,1.882,,,1.882,0.0,8.116,32.29,0.706,0.0128,0.941
2827,Switchboard,7.72,205.0,26.553,240.02,788,1065,102.07,137.95,0.3249,0.3117,0.1701,78,6.006,2.329,7.803,77,-0.105,0.02,77,0.476,6.865,,,,0.907,,,0.907,0.0,4.793,13.54,2.72,0.014,1.813
2828,Switchboard,8.737,102.0,11.675,178.67,942,619,107.82,70.85,0.3546,0.3845,0.134,50,10.382,3.306,14.585,49,0.034,0.104,49,0.6452,2.862,,,,0.458,,,0.458,0.0,2.289,9.27,0.458,0.0028,0.801
2829,Switchboard,8.999,323.0,35.892,217.13,1142,812,126.9,90.23,0.303,0.3214,0.1227,138,4.361,2.478,7.857,137,-0.484,-0.072,137,0.5972,6.001,,,,4.0,,,3.556,0.444,11.223,37.92,2.556,0.0103,
2830,Switchboard,9.985,316.0,31.647,251.87,1659,856,166.15,85.73,0.2634,0.3435,0.0954,138,4.52,2.31,5.843,137,-0.182,-0.013,137,0.6328,3.906,,,,1.202,,,0.901,0.3,8.012,28.93,4.807,0.0092,4.507
2831,Switchboard,9.999,146.0,14.602,234.63,893,1453,89.31,145.32,0.3326,0.2897,0.1323,76,7.978,3.45,10.342,75,-0.096,0.153,75,0.3731,3.2,,,,1.3,,,1.3,0.0,3.601,16.9,0.0,0.0009,
2832,Switchboard,9.997,208.0,20.806,210.86,894,1214,89.43,121.44,0.3557,0.3081,0.1602,90,6.628,2.564,8.313,89,0.027,0.13,89,0.4416,4.601,,,,0.9,,,0.9,0.0,3.701,13.38,2.501,0.0082,1.3
2833,Switchboard,6.483,86.0,13.266,176.93,270,877,41.65,135.28,0.4333,0.2873,0.1816,28,13.791,5.319,19.956,27,-0.023,0.029,27,0.2676,4.011,,,,0.617,,,0.617,0.0,2.468,4.89,0.617,0.0208,
2834,Switchboard,10.001,293.0,29.297,198.28,568,1415,56.79,141.49,0.3644,0.265,0.0961,120,5.263,2.495,7.243,119,-0.267,-0.085,119,0.3199,5.899,,,,2.2,,,2.1,0.1,8.099,34.76,2.2,0.006,0.9
2835,Switchboard,10.007,122.0,12.191,155.99,1135,426,113.42,42.57,0.3445,0.4366,0.2043,40,14.329,7.302,15.17,39,0.673,0.17,39,0.7356,5.396,,,,0.1,,,0.1,0.0,1.499,3.91,0.999,0.0017,0.4
2836,Switchboard,9.999,159.0,15.902,191.12,1320,591,132.01,59.11,0.3144,0.3993,0.1898,61,9.654,2.894,13.667,60,0.17,0.21,60,0.7153,5.301,,,,0.5,,,0.4,0.1,1.8,7.46,0.1,0.0283,1.4
2837,Switchboard,9.992,226.0,22.619,199.26,796,1195,79.67,119.6,0.3807,0.2946,0.1042,96,6.619,2.766,9.148,95,-0.385,-0.179,95,0.4194,3.903,,,,2.202,,,1.902,0.3,7.406,33.38,1.301,0.0015,0.4
2838,Switchboard,7.222,96.0,13.293,201.61,696,760,96.37,105.23,0.3563,0.3961,0.1287,26,16.663,2.693,25.746,25,-0.091,-0.028,25,0.4743,3.462,,,,0.692,,,0.692,0.0,1.939,6.6,1.523,0.0307,0.277
2839,Switchboard,9.398,160.0,17.025,231.53,1114,1062,118.53,113.0,0.2496,0.3164,0.1252,76,7.704,4.535,8.258,75,-0.331,-0.054,75,0.5479,2.873,,,,1.809,,,1.596,0.213,4.788,28.74,0.745,0.0048,0.213
2840,Switchboard,9.152,114.0,12.457,187.07,1072,640,117.14,69.93,0.3321,0.3828,0.1984,35,15.6,4.096,23.651,34,0.008,-0.083,34,0.6156,4.589,,,,0.437,,,0.437,0.0,1.967,8.46,0.874,0.0063,0.656
2841,Switchboard,10.012,195.0,19.476,217.63,1505,674,150.32,67.32,0.2645,0.4021,0.1916,98,6.145,2.025,8.883,97,-0.021,0.004,97,0.6395,3.496,,,,0.699,,,0.699,0.0,4.594,16.9,0.799,0.0065,
2842,Switchboard,4.864,80.0,16.446,193.03,654,285,134.44,58.59,0.3394,0.4877,0.2092,37,7.441,2.414,12.438,36,0.352,0.192,36,0.6897,4.934,,,,0.411,,,0.411,0.0,2.056,2.96,0.411,0.0105,1.233
2843,Switchboard,8.022,132.0,16.455,191.22,655,879,81.65,109.57,0.3603,0.3094,0.1135,58,8.329,2.391,12.701,57,-0.071,-0.014,57,0.4267,2.867,,,,0.623,,,0.623,0.0,3.74,11.94,0.499,0.0134,
2844,Switchboard,6.906,169.0,24.472,222.85,763,776,110.49,112.37,0.3277,0.3956,0.1422,66,6.406,1.705,8.499,65,-0.167,-0.032,65,0.5214,6.951,,,,0.869,,,0.869,0.0,5.937,13.87,1.014,0.0091,0.869
2845,Switchboard,6.587,124.0,18.825,205.25,500,852,75.91,129.34,0.384,0.3803,0.13,57,7.179,3.145,9.569,56,-0.306,-0.27,56,0.3933,3.036,,,,2.125,,,1.974,0.152,6.224,19.81,0.455,0.009,
2846,Switchboard,8.649,87.0,10.059,179.33,614,937,70.99,108.34,0.399,0.301,0.2029,31,16.811,3.287,23.97,30,-0.147,0.145,30,0.4009,3.006,,,,0.462,,,0.462,0.0,1.619,7.39,0.925,0.0059,
2847,Switchboard,9.987,210.0,21.027,201.36,907,1104,90.82,110.54,0.3914,0.3243,0.0803,87,7.3,4.117,9.539,86,-0.422,-0.219,86,0.4957,4.005,,,,1.902,,,1.702,0.2,5.908,32.78,2.203,0.0005,0.601
2848,Switchboard,8.285,120.0,14.484,200.97,1358,307,163.91,37.06,0.2776,0.4332,0.2266,48,10.103,1.866,15.29,47,0.211,0.176,47,0.7867,6.035,,,,0.362,,,0.362,0.0,1.69,2.65,0.241,0.0062,
2849,Switchboard,8.531,165.0,19.341,212.75,1016,799,119.09,93.66,0.3248,0.3617,0.0936,55,9.654,4.529,10.728,54,-0.399,-0.258,54,0.5225,4.806,,,,1.172,,,1.172,0.0,5.04,22.07,1.524,0.0157,1.407
2850,Switchboard,9.997,181.0,18.105,215.36,739,1414,73.92,141.44,0.3762,0.2532,0.1383,92,6.448,3.379,7.42,91,0.052,0.1,91,0.3285,3.101,,,,0.8,,,0.7,0.1,3.701,10.74,1.7,0.0033,
2851,Switchboard,6.462,183.0,28.318,216.02,626,770,96.87,119.15,0.4217,0.3429,0.1756,82,4.839,2.254,6.134,81,-0.136,-0.024,81,0.5442,5.416,,,,1.857,,,1.702,0.155,7.428,14.35,1.547,0.0087,1.857
2852,Switchboard,9.999,286.0,28.601,228.81,1346,942,134.61,94.2,0.2734,0.3365,0.1684,141,4.456,2.267,5.687,140,-0.208,-0.018,140,0.5464,3.2,,,,1.9,,,1.8,0.1,8.2,33.43,1.6,0.0137,
2853,Switchboard,9.997,268.0,26.808,196.36,961,1002,96.13,100.23,0.3111,0.3263,0.2003,144,4.237,1.514,6.601,143,-0.079,0.075,143,0.5171,3.601,,,,1.701,,,1.3,0.4,6.402,22.5,0.9,0.0135,
2854,Switchboard,10.015,200.0,19.971,228.87,1014,1278,101.25,127.61,0.3176,0.3036,0.1159,87,7.177,2.719,8.387,86,-0.284,-0.012,86,0.4671,4.893,,,,1.198,,,1.098,0.1,4.993,15.86,1.098,0.0009,1.498
2855,Switchboard,10.017,269.0,26.855,256.47,1434,1135,143.16,113.31,0.2671,0.3374,0.0807,116,5.575,3.095,5.279,115,-0.405,-0.145,115,0.4971,3.195,,,,2.795,,,2.396,0.399,7.388,40.72,3.694,0.0064,
2856,Switchboard,9.999,96.0,9.601,172.22,937,785,93.71,78.51,0.3127,0.3822,0.2601,46,12.526,5.975,13.965,45,0.515,0.537,45,0.5324,2.8,,,,0.7,,,0.7,0.0,1.1,5.54,0.9,0.0004,
2858,Switchboard,7.651,121.0,15.815,183.38,818,585,106.92,76.46,0.3117,0.3573,0.2612,48,9.207,6.673,10.307,47,0.269,0.142,47,0.5882,4.313,,,,0.784,,,0.654,0.131,3.268,12.52,0.131,0.0219,1.176
2859,Switchboard,9.535,247.0,25.904,226.0,1324,831,138.85,87.15,0.2946,0.3742,0.1386,118,4.83,3.188,5.185,117,-0.012,0.19,117,0.5723,3.041,,,,2.307,,,2.202,0.105,5.768,22.63,2.936,0.0228,
2860,Switchboard,10.007,173.0,17.288,209.16,1387,706,138.61,70.55,0.279,0.3867,0.1238,68,8.918,5.068,8.824,67,-0.104,-0.075,67,0.6142,5.396,,,,0.799,,,0.799,0.0,3.498,12.73,1.199,0.0029,0.6
2861,Switchboard,10.018,120.0,11.979,218.12,581,1604,58.0,160.12,0.4234,0.2631,0.187,44,13.621,2.282,22.277,43,0.034,0.105,43,0.3067,3.594,,,,0.299,,,0.299,0.0,1.697,5.62,1.198,0.0081,
2862,Switchboard,10.011,116.0,11.587,164.42,1057,589,105.58,58.84,0.3179,0.3752,0.2661,53,10.428,3.74,12.168,52,0.834,0.543,52,0.6756,3.896,,,,0.2,,,0.2,0.0,0.999,2.87,0.799,0.0047,1.299
2863,Switchboard,9.98,197.0,19.74,225.86,1394,860,139.68,86.18,0.2489,0.3233,0.0974,71,9.016,4.045,12.307,70,-0.608,-0.246,70,0.6229,5.01,,,,2.004,,,1.703,0.301,6.112,25.95,0.701,0.0049,
2864,Switchboard,7.534,166.0,22.034,177.47,717,620,95.17,82.3,0.3305,0.3274,0.2756,74,5.872,2.098,9.291,73,0.17,0.085,73,0.548,4.513,,,,0.531,,,0.531,0.0,5.044,13.2,1.195,0.0128,
2865,Switchboard,8.817,115.0,13.043,168.2,526,957,59.66,108.54,0.4354,0.2811,0.1986,52,10.255,3.571,12.018,51,-0.093,-0.06,51,0.3768,1.928,,,,1.474,,,1.474,0.0,3.289,17.4,0.34,0.0136,
2866,Switchboard,8.826,147.0,16.655,205.52,1164,650,131.88,73.64,0.293,0.3785,0.1657,72,7.371,2.537,10.629,71,-0.077,0.074,71,0.614,2.379,,,,1.246,,,1.133,0.113,4.645,13.7,0.68,0.0072,1.246
2867,Switchboard,9.997,163.0,16.304,232.06,1272,1048,127.23,104.83,0.2854,0.3349,0.1328,79,8.043,3.983,10.505,78,-0.466,-0.384,78,0.5236,1.7,,,,2.401,,,2.301,0.1,5.201,30.43,0.3,0.0124,
2868,Switchboard,8.928,182.0,20.384,194.44,987,749,110.55,83.89,0.3313,0.3498,0.1496,74,7.465,3.397,9.747,73,-0.279,-0.062,73,0.5635,5.152,,,,1.568,,,1.344,0.224,4.928,19.44,0.896,0.0074,0.896
2869,Switchboard,9.982,167.0,16.731,239.14,710,1677,71.13,168.01,0.362,0.2695,0.1171,81,7.462,3.248,10.542,80,-0.08,0.115,80,0.3087,3.306,,,,0.701,,,0.701,0.0,3.807,15.21,1.102,0.0031,
2870,Switchboard,10.014,226.0,22.567,197.21,768,1207,76.69,120.53,0.3203,0.2875,0.191,96,6.219,2.492,9.704,95,0.032,0.143,95,0.3714,4.993,,,,1.198,,,1.198,0.0,4.094,16.47,2.596,0.0081,3.295
2871,Switchboard,10.006,292.0,29.183,202.78,1177,852,117.63,85.15,0.2736,0.3099,0.2397,144,4.188,2.358,6.145,143,-0.029,-0.024,143,0.5831,4.597,,,,1.899,,,1.799,0.1,7.995,34.21,1.299,0.0056,1.999
2872,Switchboard,9.999,157.0,15.702,181.02,814,996,81.41,99.61,0.3452,0.3313,0.2322,72,8.23,2.769,10.948,71,0.086,0.095,71,0.4246,3.3,,,,0.8,,,0.8,0.0,3.2,11.47,0.2,0.0113,
2873,Switchboard,9.998,166.0,16.604,168.94,724,965,72.42,96.52,0.3674,0.2767,0.2325,76,7.805,2.353,12.868,75,0.081,0.121,75,0.3991,4.801,,,,0.7,,,0.7,0.0,3.101,13.33,0.4,0.0039,
2874,Switchboard,6.706,88.0,13.122,213.98,617,818,92.0,121.98,0.3598,0.3252,0.1974,42,9.072,3.123,12.392,41,0.408,0.356,41,0.4504,3.728,,,,0.0,,,0.0,0.0,1.044,1.66,0.746,0.0119,1.789
2875,Switchboard,9.98,223.0,22.344,251.39,1167,1342,116.93,134.46,0.2751,0.2779,0.0656,83,7.927,6.383,6.591,82,-0.734,-0.384,82,0.4299,4.709,,,,2.806,,,2.204,0.601,7.214,32.86,1.403,0.0043,0.501
2876,Switchboard,5.447,159.0,29.193,198.29,551,529,101.16,97.13,0.3757,0.3459,0.1553,62,5.154,2.299,6.796,61,0.036,-0.082,61,0.5298,6.426,,,,1.469,,,1.469,0.0,6.977,14.71,1.836,0.0213,0.367
2877,Switchboard,8.944,180.0,20.126,187.17,1079,595,120.64,66.53,0.3272,0.3681,0.1871,76,7.039,3.041,11.415,75,-0.022,0.035,75,0.6541,4.696,,,,0.894,,,0.783,0.112,4.025,14.49,2.013,0.0057,2.46
2878,Switchboard,9.167,148.0,16.145,201.92,450,1401,49.09,152.83,0.4667,0.2984,0.1481,58,9.666,2.493,17.637,57,-0.231,-0.199,57,0.2669,4.145,,,,1.745,,,1.636,0.109,4.145,22.05,0.873,0.0034,
2879,Switchboard,9.982,172.0,17.231,209.37,1453,637,145.56,63.81,0.2946,0.3956,0.1543,71,8.608,3.045,12.11,70,-0.182,-0.134,70,0.6485,4.007,,,,1.102,,,1.102,0.0,4.207,21.96,1.202,0.0072,1.302
2882,Switchboard,9.984,164.0,16.426,186.6,960,903,96.15,90.44,0.3219,0.309,0.2404,99,5.89,3.148,7.03,98,0.162,0.301,98,0.5379,2.304,,,,1.002,,,0.901,0.1,3.005,12.24,0.0,0.0067,
2883,Switchboard,4.064,64.0,15.747,198.56,558,249,137.3,61.27,0.371,0.4538,0.1344,23,10.615,4.51,13.151,22,-0.188,-0.194,22,0.7181,4.429,,,,0.738,,,0.738,0.0,3.691,6.79,1.23,0.0323,1.23
2884,Switchboard,9.987,226.0,22.629,234.3,1332,1008,133.37,100.93,0.2988,0.3006,0.1331,86,7.071,1.977,9.946,85,-0.119,-0.086,85,0.605,5.006,,,,0.501,,,0.501,0.0,4.906,20.03,3.304,0.0059,0.701
2885,Switchboard,9.997,238.0,23.808,217.57,781,1394,78.12,139.44,0.3239,0.2891,0.0995,97,6.619,3.034,8.86,96,-0.459,-0.197,96,0.3876,5.002,,,,2.501,,,2.201,0.3,7.702,37.83,0.4,0.0067,
2886,Switchboard,6.884,136.0,19.755,158.48,880,211,127.83,30.65,0.3455,0.4787,0.2835,52,7.517,2.287,14.143,51,0.391,0.307,51,0.7775,6.246,,,,0.436,,,0.436,0.0,2.615,8.48,2.76,0.0052,
2887,Switchboard,10.002,285.0,28.494,221.35,1532,682,153.17,68.19,0.2663,0.393,0.1251,120,5.212,2.106,7.444,119,-0.221,0.01,119,0.6261,5.599,,,,1.5,,,1.5,0.0,6.799,27.32,2.0,0.0217,1.9
2888,Switchboard,7.604,182.0,23.934,218.7,985,678,129.54,89.16,0.2893,0.3274,0.1775,94,4.932,2.497,6.504,93,-0.108,0.068,93,0.6246,4.34,,,,2.893,,,2.762,0.132,6.444,23.36,0.263,0.0067,1.447
2889,Switchboard,5.858,69.0,11.779,161.66,570,377,97.3,64.36,0.3947,0.4403,0.3081,32,10.289,2.924,11.847,31,0.61,0.404,31,0.6223,4.438,,,,0.171,,,0.171,0.0,0.341,1.55,0.171,0.0122,1.366
2890,Switchboard,6.723,104.0,15.47,178.35,594,605,88.36,89.99,0.399,0.3868,0.2158,44,9.032,2.406,15.095,43,0.087,0.127,43,0.5042,4.016,,,,0.595,,,0.595,0.0,2.826,8.99,0.744,0.0142,
2891,Switchboard,9.974,198.0,19.852,181.68,1004,808,100.66,81.01,0.3765,0.3577,0.1598,81,7.488,2.975,9.343,80,-0.112,0.001,80,0.5659,3.509,,,,1.203,,,1.203,0.0,4.512,20.99,1.604,0.016,
2892,Switchboard,7.112,177.0,24.887,218.5,509,1045,71.57,146.93,0.4047,0.312,0.145,70,6.152,1.782,11.017,69,-0.092,-0.023,69,0.3406,4.781,,,,1.265,,,0.984,0.281,5.624,17.28,2.39,0.0336,
2893,Switchboard,8.738,194.0,22.203,216.65,685,1208,78.4,138.25,0.3533,0.2964,0.2078,107,4.767,1.672,6.529,106,0.112,0.168,106,0.3479,3.09,,,,0.687,,,0.572,0.114,4.807,14.37,1.602,0.0031,1.488
2894,Switchboard,9.998,337.0,33.706,243.44,1215,1219,121.52,121.92,0.3029,0.3142,0.1012,164,3.957,2.42,3.804,163,-0.307,-0.036,163,0.5054,3.501,,,,2.3,,,2.3,0.0,9.102,39.23,2.2,0.0213,
2895,Switchboard,7.618,146.0,19.164,197.03,597,904,78.36,118.66,0.4121,0.3142,0.1852,63,7.243,1.993,11.813,62,-0.036,0.01,62,0.4324,3.544,,,,0.788,,,0.788,0.0,4.069,13.95,2.494,0.0041,
2896,Switchboard,9.057,159.0,17.555,178.75,1044,575,115.26,63.48,0.3458,0.4,0.1471,68,8.038,3.3,9.393,67,-0.089,-0.003,67,0.6323,3.202,,,,1.104,,,1.104,0.0,4.416,17.0,1.656,0.0085,0.552
2897,Switchboard,6.335,66.0,10.419,156.28,432,558,68.2,88.09,0.4144,0.4068,0.2245,34,10.306,5.093,13.162,33,0.74,0.476,33,0.3969,3.157,,,,0.0,,,0.0,0.0,0.789,0.74,0.474,0.0092,0.947
2898,Switchboard,10.0,144.0,14.4,213.01,1454,676,145.4,67.6,0.2503,0.358,0.2182,70,8.262,1.726,12.253,69,0.302,0.238,69,0.6546,4.1,,,,0.4,,,0.4,0.0,1.9,5.58,1.0,0.0052,1.1
2899,Switchboard,5.496,45.0,8.188,206.89,669,468,121.74,85.16,0.3154,0.3868,0.2559,19,17.133,8.621,16.489,18,0.182,0.259,18,0.6322,3.275,,,,0.546,,,0.546,0.0,0.546,1.63,0.364,0.0022,
2900,Switchboard,4.006,68.0,16.973,211.41,590,257,147.27,64.15,0.4288,0.5136,0.0992,29,8.539,2.061,12.47,28,-0.356,-0.269,28,0.6839,2.746,,,,1.498,,,1.498,0.0,5.741,10.52,0.499,0.0065,0.998
2901,Switchboard,9.989,160.0,16.018,199.82,1085,911,108.62,91.2,0.3171,0.3458,0.1739,80,7.328,4.118,9.608,79,0.152,0.135,79,0.5067,3.204,,,,0.601,,,0.601,0.0,2.703,9.96,1.001,0.0094,
2909,Switchboard,10.014,111.0,11.084,203.11,817,1217,81.58,121.52,0.3207,0.2777,0.2441,49,11.848,5.051,16.512,48,0.382,0.308,48,0.429,4.693,,,,0.3,,,0.3,0.0,1.298,2.97,0.1,0.0002,0.2
2910,Switchboard,5.029,144.0,28.632,234.22,789,389,156.88,77.35,0.327,0.4704,0.0937,59,5.631,3.269,7.202,58,-0.572,-0.333,58,0.6091,2.982,,,,3.38,,,2.982,0.398,9.743,19.22,1.392,0.0206,2.187
2911,Switchboard,10.0,203.0,20.3,216.3,846,1317,84.6,131.7,0.3499,0.287,0.1828,102,5.798,1.975,8.588,101,0.077,0.127,101,0.3969,4.1,,,,0.4,,,0.4,0.0,4.4,15.02,0.5,0.0138,
2912,Switchboard,9.999,160.0,16.002,222.52,1549,676,154.92,67.61,0.2757,0.3891,0.1505,64,9.458,2.582,14.248,63,-0.089,0.111,63,0.6504,3.9,,,,0.8,,,0.7,0.1,2.9,10.76,2.3,0.0026,
2913,Switchboard,10.0,256.0,25.6,208.1,740,1341,74.0,134.1,0.35,0.2893,0.1745,125,4.834,3.377,5.247,124,-0.042,0.179,124,0.3778,3.1,,,,1.2,,,1.2,0.0,5.0,14.64,3.9,0.0039,2.5
2914,Switchboard,9.992,87.0,8.707,185.86,477,1380,47.74,138.12,0.4361,0.2899,0.2849,50,11.381,3.596,15.316,49,0.602,0.545,49,0.246,1.501,,,,0.1,,,0.1,0.0,0.5,3.42,0.4,0.016,
2915,Switchboard,3.63,74.0,20.388,219.3,514,282,141.61,77.69,0.3872,0.4291,0.1562,44,4.853,2.48,5.983,43,0.019,0.14,43,0.6079,4.133,,,,1.102,,,1.102,0.0,3.306,3.26,0.276,0.0199,2.48
2916,Switchboard,9.988,209.0,20.926,195.24,1253,697,125.46,69.79,0.3575,0.3372,0.1,84,7.407,4.348,11.385,83,-0.286,-0.065,83,0.6939,4.706,,,,1.201,,,1.201,0.0,5.307,24.76,1.702,0.0161,
2917,Switchboard,10.002,154.0,15.397,183.56,677,1159,67.69,115.88,0.3383,0.2865,0.1349,53,10.987,5.37,12.335,52,0.325,0.137,52,0.4064,6.399,,,,0.4,,,0.4,0.0,1.8,7.76,1.8,0.0,0.5
2918,Switchboard,9.978,182.0,18.241,182.01,1037,779,103.93,78.08,0.3491,0.2773,0.1241,65,9.452,3.872,12.253,64,-0.249,-0.02,64,0.6001,4.51,,,,1.403,,,1.102,0.301,4.009,16.78,2.105,0.009,
2919,Switchboard,6.913,170.0,24.592,204.98,825,592,119.34,85.64,0.3539,0.3345,0.1611,73,5.795,1.988,9.545,72,-0.166,-0.037,72,0.5549,4.918,,,,2.025,,,1.591,0.434,6.654,19.27,0.723,0.0163,
2920,Switchboard,10.0,161.0,16.1,191.01,915,995,91.5,99.5,0.3322,0.3397,0.2349,65,9.068,2.904,12.962,64,0.151,0.131,64,0.4803,5.3,,,,0.4,,,0.4,0.0,2.4,9.44,0.1,0.0125,
2921,Switchboard,9.984,346.0,34.657,236.29,1508,851,151.05,85.24,0.2613,0.322,0.1088,147,4.397,2.574,4.583,146,-0.33,-0.203,146,0.5729,4.708,,,,2.905,,,2.103,0.801,10.417,44.32,2.504,0.0379,3.005
2922,Switchboard,9.998,176.0,17.603,247.55,1245,1230,124.52,123.02,0.3028,0.2829,0.1648,98,6.071,2.383,8.524,97,0.039,0.138,97,0.4861,2.5,,,,0.8,,,0.8,0.0,3.701,13.39,0.9,0.0047,
2923,Switchboard,7.722,166.0,21.496,207.06,801,798,103.72,103.34,0.3508,0.3459,0.2225,80,5.677,2.516,7.825,79,0.067,0.104,79,0.4374,4.014,,,,0.518,,,0.518,0.0,5.05,11.33,1.295,0.0059,
2924,Switchboard,9.995,202.0,20.209,231.61,1360,955,136.06,95.54,0.2485,0.3183,0.198,113,5.324,2.9,5.998,112,-0.026,0.15,112,0.5467,2.901,,,,1.301,,,1.301,0.0,4.302,18.44,1.0,0.0042,2.001
2925,Switchboard,9.997,236.0,23.606,234.16,1084,1257,108.43,125.73,0.2897,0.2864,0.1367,102,6.192,2.725,8.796,101,-0.327,-0.126,101,0.5027,5.301,,,,2.101,,,2.001,0.1,6.102,30.68,0.2,0.0158,
2926,Switchboard,9.997,226.0,22.606,223.36,1267,966,126.73,96.63,0.307,0.3406,0.1124,88,7.226,2.758,10.532,87,-0.432,-0.176,87,0.5601,5.501,,,,2.401,,,2.201,0.2,6.902,29.01,0.6,0.0048,0.8
2927,Switchboard,4.222,104.0,24.633,235.44,710,284,168.17,67.27,0.3606,0.5246,0.1372,52,4.734,2.225,6.321,51,0.058,0.191,51,0.7029,3.79,,,,0.947,,,0.947,0.0,4.027,5.79,2.605,0.006,1.895
2928,Switchboard,9.99,65.0,6.506,171.36,1115,597,111.61,59.76,0.322,0.3819,0.1794,20,29.54,15.628,36.918,19,0.409,0.391,19,0.6629,3.103,,,,0.0,,,0.0,0.0,0.4,1.09,0.3,0.003,
2929,Switchboard,8.885,187.0,21.046,166.79,728,754,81.93,84.86,0.3434,0.3382,0.2393,85,6.143,2.71,7.602,84,0.08,0.086,84,0.4878,4.389,,,,0.9,,,0.9,0.0,4.839,16.69,1.238,0.0082,1.013
2930,Switchboard,5.419,116.0,21.406,211.29,599,546,110.54,100.76,0.429,0.4158,0.1328,49,6.772,2.502,8.718,48,-0.19,0.1,48,0.5484,6.09,,,,1.292,,,0.923,0.369,4.06,8.9,1.292,0.0074,1.661
2931,Switchboard,8.483,113.0,13.321,218.33,1075,777,126.73,91.6,0.2763,0.3179,0.1383,34,14.889,6.54,19.317,33,-0.038,-0.017,33,0.5829,4.951,,,,0.354,,,0.354,0.0,2.122,6.41,1.533,0.0081,
2932,Switchboard,9.996,70.0,7.002,158.66,521,1065,52.12,106.54,0.4587,0.3052,0.3181,36,15.827,7.051,19.882,35,0.795,0.775,35,0.3456,0.8,,,,0.4,,,0.4,0.0,0.9,5.38,1.4,0.003,0.6
2933,Switchboard,7.833,140.0,17.874,185.76,528,927,67.41,118.35,0.4242,0.3355,0.1989,68,7.087,3.032,9.997,67,-0.243,-0.122,67,0.3512,2.681,,,,0.894,,,0.894,0.0,5.617,19.55,0.511,0.0093,
2934,Switchboard,8.564,129.0,15.064,177.38,801,718,93.54,83.84,0.3845,0.3607,0.2191,66,7.32,3.693,7.435,65,0.411,0.271,65,0.5394,4.437,,,,0.584,,,0.584,0.0,1.868,6.7,0.584,0.0071,1.518
2935,Switchboard,6.108,123.0,20.138,225.61,342,1036,55.99,169.61,0.4678,0.3475,0.0541,39,9.368,3.5,12.515,38,-0.052,-0.02,38,0.3373,3.766,,,,0.491,,,0.491,0.0,3.111,10.49,5.566,0.0205,0.819
2936,Switchboard,9.475,127.0,13.403,214.98,1197,840,126.33,88.65,0.3183,0.2952,0.0973,45,12.973,6.186,14.551,44,-0.435,-0.115,44,0.5611,3.483,,,,1.372,,,1.266,0.106,3.061,20.98,0.739,0.0172,
2937,Switchboard,9.997,175.0,17.505,196.26,1062,900,106.23,90.03,0.3051,0.36,0.1857,81,7.241,2.575,9.74,80,0.146,0.145,80,0.5164,5.802,,,,0.6,,,0.6,0.0,3.101,12.25,0.2,0.0039,
2938,Switchboard,9.991,247.0,24.723,206.99,1133,935,113.41,93.59,0.2895,0.3326,0.161,115,5.208,2.704,6.012,114,-0.01,0.007,114,0.52,4.504,,,,1.401,,,1.301,0.1,5.805,22.5,2.502,0.0014,2.803
2939,Switchboard,10.006,181.0,18.089,193.98,698,1243,69.76,124.22,0.384,0.2711,0.1631,76,8.169,2.285,11.936,75,-0.284,-0.141,75,0.3883,3.498,,,,1.699,,,1.399,0.3,4.997,22.0,1.399,0.0032,
2940,Switchboard,8.561,143.0,16.703,193.43,1030,626,120.31,73.12,0.3204,0.3818,0.1907,72,6.986,2.277,10.019,71,0.109,0.141,71,0.5634,2.803,,,,0.701,,,0.584,0.117,3.387,10.22,1.752,0.0022,
2941,Switchboard,9.999,263.0,26.304,231.23,1253,1059,125.32,105.92,0.2889,0.2918,0.1064,101,6.115,3.139,7.755,100,-0.183,-0.074,100,0.5136,5.601,,,,1.6,,,1.5,0.1,6.001,23.81,3.501,0.0063,
2942,Switchboard,9.992,90.0,9.007,190.45,1278,625,127.9,62.55,0.2801,0.4416,0.2291,40,14.704,6.203,19.133,39,0.272,0.264,39,0.5982,2.102,,,,0.0,,,0.0,0.0,1.201,3.85,0.801,0.0044,0.701
2943,Switchboard,9.993,254.0,25.417,193.03,816,1113,81.66,111.38,0.3284,0.3235,0.1735,110,5.584,1.776,10.413,109,-0.153,0.001,109,0.4437,6.404,,,,2.001,,,1.901,0.1,6.504,26.79,0.5,0.0066,
2944,Switchboard,9.979,172.0,17.237,231.69,990,1322,99.21,132.48,0.3273,0.3033,0.0933,64,9.666,4.344,13.235,63,-0.33,-0.149,63,0.4448,4.71,,,,1.503,,,1.403,0.1,4.009,22.44,0.802,0.008,1.002
2945,Switchboard,8.35,209.0,25.03,213.42,829,953,99.28,114.13,0.2859,0.2991,0.2112,92,5.279,1.579,7.281,91,0.127,0.067,91,0.5409,6.587,,,,0.359,,,0.359,0.0,4.91,8.49,1.796,0.0054,1.557
2950,Switchboard,8.027,193.0,24.045,210.05,894,792,111.38,98.67,0.2953,0.3662,0.1267,96,5.043,3.017,5.015,95,-0.076,0.067,95,0.573,3.364,,,,1.121,,,1.121,0.0,5.482,14.76,2.367,0.0056,1.495
2951,Switchboard,8.681,124.0,14.285,198.14,870,850,100.22,97.92,0.3184,0.3365,0.206,61,8.497,2.874,11.278,60,-0.014,0.039,60,0.482,3.341,,,,0.806,,,0.806,0.0,3.341,13.97,0.346,0.0016,
2952,Switchboard,8.275,223.0,26.95,243.4,684,1330,82.66,160.73,0.3626,0.2737,0.0999,86,5.895,2.916,6.731,85,-0.164,-0.004,85,0.3615,5.559,,,,1.813,,,1.813,0.0,5.922,17.98,4.592,0.0042,1.088
2953,Switchboard,9.997,183.0,18.305,205.66,1047,1009,104.73,100.93,0.3171,0.3132,0.1521,87,7.067,3.281,8.13,86,-0.186,0.051,86,0.4462,3.301,,,,0.8,,,0.8,0.0,4.501,20.92,1.6,0.0023,1.6
2954,Switchboard,9.492,185.0,19.49,204.38,1137,803,119.78,84.6,0.2885,0.3474,0.231,92,5.859,2.04,8.647,91,0.305,0.289,91,0.5373,5.9,,,,0.211,,,0.211,0.0,2.634,5.81,0.737,0.0061,2.107
2955,Switchboard,5.376,143.0,26.601,236.99,486,788,90.41,146.59,0.4033,0.3477,0.1109,64,5.263,2.372,7.394,63,-0.263,-0.071,63,0.413,4.651,,,,2.046,,,2.046,0.0,6.883,15.63,1.302,0.0105,0.93
2956,Switchboard,10.014,172.0,17.175,212.09,1401,723,139.9,72.2,0.3169,0.3568,0.1262,73,8.66,3.841,12.484,72,-0.447,-0.334,72,0.6417,3.195,,,,2.596,,,2.297,0.3,5.292,33.46,0.2,0.0069,2.097
2957,Switchboard,8.028,103.0,12.831,159.95,753,531,93.8,66.15,0.3758,0.3653,0.2306,46,9.982,2.807,15.009,45,0.409,0.143,45,0.579,2.99,,,,0.125,,,0.125,0.0,1.993,4.74,0.872,0.0108,0.623
2958,Switchboard,9.995,188.0,18.809,195.49,1494,460,149.47,46.02,0.259,0.3696,0.1998,73,8.29,2.313,16.783,72,-0.083,-0.037,72,0.7046,4.102,,,,0.4,,,0.3,0.1,4.402,17.63,0.5,0.0203,
2959,Switchboard,9.917,191.0,19.259,192.69,852,1059,85.91,106.78,0.3462,0.3144,0.1763,86,6.829,2.313,10.511,85,0.055,0.02,85,0.4222,5.143,,,,0.706,,,0.706,0.0,4.336,14.2,0.303,0.0055,1.412
2960,Switchboard,9.983,244.0,24.442,198.94,836,1150,83.74,115.2,0.2739,0.3026,0.1268,112,5.578,2.599,7.241,111,-0.25,0.006,111,0.4819,4.307,,,,2.304,,,2.304,0.0,6.01,36.86,1.402,0.0099,1.703
2961,Switchboard,9.994,93.0,9.305,223.63,1193,1042,119.37,104.26,0.2833,0.2812,0.188,47,12.59,3.811,17.053,46,0.15,0.285,46,0.4848,1.601,,,,0.3,,,0.3,0.0,1.501,4.28,1.001,0.0053,
2962,Switchboard,7.628,112.0,14.683,211.46,1157,456,151.68,59.78,0.3008,0.4254,0.144,50,9.201,2.586,13.989,49,-0.104,-0.023,49,0.7023,3.015,,,,1.573,,,1.442,0.131,3.671,15.47,0.393,0.0079,0.655
2963,Switchboard,5.7,145.0,25.439,215.97,594,637,104.21,111.76,0.3367,0.3611,0.1857,66,5.134,2.434,5.482,65,0.005,0.083,65,0.4778,4.912,,,,0.351,,,0.351,0.0,5.614,12.29,1.404,0.0251,1.053
2964,Switchboard,9.997,116.0,11.603,188.95,725,1164,72.52,116.43,0.3379,0.2595,0.2098,36,16.203,13.582,15.782,35,0.448,-0.124,35,0.3774,4.201,,,,0.3,,,0.3,0.0,1.901,6.8,0.3,0.0155,
2965,Switchboard,9.984,96.0,9.615,154.34,961,580,96.25,58.09,0.2955,0.4138,0.3358,45,12.513,3.11,20.031,44,0.716,0.458,44,0.6288,2.804,,,,0.1,,,0.1,0.0,1.102,4.31,0.601,0.007,0.901
2966,Switchboard,9.997,115.0,11.504,192.86,981,947,98.13,94.73,0.318,0.321,0.2429,67,8.241,5.951,8.004,66,0.664,0.522,66,0.4937,2.601,,,,0.4,,,0.4,0.0,0.7,2.73,0.9,0.004,
2967,Switchboard,7.702,141.0,18.308,206.19,451,1137,58.56,147.63,0.4124,0.2911,0.1864,67,6.572,1.734,9.969,66,0.271,0.157,66,0.2944,4.415,,,,0.26,,,0.26,0.0,2.986,6.44,1.039,0.0271,1.428
2968,Switchboard,8.531,204.0,23.914,221.55,1174,716,137.62,83.93,0.2717,0.3645,0.1711,97,5.322,3.186,5.577,96,-0.073,0.007,96,0.6139,3.517,,,,1.055,,,1.055,0.0,5.978,18.88,2.11,0.005,2.11
2969,Switchboard,9.999,178.0,17.801,207.41,1011,1063,101.11,106.31,0.2878,0.3114,0.1933,96,6.128,2.856,8.621,95,0.116,0.161,95,0.4921,3.3,,,,0.8,,,0.8,0.0,2.9,11.29,0.9,0.0106,2.5
2970,Switchboard,9.98,199.0,19.94,260.22,752,1845,75.35,184.87,0.3418,0.2656,0.1324,85,7.172,3.14,9.701,84,-0.137,-0.103,84,0.3023,3.507,,,,0.902,,,0.902,0.0,4.91,19.18,1.503,0.0057,2.505
2973,Switchboard,6.741,148.0,21.955,197.6,751,581,111.41,86.19,0.3782,0.3701,0.1234,65,6.251,3.048,9.575,64,-0.075,-0.082,64,0.5744,2.67,,,,1.038,,,1.038,0.0,5.785,10.32,1.483,0.0122,
2978,Switchboard,7.494,158.0,21.084,195.63,769,697,102.62,93.01,0.3966,0.363,0.111,59,7.833,3.447,9.523,58,-0.251,-0.157,58,0.5253,4.537,,,,1.201,,,1.068,0.133,5.605,14.53,2.669,0.0083,
2979,Switchboard,7.494,99.0,13.211,204.7,1211,323,161.6,43.1,0.3187,0.5232,0.1579,48,9.411,3.526,12.424,47,-0.06,0.2,47,0.761,2.402,,,,1.201,,,1.201,0.0,2.669,10.62,1.068,0.0048,
2980,Switchboard,7.495,89.0,11.875,162.25,692,524,92.33,69.92,0.4191,0.3779,0.1789,42,10.347,4.335,13.003,41,0.344,0.256,41,0.5531,3.736,,,,0.4,,,0.4,0.0,1.468,3.1,0.667,0.0107,
2981,Switchboard,7.493,47.0,6.273,142.67,546,523,72.87,69.8,0.4231,0.4264,0.2714,21,20.58,21.068,15.053,20,0.827,0.625,20,0.5524,1.468,,,,0.133,,,0.133,0.0,0.667,2.64,1.068,0.0044,1.335
2982,Switchboard,7.479,229.0,30.62,217.28,603,1022,80.63,136.66,0.3416,0.319,0.143,85,5.522,2.83,6.446,84,-0.254,-0.064,84,0.4265,7.354,,,,2.139,,,2.139,0.0,8.157,21.26,1.07,0.0185,0.401
2983,Switchboard,7.5,190.0,25.333,213.86,1085,519,144.66,69.2,0.3263,0.4104,0.094,70,6.555,2.994,9.003,69,-0.137,-0.049,69,0.6614,5.067,,,,1.6,,,1.6,0.0,5.067,17.5,5.6,0.0019,0.533
2984,Switchboard,7.494,178.0,23.751,204.55,739,794,98.61,105.95,0.3599,0.3287,0.1882,81,5.811,2.577,10.033,80,-0.287,-0.038,80,0.4743,4.27,,,,2.535,,,2.268,0.267,6.939,24.22,1.601,0.0026,1.735
2985,Switchboard,7.51,55.0,7.323,182.42,630,740,83.89,98.53,0.3667,0.4014,0.2397,24,18.14,18.263,15.711,23,0.569,0.473,23,0.4699,1.864,,,,0.266,,,0.266,0.0,0.666,3.45,1.065,0.0031,
2986,Switchboard,6.003,119.0,19.822,181.9,636,456,105.94,75.96,0.3789,0.4364,0.2152,59,5.843,1.923,7.531,58,0.169,0.168,58,0.5897,4.997,,,,0.333,,,0.333,0.0,2.832,6.34,0.333,0.0153,
2987,Switchboard,7.491,131.0,17.488,208.12,665,894,88.77,119.35,0.3594,0.3255,0.171,60,7.2,3.835,8.452,59,0.27,0.108,59,0.4379,4.539,,,,0.934,,,0.934,0.0,3.204,12.99,1.335,0.0015,
2988,Switchboard,4.604,80.0,17.375,188.3,443,424,96.21,92.09,0.3883,0.3892,0.2048,38,7.187,3.625,7.966,37,0.044,-0.028,37,0.5402,2.172,,,,1.52,,,1.52,0.0,4.561,10.92,0.434,0.0107,
2989,Switchboard,5.0,66.0,13.2,183.61,584,334,116.8,66.8,0.3887,0.494,0.1554,22,13.344,7.115,17.371,21,0.17,0.12,21,0.6636,2.8,,,,0.2,,,0.2,0.0,1.6,2.25,2.2,0.033,0.2
2990,Switchboard,7.498,189.0,25.207,232.06,740,1000,98.69,133.37,0.3243,0.288,0.0961,68,7.057,3.397,8.184,67,-0.468,-0.318,67,0.4488,7.602,,,,2.134,,,2.001,0.133,6.135,27.84,2.001,0.0057,
2991,Switchboard,6.979,102.0,14.614,169.64,277,907,39.69,129.95,0.5054,0.2999,0.2426,49,8.121,3.273,11.488,48,0.303,0.103,48,0.232,3.152,,,,1.003,,,0.86,0.143,3.152,7.41,0.143,0.0176,1.433
2992,Switchboard,5.427,129.0,23.768,226.63,702,528,129.34,97.28,0.3561,0.3902,0.1317,45,7.15,3.413,9.748,44,0.019,0.028,44,0.5964,5.896,,,,0.737,,,0.737,0.0,3.869,8.37,3.501,0.0158,0.737
2993,Switchboard,6.481,93.0,14.35,196.74,1060,215,163.56,33.18,0.3189,0.493,0.1688,40,9.514,1.996,20.831,39,0.117,0.124,39,0.8153,5.092,,,,0.463,,,0.463,0.0,1.389,2.07,0.0,0.0099,1.234
2994,Switchboard,4.836,89.0,18.405,207.83,320,685,66.18,141.66,0.4437,0.3606,0.2277,42,6.663,2.783,8.73,41,0.075,0.075,41,0.3514,3.929,,,,0.827,,,0.827,0.0,3.309,7.6,0.207,0.0426,1.448
2995,Switchboard,7.511,87.0,11.584,176.15,410,913,54.59,121.56,0.439,0.3165,0.272,39,11.047,2.354,17.132,38,0.507,0.346,38,0.3351,3.462,,,,0.133,,,0.133,0.0,1.198,2.86,0.666,0.0127,0.666
2996,Switchboard,7.496,123.0,16.409,192.24,862,579,115.0,77.24,0.3306,0.4059,0.1845,60,7.351,3.041,10.672,59,0.092,0.207,59,0.5989,3.602,,,,0.8,,,0.667,0.133,2.535,9.55,1.868,0.0102,1.467
2997,Switchboard,7.499,82.0,10.934,184.55,528,856,70.41,114.14,0.3958,0.347,0.1329,26,17.303,3.783,23.729,25,-0.018,0.09,25,0.3976,5.334,,,,0.533,,,0.533,0.0,1.333,4.82,0.0,0.01,
2998,Switchboard,6.766,134.0,19.806,209.29,622,794,91.93,117.36,0.4244,0.3804,0.1069,53,8.04,3.832,10.978,52,-0.458,-0.405,52,0.4235,3.547,,,,1.774,,,1.626,0.148,5.321,22.97,1.035,0.0125,0.443
2999,Switchboard,7.495,136.0,18.145,253.37,1349,550,179.99,73.38,0.2691,0.3764,0.1668,50,9.074,4.055,11.734,49,-0.103,0.108,49,0.6764,5.871,,,,1.201,,,1.067,0.133,3.202,9.42,1.468,0.0062,0.534
3000,Switchboard,7.481,83.0,11.095,202.64,704,812,94.1,108.54,0.3693,0.3325,0.1015,25,18.151,6.337,22.203,24,-0.257,-0.004,24,0.4031,3.475,,,,0.802,,,0.668,0.134,1.738,8.92,2.005,0.0083,0.535
3001,Switchboard,7.483,102.0,13.63,193.9,429,1022,57.33,136.57,0.3683,0.2975,0.1515,42,10.519,2.168,13.752,41,0.164,0.064,41,0.3167,3.341,,,,0.668,,,0.668,0.0,2.806,9.33,1.069,0.0158,0.802
3002,Switchboard,5.755,101.0,17.551,215.66,618,623,107.39,108.26,0.3738,0.374,0.0948,38,9.224,3.744,9.917,37,-0.222,-0.09,37,0.5247,3.997,,,,1.216,,,1.216,0.0,3.823,13.31,1.738,0.0133,0.521
3003,Switchboard,7.496,95.0,12.673,233.72,777,975,103.65,130.07,0.3205,0.3395,0.1142,28,16.226,4.632,18.607,27,-0.204,-0.091,27,0.4306,5.203,,,,0.8,,,0.8,0.0,2.134,8.04,0.934,0.0045,0.133
3004,Switchboard,7.501,184.0,24.53,193.17,894,555,119.18,73.99,0.3389,0.3622,0.1591,76,6.083,2.125,8.579,75,-0.172,-0.026,75,0.5887,5.333,,,,1.466,,,1.333,0.133,6.266,16.15,2.133,0.0023,0.4
3005,Switchboard,7.495,123.0,16.41,180.91,811,545,108.2,72.71,0.3711,0.356,0.2098,53,8.534,3.08,11.568,52,-0.092,-0.001,52,0.5966,4.536,,,,1.201,,,1.201,0.0,4.002,12.0,0.133,0.008,
3006,Switchboard,7.511,113.0,15.045,192.53,669,777,89.07,103.45,0.4081,0.3784,0.1386,34,13.42,3.302,25.071,33,-0.193,0.178,33,0.4486,5.459,,,,1.065,,,0.666,0.399,2.397,7.82,1.598,0.011,
3007,Switchboard,7.512,108.0,14.377,199.42,305,1193,40.6,158.82,0.5279,0.3026,0.1141,41,11.074,2.508,17.446,40,-0.097,0.042,40,0.2188,3.861,,,,0.666,,,0.666,0.0,2.662,8.04,0.932,0.0307,0.799
3008,Switchboard,7.065,122.0,17.269,188.83,904,430,127.96,60.87,0.3507,0.4047,0.1539,54,7.88,4.483,9.193,53,-0.113,0.021,53,0.6678,3.68,,,,1.416,,,1.274,0.142,3.822,12.2,1.274,0.0181,
3009,Switchboard,7.473,87.0,11.641,176.22,471,846,63.02,113.2,0.3758,0.331,0.2154,38,11.442,5.606,15.046,37,0.344,0.202,37,0.3511,3.211,,,,0.134,,,0.134,0.0,1.338,3.61,1.07,0.0056,0.803
3010,Switchboard,4.753,157.0,33.03,213.54,528,487,111.08,102.46,0.3977,0.4538,0.106,76,3.635,1.918,4.099,75,0.07,0.082,75,0.5436,3.366,,,,1.262,,,1.262,0.0,6.943,9.7,3.576,0.0324,
3011,Switchboard,7.508,125.0,16.649,174.22,602,706,80.18,94.04,0.3306,0.364,0.2254,53,8.321,3.006,13.238,52,0.126,0.216,52,0.4844,3.863,,,,1.066,,,1.066,0.0,2.664,10.43,1.598,0.0169,1.732
3012,Switchboard,7.496,113.0,15.075,176.76,398,927,53.09,123.67,0.407,0.3074,0.1849,52,8.87,2.765,19.26,51,-0.256,-0.105,51,0.3137,2.001,,,,1.334,,,1.334,0.0,4.402,16.43,1.201,0.0037,0.4
3013,Switchboard,7.495,177.0,23.616,224.82,1132,553,151.03,73.78,0.2624,0.4069,0.1203,77,6.042,2.278,8.581,76,-0.219,-0.032,76,0.6533,4.803,,,,1.334,,,1.334,0.0,5.737,19.46,2.535,0.0014,1.067
3014,Switchboard,7.495,194.0,25.882,184.24,405,976,54.03,130.21,0.4198,0.334,0.174,72,6.387,2.675,8.665,71,-0.175,0.003,71,0.3334,5.87,,,,1.868,,,1.734,0.133,5.87,20.48,2.668,0.0113,2.535
3015,Switchboard,7.496,86.0,11.473,175.03,528,784,70.44,104.59,0.4242,0.3278,0.1691,22,20.265,16.059,17.664,21,0.12,0.04,21,0.4252,3.469,,,,0.267,,,0.267,0.0,1.201,2.55,0.0,0.0622,0.0
3016,Switchboard,7.491,124.0,16.554,212.26,1189,401,158.73,53.53,0.2952,0.399,0.16,47,9.526,3.681,11.818,46,0.006,0.116,46,0.6985,5.206,,,,0.934,,,0.934,0.0,2.67,9.47,1.735,0.0024,1.201
3017,Switchboard,6.076,177.0,29.133,226.98,597,782,98.26,128.71,0.3518,0.367,0.1471,78,4.826,2.635,5.54,77,-0.187,-0.008,77,0.4657,5.267,,,,1.646,,,1.481,0.165,6.748,19.87,3.456,0.0082,
3018,Switchboard,7.094,98.0,13.815,188.34,911,425,128.42,59.91,0.2887,0.4259,0.145,32,13.346,7.125,15.338,31,-0.137,-0.049,31,0.7157,4.088,,,,0.564,,,0.423,0.141,2.678,8.23,1.551,0.0127,0.846
3019,Switchboard,7.509,226.0,30.099,225.47,718,975,95.62,129.85,0.3064,0.3303,0.0921,99,5.109,3.2,5.472,98,-0.572,-0.345,98,0.4357,3.729,,,,5.061,,,3.862,1.199,10.255,43.95,2.397,0.0048,1.465
3020,Switchboard,7.507,185.0,24.643,210.2,1066,512,142.0,68.2,0.3208,0.3652,0.1329,79,5.932,2.221,7.508,78,-0.255,-0.034,78,0.6378,4.929,,,,1.598,,,1.465,0.133,6.261,22.81,1.865,0.0085,2.398
3021,Switchboard,7.155,138.0,19.286,211.03,885,625,123.68,87.35,0.339,0.3792,0.1472,55,7.766,2.11,9.343,54,-0.05,0.013,54,0.6117,5.87,,,,0.699,,,0.699,0.0,3.634,8.09,0.978,0.0161,0.0
3022,Switchboard,7.495,192.0,25.617,187.32,875,529,116.74,70.58,0.3337,0.4026,0.1456,85,5.52,2.789,6.464,84,-0.241,-0.058,84,0.6443,3.335,,,,2.001,,,1.734,0.267,7.338,23.85,0.801,0.024,
3023,Switchboard,7.497,86.0,11.472,199.42,1012,483,135.0,64.43,0.3271,0.4079,0.1526,32,14.174,8.288,15.459,31,-0.152,0.047,31,0.7047,3.201,,,,0.934,,,0.934,0.0,2.001,7.63,0.534,0.0133,0.667
3024,Switchboard,7.508,123.0,16.383,207.91,687,874,91.5,116.41,0.3057,0.3238,0.17,49,8.906,1.514,14.245,48,0.278,0.187,48,0.5025,5.461,,,,0.133,,,0.133,0.0,1.332,2.09,1.465,0.0146,
3025,Switchboard,7.504,119.0,15.859,186.04,938,458,125.0,61.04,0.3603,0.3952,0.2749,56,7.465,2.41,10.111,55,0.577,0.484,55,0.6294,5.064,,,,0.133,,,0.133,0.0,1.066,2.18,1.466,0.0075,1.199
3026,Switchboard,6.336,143.0,22.571,199.67,720,545,113.64,86.02,0.3556,0.4202,0.1446,69,5.273,2.491,6.006,68,0.19,0.136,68,0.5725,3.315,,,,0.947,,,0.947,0.0,4.42,12.03,3.788,0.0006,
3027,Switchboard,7.494,32.0,4.27,187.2,636,767,84.86,102.34,0.3365,0.3585,0.1759,7,63.883,44.023,55.999,6,0.326,0.702,6,0.4296,1.868,,,,0.133,,,0.133,0.0,0.267,1.01,0.133,0.0046,
3028,Switchboard,7.496,198.0,26.415,199.44,715,780,95.39,104.06,0.3846,0.3423,0.1685,99,4.716,2.453,5.775,98,-0.184,-0.009,98,0.4809,3.469,,,,1.734,,,1.734,0.0,7.337,24.58,1.734,0.0026,2.935
3029,Switchboard,7.492,139.0,18.552,183.92,706,672,94.23,89.69,0.4037,0.3973,0.1483,53,8.827,4.638,9.544,52,-0.366,0.074,52,0.5148,5.472,,,,1.869,,,1.602,0.267,4.404,16.4,1.468,0.0004,0.267
3030,Switchboard,7.481,171.0,22.859,201.59,817,691,109.22,92.37,0.2999,0.3951,0.1225,61,7.62,2.823,11.862,60,-0.279,-0.257,60,0.5532,4.411,,,,1.069,,,1.069,0.0,6.016,20.68,2.674,0.0118,0.936
3031,Switchboard,7.496,231.0,30.817,212.12,869,721,115.93,96.19,0.3211,0.3883,0.0718,89,5.302,2.26,5.763,88,-0.259,-0.082,88,0.5393,4.936,,,,1.734,,,1.734,0.0,7.071,29.56,5.737,0.0089,
3032,Switchboard,7.495,140.0,18.679,202.8,649,871,86.59,116.21,0.376,0.3375,0.1992,61,7.386,2.553,9.469,60,-0.019,0.027,60,0.4426,2.935,,,,0.934,,,0.934,0.0,4.269,12.66,0.133,0.025,
3033,Switchboard,7.018,117.0,16.671,199.76,743,659,105.87,93.9,0.358,0.3991,0.1095,50,8.313,4.225,8.74,49,0.029,0.084,49,0.5687,2.422,,,,0.427,,,0.427,0.0,3.135,9.53,2.992,0.0076,
3034,Switchboard,7.491,114.0,15.218,185.69,784,607,104.66,81.03,0.3393,0.4003,0.226,50,8.891,3.913,12.316,49,0.09,0.185,49,0.5876,3.738,,,,0.667,,,0.667,0.0,2.937,8.25,1.201,0.0033,0.801
3035,Switchboard,7.486,114.0,15.228,218.14,851,782,113.68,104.46,0.2926,0.3197,0.1489,35,12.736,1.849,18.443,34,0.063,0.04,34,0.5434,4.675,,,,0.401,,,0.401,0.0,2.137,3.02,1.069,0.025,0.134
3036,Switchboard,5.824,82.0,14.08,152.14,656,230,112.64,39.49,0.3476,0.5435,0.2905,44,7.427,2.932,13.164,43,0.439,0.319,43,0.7571,2.061,,,,1.03,,,1.03,0.0,1.889,4.1,2.061,0.0087,1.545
3037,Switchboard,7.497,130.0,17.34,172.87,448,848,59.76,113.11,0.4241,0.2795,0.17,51,9.106,3.415,12.701,50,-0.317,-0.154,50,0.3681,2.801,,,,1.467,,,1.067,0.4,4.935,20.97,0.0,0.0194,
3038,Switchboard,7.494,73.0,9.741,168.66,479,785,63.92,104.75,0.4405,0.3631,0.2034,32,13.819,1.886,37.023,31,0.186,0.099,31,0.3434,2.936,,,,0.4,,,0.4,0.0,1.468,2.97,0.534,0.0027,0.0
3039,Switchboard,7.51,178.0,23.7,188.94,711,708,94.67,94.27,0.3727,0.3503,0.1429,79,5.958,2.78,8.712,78,-0.266,0.013,78,0.4801,4.527,,,,2.13,,,1.997,0.133,5.725,24.89,1.997,0.0073,1.331
3040,Switchboard,6.374,97.0,15.218,176.97,461,667,72.33,104.64,0.3601,0.4408,0.1929,38,10.18,3.314,13.578,37,-0.226,-0.018,37,0.41,3.295,,,,1.255,,,1.255,0.0,3.295,8.69,1.569,0.011,0.157
3041,Switchboard,7.493,195.0,26.024,215.0,751,860,100.22,114.77,0.3555,0.3291,0.1128,83,5.811,2.617,8.414,82,-0.404,-0.342,82,0.501,3.87,,,,1.868,,,1.868,0.0,8.007,35.28,2.402,0.0112,1.468
3042,Switchboard,7.493,136.0,18.151,181.77,447,915,59.66,122.12,0.3937,0.3235,0.1975,52,8.52,5.028,9.858,51,0.106,0.141,51,0.3746,5.338,,,,1.201,,,1.201,0.0,2.803,13.36,2.803,0.0013,1.201
3043,Switchboard,7.496,229.0,30.549,245.19,794,1044,105.92,139.27,0.3023,0.2989,0.0745,98,4.858,2.533,5.739,97,-0.277,-0.149,97,0.4621,5.736,,,,1.601,,,1.601,0.0,8.538,24.34,2.401,0.0052,
3044,Switchboard,4.808,64.0,13.311,209.44,737,270,153.28,56.16,0.3256,0.4741,0.1892,29,9.334,3.218,18.315,28,0.506,0.288,28,0.7037,4.368,,,,0.0,,,0.0,0.0,0.832,0.95,0.0,0.0176,
3045,Switchboard,7.493,153.0,20.419,210.73,1002,577,133.72,77.0,0.3044,0.3795,0.083,59,7.911,3.78,9.075,58,-0.316,-0.224,58,0.5921,4.804,,,,1.468,,,1.468,0.0,5.472,22.87,1.735,0.0085,1.068
3046,Switchboard,7.215,271.0,37.562,223.01,730,879,101.18,121.83,0.3438,0.3276,0.1225,114,4.032,2.133,4.882,113,-0.262,-0.006,113,0.4828,7.207,,,,2.772,,,2.772,0.0,9.564,25.27,4.02,0.0105,1.386
3047,Switchboard,7.508,144.0,19.179,179.4,939,408,125.06,54.34,0.3046,0.3676,0.2722,51,8.397,3.384,11.076,50,0.423,0.391,50,0.7379,7.192,,,,0.266,,,0.266,0.0,1.731,3.92,0.932,0.0183,2.264
3048,Switchboard,7.338,120.0,16.354,212.33,793,765,108.07,104.26,0.3707,0.3124,0.1763,54,8.257,3.089,13.014,53,-0.146,0.071,53,0.5124,3.543,,,,1.772,,,1.635,0.136,3.816,17.0,0.954,0.0059,
3049,Switchboard,7.496,150.0,20.011,201.57,1128,383,150.48,51.09,0.3156,0.4178,0.1624,57,7.892,2.018,13.501,56,-0.034,0.116,56,0.7328,4.669,,,,0.934,,,0.934,0.0,4.136,12.08,2.401,0.0046,0.934
3050,Switchboard,7.495,233.0,31.088,259.64,928,1018,123.82,135.83,0.2877,0.2976,0.0975,110,4.364,2.262,6.378,109,-0.284,-0.171,109,0.4923,4.136,,,,2.001,,,1.735,0.267,10.007,31.77,1.201,0.0074,1.334
3051,Switchboard,7.496,141.0,18.811,207.59,462,1094,61.64,145.95,0.4416,0.3272,0.0926,57,8.368,3.477,10.858,56,-0.507,-0.224,56,0.3465,3.335,,,,2.268,,,2.135,0.133,5.203,28.81,1.468,0.0138,0.8
3052,Switchboard,7.499,97.0,12.935,179.62,851,496,113.48,66.14,0.3161,0.4153,0.1402,40,11.619,3.614,17.142,39,-0.422,-0.292,39,0.6047,2.934,,,,1.2,,,0.933,0.267,3.6,16.92,0.0,0.0082,0.667
3053,Switchboard,7.136,218.0,30.549,216.65,797,749,111.69,104.96,0.3501,0.3311,0.0845,80,5.439,2.717,6.558,79,-0.123,-0.065,79,0.4769,5.185,,,,0.701,,,0.701,0.0,7.147,19.84,4.905,0.0172,
3054,Switchboard,5.043,102.0,20.226,208.61,817,235,162.01,46.6,0.3207,0.5064,0.1412,50,5.99,1.674,11.583,49,-0.025,0.049,49,0.7572,3.569,,,,0.595,,,0.595,0.0,4.164,6.17,1.19,0.0126,1.785
3055,Switchboard,7.495,221.0,29.488,225.23,1092,596,145.7,79.52,0.3077,0.3725,0.094,90,5.431,2.634,6.875,89,-0.452,-0.244,89,0.6128,3.202,,,,3.202,,,2.802,0.4,9.34,34.98,3.202,0.0116,1.201
3056,Switchboard,7.5,104.0,13.866,203.86,408,1121,54.4,149.46,0.4093,0.273,0.1925,48,9.544,2.902,13.532,47,-0.189,0.06,47,0.2962,2.4,,,,0.8,,,0.667,0.133,2.933,8.87,0.533,0.0211,0.533
3057,Switchboard,7.496,229.0,30.551,212.66,551,1043,73.51,139.15,0.3902,0.3289,0.1228,85,5.554,2.546,7.486,84,-0.278,-0.126,84,0.3557,8.939,,,,2.401,,,2.268,0.133,7.738,22.75,0.8,0.0111,0.267
3058,Switchboard,7.491,202.0,26.967,235.76,825,941,110.14,125.62,0.3212,0.2912,0.1453,86,5.338,2.628,7.306,85,-0.124,-0.002,85,0.4854,5.473,,,,1.468,,,1.468,0.0,6.141,17.96,2.269,0.0164,
3059,Switchboard,7.505,100.0,13.324,168.15,542,720,72.22,95.93,0.3081,0.3556,0.2573,52,7.973,2.871,10.101,51,0.686,0.589,51,0.4248,3.064,,,,0.266,,,0.266,0.0,1.332,4.82,1.332,0.0069,1.332
3060,Switchboard,7.497,222.0,29.61,212.74,913,682,121.77,90.96,0.3165,0.3504,0.0766,84,5.47,3.478,7.116,83,-0.124,-0.09,83,0.5555,4.135,,,,1.867,,,1.867,0.0,7.202,23.52,5.469,0.0078,
3061,Switchboard,7.509,261.0,34.758,221.87,884,782,117.73,104.14,0.3213,0.344,0.0898,95,5.042,2.288,7.377,94,-0.307,-0.103,94,0.5267,6.659,,,,2.264,,,1.864,0.4,9.322,24.24,5.46,0.0021,1.465
3062,Switchboard,7.493,140.0,18.684,202.72,622,897,83.01,119.71,0.3633,0.3255,0.1448,56,8.36,3.347,10.791,55,-0.379,-0.188,55,0.4268,4.804,,,,1.868,,,1.601,0.267,5.338,20.76,0.267,0.003,0.934
3063,Switchboard,7.496,168.0,22.413,161.96,603,611,80.45,81.51,0.3632,0.3732,0.1912,74,6.055,2.938,7.039,73,0.012,0.048,73,0.4997,3.735,,,,1.334,,,1.067,0.267,5.203,18.67,1.868,0.0257,0.8
3064,Switchboard,7.478,159.0,21.262,223.58,876,796,117.14,106.44,0.3505,0.3392,0.1,53,8.734,3.183,13.031,52,-0.302,-0.059,52,0.5432,7.087,,,,1.471,,,1.337,0.134,4.413,15.03,0.802,0.0098,0.401
3065,Switchboard,7.478,188.0,25.141,244.59,1244,585,166.36,78.23,0.2966,0.3812,0.1559,81,5.652,2.805,7.702,80,-0.125,-0.009,80,0.6249,3.21,,,,1.872,,,1.739,0.134,5.884,15.86,3.076,0.0155,0.936
3066,Switchboard,7.5,196.0,26.134,228.14,840,871,112.0,116.14,0.3202,0.3352,0.0758,68,6.692,3.743,8.12,67,-0.084,0.027,67,0.4832,7.334,,,,0.933,,,0.933,0.0,4.267,13.61,3.867,0.0105,
3067,Switchboard,7.498,114.0,15.204,191.51,539,897,71.88,119.63,0.3952,0.2631,0.2171,46,9.722,2.147,13.598,45,0.007,0.12,45,0.3695,4.001,,,,0.667,,,0.667,0.0,2.801,10.15,0.0,0.0189,2.001
3068,Switchboard,7.502,109.0,14.529,215.14,1146,468,152.76,62.38,0.2661,0.3932,0.1441,35,12.953,2.346,21.681,34,-0.112,-0.043,34,0.6995,4.399,,,,0.8,,,0.666,0.133,3.066,7.65,0.0,0.0179,1.866
3069,Switchboard,7.496,225.0,30.015,235.98,1097,672,146.34,89.64,0.289,0.3467,0.0807,90,5.4,2.684,7.263,89,-0.442,-0.32,89,0.6293,5.336,,,,2.801,,,2.535,0.267,9.205,36.67,1.734,0.0167,0.8
3070,Switchboard,7.453,119.0,15.966,200.99,535,963,71.78,129.21,0.3794,0.3738,0.1565,49,9.425,3.507,13.482,48,-0.339,-0.224,48,0.3422,4.159,,,,0.939,,,0.939,0.0,3.891,14.98,0.939,0.0027,1.61
3071,Switchboard,5.771,127.0,22.007,215.39,1037,206,179.69,35.7,0.3009,0.5146,0.1436,51,6.7,2.912,10.345,50,0.015,0.019,50,0.8143,4.679,,,,0.866,,,0.866,0.0,4.679,8.12,1.386,0.0187,4.159
3072,Switchboard,6.747,176.0,26.088,206.77,935,460,138.59,68.18,0.3316,0.413,0.1754,80,5.022,2.209,6.419,79,0.003,0.009,79,0.6133,4.299,,,,1.186,,,1.186,0.0,5.929,14.75,3.113,0.008,0.889
3073,Switchboard,7.509,132.0,17.58,220.41,1324,331,176.33,44.08,0.3021,0.3958,0.144,55,8.555,3.411,11.358,54,-0.375,-0.023,54,0.7848,3.729,,,,1.065,,,0.932,0.133,4.395,16.63,1.731,0.0021,1.598
3074,Switchboard,7.493,205.0,27.361,231.03,1015,716,135.47,95.56,0.2966,0.3547,0.1323,78,6.172,2.188,10.22,77,-0.432,-0.277,77,0.5849,5.739,,,,2.669,,,2.402,0.267,8.675,28.83,0.934,0.0128,0.667
3075,Switchboard,7.496,133.0,17.743,205.05,596,941,79.51,125.54,0.3826,0.3539,0.1856,70,6.336,2.635,7.106,69,0.06,0.12,69,0.3824,4.136,,,,0.534,,,0.534,0.0,3.202,10.6,0.534,0.0029,1.467
3076,Switchboard,7.494,168.0,22.418,195.62,569,897,75.93,119.7,0.3638,0.3512,0.1512,65,6.996,2.584,10.491,64,-0.094,-0.051,64,0.386,6.805,,,,1.334,,,1.334,0.0,5.204,13.94,0.534,0.0067,1.201
3077,Switchboard,7.469,150.0,20.084,219.31,553,1085,74.04,145.27,0.3508,0.2848,0.1052,59,7.791,2.502,10.162,58,-0.205,-0.019,58,0.3387,4.151,,,,1.205,,,1.205,0.0,4.552,15.8,2.946,0.0024,1.473
3078,Switchboard,7.496,110.0,14.675,174.9,686,625,91.52,83.38,0.414,0.344,0.1598,43,10.329,3.994,13.769,42,0.095,0.098,42,0.5455,3.602,,,,0.8,,,0.8,0.0,2.802,8.93,2.268,0.0028,
3079,Switchboard,7.493,126.0,16.817,194.06,876,578,116.92,77.14,0.2568,0.3356,0.1871,40,11.12,2.892,16.108,39,0.076,0.028,39,0.5259,5.606,,,,0.133,,,0.133,0.0,2.669,4.91,1.201,0.0104,
3080,Switchboard,6.347,120.0,18.906,226.71,498,941,78.46,148.25,0.3956,0.3337,0.1742,42,8.879,1.813,13.698,41,0.117,0.116,41,0.3659,8.35,,,,0.315,,,0.315,0.0,2.521,2.59,0.788,0.0069,0.63
3081,Switchboard,7.48,172.0,22.996,169.66,614,655,82.09,87.57,0.3436,0.371,0.2133,79,5.699,1.85,9.849,78,-0.03,-0.054,78,0.4421,2.273,,,,1.07,,,1.07,0.0,5.749,19.3,1.07,0.0259,0.668
3082,Switchboard,6.172,152.0,24.626,204.46,785,477,127.18,77.28,0.3478,0.4067,0.1191,51,7.49,4.753,7.375,50,-0.297,-0.008,50,0.6005,6.157,,,,2.268,,,1.944,0.324,4.86,19.03,2.268,0.023,0.486
3083,Switchboard,7.498,30.0,4.001,175.78,767,551,102.29,73.49,0.2738,0.3684,0.2614,13,33.836,31.238,20.71,12,0.739,0.537,12,0.5987,2.001,,,,0.0,,,0.0,0.0,0.0,0,0.133,0.0014,0.533
3084,Switchboard,7.51,110.0,14.648,166.06,587,660,78.17,87.89,0.3714,0.3955,0.2216,57,7.88,2.99,9.454,56,0.005,0.173,56,0.5006,2.264,,,,0.932,,,0.932,0.0,3.462,11.38,0.932,0.0033,
3085,Switchboard,7.485,148.0,19.773,225.79,535,1155,71.48,154.31,0.3551,0.3152,0.0978,53,9.118,2.306,13.501,52,-0.679,-0.085,52,0.3091,6.546,,,,1.737,,,1.47,0.267,4.542,16.49,0.134,0.0093,0.0
3086,Switchboard,7.479,123.0,16.447,183.06,695,674,92.93,90.12,0.3626,0.3887,0.2394,58,7.481,2.628,9.853,57,0.231,0.279,57,0.5025,3.477,,,,0.401,,,0.401,0.0,2.674,5.96,0.535,0.0232,3.209
3087,Switchboard,7.509,132.0,17.579,214.28,726,883,96.68,117.59,0.3182,0.308,0.1676,68,6.413,4.127,7.022,67,0.201,0.242,67,0.4734,5.194,,,,0.4,,,0.4,0.0,1.998,6.24,0.533,0.0082,2.397
3088,Switchboard,7.493,138.0,18.417,180.84,618,737,82.48,98.36,0.4175,0.3514,0.1944,62,7.215,2.944,9.435,61,0.014,0.1,61,0.4527,4.404,,,,1.468,,,1.468,0.0,3.87,14.79,0.667,0.008,0.267
3089,Switchboard,7.512,268.0,35.675,222.84,808,866,107.56,115.28,0.354,0.3222,0.0861,117,4.093,2.708,4.036,116,-0.245,-0.107,116,0.4738,3.727,,,,1.864,,,1.464,0.399,10.25,34.64,5.192,0.0068,
3090,Switchboard,6.62,195.0,29.455,245.76,960,667,145.01,100.75,0.3312,0.4063,0.077,85,5.015,2.946,6.101,84,-0.391,-0.256,84,0.5958,4.078,,,,3.172,,,3.021,0.151,10.272,28.4,1.359,0.0093,1.057
3091,Switchboard,6.666,161.0,24.152,195.91,505,801,75.75,120.16,0.4238,0.3471,0.122,78,4.963,2.865,5.43,77,0.125,0.084,77,0.357,3.6,,,,0.6,,,0.6,0.0,4.95,10.15,3.15,0.0078,
3092,Switchboard,7.509,179.0,23.837,188.3,772,642,102.81,85.49,0.3381,0.3583,0.1944,88,5.344,2.466,8.715,87,-0.243,-0.003,87,0.5663,3.729,,,,1.864,,,1.465,0.4,6.925,18.42,0.666,0.0086,1.065
3093,Switchboard,6.802,88.0,12.937,171.56,507,660,74.53,97.03,0.4004,0.3455,0.2386,32,12.586,2.276,17.087,31,0.09,0.108,31,0.4533,4.41,,,,0.147,,,0.147,0.0,1.911,4.0,0.441,0.0139,0.735
3094,Switchboard,7.493,73.0,9.742,202.58,710,808,94.75,107.83,0.3648,0.3193,0.1923,21,21.083,15.587,17.056,20,0.275,0.195,20,0.5151,4.404,,,,0.133,,,0.133,0.0,0.534,1.01,1.601,0.0013,
3095,Switchboard,7.511,111.0,14.779,142.2,417,651,55.52,86.68,0.4388,0.4393,0.2927,50,9.067,3.265,13.568,49,-0.072,0.004,49,0.3831,2.796,,,,0.666,,,0.666,0.0,3.329,8.25,0.799,0.0234,0.533
3096,Switchboard,7.515,232.0,30.873,225.82,339,1358,45.11,180.71,0.3776,0.2754,0.0974,73,6.336,1.966,10.7,72,-0.203,-0.07,72,0.2722,7.319,,,,1.331,,,1.331,0.0,6.654,17.5,4.924,0.0159,1.73
3097,Switchboard,7.494,177.0,23.619,209.37,680,889,90.74,118.63,0.3294,0.3352,0.1156,56,8.361,3.285,11.455,55,-0.351,-0.151,55,0.4262,8.273,,,,2.135,,,1.601,0.534,5.738,18.39,1.201,0.0072,0.801
3098,Switchboard,7.492,92.0,12.28,213.02,467,1129,62.33,150.69,0.4111,0.2737,0.1005,26,17.086,10.369,18.601,25,0.165,0.38,25,0.2817,3.07,,,,0.267,,,0.267,0.0,1.335,3.98,2.803,0.0132,
3099,Switchboard,7.495,165.0,22.013,223.87,991,687,132.21,91.66,0.3027,0.329,0.1738,72,6.39,2.215,10.252,71,-0.173,-0.051,71,0.5421,5.47,,,,1.201,,,1.201,0.0,5.203,16.95,0.534,0.0099,1.201
3100,Switchboard,7.497,50.0,6.669,153.92,680,474,90.7,63.22,0.3529,0.3945,0.2557,21,21.13,9.307,25.314,20,0.223,0.307,20,0.5914,2.801,,,,0.267,,,0.267,0.0,0.534,1.54,0.0,0.0025,
3101,Switchboard,6.77,212.0,31.315,222.16,1026,478,151.55,70.61,0.3168,0.3766,0.1395,110,3.559,1.777,4.452,109,0.111,0.079,109,0.7155,2.363,,,,0.739,,,0.739,0.0,7.09,13.72,4.579,0.0108,
3102,Switchboard,7.488,124.0,16.56,231.04,863,867,115.25,115.79,0.292,0.2768,0.2044,55,7.852,1.446,13.423,54,0.279,0.167,54,0.5734,6.544,,,,0.134,,,0.134,0.0,1.603,3.65,0.401,0.0029,1.469
3103,Switchboard,7.511,121.0,16.109,197.3,561,921,74.69,122.62,0.3387,0.3257,0.1729,43,10.655,2.706,15.312,42,-0.193,-0.011,42,0.4166,5.991,,,,0.399,,,0.399,0.0,3.461,9.98,0.666,0.0027,0.533
3104,Switchboard,7.496,136.0,18.144,184.51,728,655,97.12,87.38,0.3654,0.374,0.1876,55,8.255,2.61,13.162,54,-0.106,0.008,54,0.5345,5.07,,,,0.8,,,0.8,0.0,3.469,8.71,1.468,0.0031,1.067
3105,Switchboard,7.512,126.0,16.773,182.38,465,905,61.9,120.47,0.4237,0.3403,0.2327,62,7.338,2.419,11.709,61,-0.104,0.009,61,0.327,2.929,,,,1.597,,,1.464,0.133,4.127,18.31,0.399,0.0116,0.532
3106,Switchboard,7.498,126.0,16.804,170.7,607,673,80.95,89.75,0.3427,0.3358,0.2115,56,7.894,3.814,10.556,55,0.109,0.083,55,0.5129,3.601,,,,0.533,,,0.533,0.0,3.601,10.09,1.2,0.0103,
3107,Switchboard,7.497,77.0,10.271,184.61,545,839,72.7,111.91,0.3872,0.3039,0.2535,36,12.385,2.56,17.333,35,0.078,0.062,35,0.3349,2.134,,,,0.133,,,0.133,0.0,2.134,3.37,0.267,0.0094,0.267
3108,Switchboard,5.731,195.0,34.026,200.32,664,484,115.86,84.46,0.375,0.3636,0.0883,89,4.012,2.824,3.856,88,-0.199,-0.047,88,0.5653,3.141,,,,2.443,,,2.094,0.349,9.597,23.84,4.188,0.0202,2.094
3109,Switchboard,10.006,238.0,23.786,207.28,1335,739,133.42,73.86,0.2876,0.3735,0.2161,106,5.631,2.262,7.564,105,0.025,0.097,105,0.6059,4.098,,,,1.399,,,1.399,0.0,4.797,19.47,3.898,0.0015,
3110,Switchboard,9.989,271.0,27.129,217.64,1009,1165,101.01,116.63,0.3053,0.3021,0.1044,93,6.655,2.86,8.476,92,-0.219,-0.082,92,0.4732,5.206,,,,1.101,,,1.101,0.0,5.606,26.25,5.806,0.0097,
3111,Switchboard,8.85,99.0,11.187,178.31,833,745,94.13,84.19,0.3577,0.3342,0.2382,33,15.968,8.501,18.435,32,0.089,0.232,32,0.5456,5.65,,,,0.339,,,0.339,0.0,1.356,3.75,0.113,0.0011,0.452
3112,Switchboard,10.004,79.0,7.897,168.43,514,1171,51.38,117.05,0.4202,0.3057,0.2156,29,20.556,5.12,29.887,28,0.067,0.161,28,0.3225,2.099,,,,0.4,,,0.4,0.0,1.1,4.7,1.1,0.0041,
3113,Switchboard,7.495,47.0,6.271,164.91,668,568,89.12,75.78,0.3383,0.3539,0.2197,21,21.177,9.364,25.416,20,0.163,0.26,20,0.5571,2.402,,,,0.133,,,0.133,0.0,0.667,2.27,0.133,0.0035,0.4
3114,Switchboard,4.081,86.0,21.073,196.02,405,395,99.24,96.79,0.437,0.4127,0.1765,42,5.728,1.901,8.175,41,0.0,0.044,41,0.5349,2.94,,,,0.98,,,0.98,0.0,4.656,5.83,0.49,0.0154,
3115,Switchboard,7.485,147.0,19.638,219.63,1020,624,136.26,83.36,0.3069,0.3494,0.1755,75,5.933,2.135,9.343,74,0.03,0.023,74,0.609,2.805,,,,0.802,,,0.802,0.0,4.676,14.62,1.336,0.0033,0.534
3116,Switchboard,5.551,76.0,13.692,224.3,484,761,87.2,137.1,0.4091,0.2878,0.1216,25,13.135,2.029,19.503,24,0.068,0.107,24,0.4383,5.225,,,,0.36,,,0.36,0.0,1.621,2.52,1.081,0.0116,
3117,Switchboard,7.486,185.0,24.712,244.05,1108,719,148.0,96.04,0.3014,0.363,0.0835,77,6.122,3.138,8.591,76,-0.307,-0.181,76,0.6266,2.271,,,,2.404,,,2.271,0.134,7.881,24.77,2.137,0.0093,
3118,Switchboard,6.048,93.0,15.377,195.11,550,630,90.94,104.17,0.3364,0.3381,0.1688,34,10.446,5.418,10.724,33,0.166,0.193,33,0.479,3.472,,,,0.331,,,0.331,0.0,2.315,4.35,1.653,0.0131,1.819
3119,Switchboard,7.506,146.0,19.452,208.37,631,933,84.07,124.3,0.393,0.3387,0.1039,60,7.578,2.73,9.487,59,-0.082,-0.005,59,0.416,4.263,,,,0.533,,,0.533,0.0,4.53,11.52,2.265,0.0028,
3120,Switchboard,7.503,85.0,11.329,168.74,700,566,93.3,75.44,0.3629,0.4099,0.2005,44,10.186,2.34,16.286,43,0.015,0.065,43,0.5573,1.999,,,,0.133,,,0.133,0.0,2.666,7.55,0.533,0.0032,1.599
3121,Switchboard,7.49,225.0,30.039,200.66,696,807,92.92,107.74,0.3563,0.3123,0.1158,99,4.76,2.418,5.588,98,-0.234,-0.223,98,0.4888,4.806,,,,1.602,,,1.602,0.0,9.479,28.06,0.935,0.0109,0.801
3122,Switchboard,7.51,242.0,32.223,221.57,869,795,115.71,105.86,0.3544,0.3358,0.1247,111,4.372,1.925,5.76,110,-0.32,-0.096,110,0.4723,2.929,,,,2.796,,,2.397,0.399,10.386,32.09,3.329,0.0057,
3123,Switchboard,7.494,65.0,8.673,172.13,357,933,47.64,124.5,0.3978,0.3312,0.2142,22,19.929,13.775,23.649,21,0.488,0.215,21,0.2725,4.537,,,,0.0,,,0.0,0.0,0.534,1.34,0.4,0.0022,
3124,Switchboard,7.494,110.0,14.679,214.85,686,924,91.55,123.31,0.3207,0.3171,0.1207,46,9.737,5.005,11.012,45,0.005,0.061,45,0.4195,3.336,,,,0.667,,,0.667,0.0,2.669,7.36,2.002,0.0032,0.667
3125,Switchboard,7.496,107.0,14.275,191.04,879,553,117.27,73.77,0.3311,0.4087,0.1695,59,7.634,3.229,10.582,58,-0.033,0.177,58,0.6402,2.935,,,,0.267,,,0.267,0.0,2.802,8.75,0.667,0.0,
3126,Switchboard,7.509,139.0,18.511,204.02,827,705,110.14,93.89,0.3253,0.3844,0.1118,60,7.58,2.411,10.366,59,-0.103,0.072,59,0.5479,5.727,,,,0.799,,,0.799,0.0,3.463,11.75,1.199,0.0002,
3127,Switchboard,7.511,119.0,15.843,212.21,1163,431,154.83,57.38,0.3224,0.4246,0.1738,51,9.012,2.909,11.583,50,-0.227,-0.049,50,0.7543,3.195,,,,1.331,,,1.065,0.266,4.127,11.06,0.666,0.0052,
3128,Switchboard,4.908,149.0,30.361,199.29,515,463,104.94,94.34,0.4194,0.486,0.1276,71,4.179,2.111,5.975,70,-0.104,0.016,70,0.5536,3.057,,,,1.426,,,1.426,0.0,7.743,10.77,2.649,0.0134,
3129,Switchboard,7.507,51.0,6.794,182.63,548,823,73.0,109.63,0.4599,0.3451,0.2026,24,18.761,7.565,26.869,23,-0.072,0.115,23,0.4483,1.865,,,,0.4,,,0.4,0.0,1.199,2.39,0.4,0.0003,0.666
3130,Switchboard,7.494,133.0,17.747,207.62,543,1013,72.46,135.17,0.3628,0.2942,0.1419,57,7.989,2.5,11.936,56,-0.137,0.039,56,0.3242,4.537,,,,1.201,,,1.201,0.0,3.336,10.4,1.601,0.0035,1.334
3131,Switchboard,7.509,120.0,15.981,202.15,886,632,117.99,84.16,0.3296,0.4177,0.0788,44,10.539,7.283,11.66,43,-0.34,-0.128,43,0.5406,4.261,,,,1.731,,,1.598,0.133,4.395,15.71,1.065,0.0036,1.065
3132,Switchboard,5.477,118.0,21.543,169.06,511,415,93.29,75.76,0.3836,0.4169,0.2035,50,6.537,3.222,8.835,49,-0.031,0.002,49,0.4813,3.834,,,,0.548,,,0.548,0.0,4.929,7.43,1.643,0.0191,
3133,Switchboard,7.007,108.0,15.412,174.67,772,452,110.17,64.5,0.3316,0.3916,0.2752,51,7.619,2.73,9.976,50,0.541,0.13,50,0.6602,3.568,,,,0.714,,,0.714,0.0,2.854,5.95,0.428,0.0116,0.999
3134,Switchboard,7.478,125.0,16.716,181.47,637,720,85.18,96.28,0.3642,0.3806,0.2394,58,7.752,2.47,10.471,57,-0.038,0.013,57,0.4774,3.878,,,,0.535,,,0.535,0.0,4.012,9.72,0.669,0.003,1.738
3135,Switchboard,7.494,165.0,22.019,208.31,1009,552,134.65,73.66,0.3518,0.3641,0.0876,60,7.986,3.244,10.186,59,-0.529,-0.403,59,0.6427,6.005,,,,2.536,,,2.536,0.0,6.005,30.77,0.801,0.0086,0.934
3136,Switchboard,7.495,139.0,18.545,206.53,718,830,95.8,110.74,0.3593,0.3096,0.1681,60,7.486,2.557,8.99,59,-0.03,-0.011,59,0.43,3.602,,,,0.801,,,0.801,0.0,4.003,12.76,1.734,0.0164,0.534
3137,Switchboard,7.495,158.0,21.081,196.8,591,884,78.86,117.95,0.3858,0.3314,0.1368,65,7.014,2.43,9.799,64,-0.113,-0.089,64,0.3967,5.07,,,,1.067,,,1.067,0.0,5.204,15.04,1.868,0.0023,
3138,Switchboard,7.492,209.0,27.896,207.02,674,877,89.96,117.06,0.3457,0.3284,0.2189,91,5.044,2.26,6.93,90,-0.122,0.011,90,0.4485,5.739,,,,2.002,,,1.869,0.133,7.208,20.22,2.269,0.003,1.735
3140,Switchboard,7.495,108.0,14.411,153.58,366,785,48.84,104.74,0.4836,0.3083,0.2518,56,7.84,2.757,15.435,55,0.12,0.118,55,0.2613,2.268,,,,1.468,,,1.334,0.133,3.336,12.27,0.934,0.0031,1.067
3141,Switchboard,7.495,167.0,22.283,210.15,900,675,120.09,90.07,0.3656,0.3378,0.0956,63,7.418,3.485,8.176,62,-0.299,-0.196,62,0.6102,5.471,,,,1.067,,,0.934,0.133,5.471,18.46,2.268,0.0034,
3142,Switchboard,7.512,117.0,15.576,188.64,692,725,92.12,96.52,0.3699,0.3283,0.211,50,8.811,3.106,11.529,49,0.186,0.192,49,0.4932,4.127,,,,0.266,,,0.266,0.0,2.396,5.26,1.598,0.0052,0.799
3143,Switchboard,6.184,98.0,15.847,214.58,805,522,130.17,84.41,0.354,0.4406,0.1781,46,7.966,6.35,8.278,45,0.038,0.113,45,0.6112,2.426,,,,0.647,,,0.647,0.0,3.396,8.44,1.94,0.0051,0.485
3144,Switchboard,7.509,116.0,15.447,205.34,761,781,101.34,104.0,0.3509,0.3291,0.1027,43,10.973,4.691,19.436,42,-0.521,-0.236,42,0.4896,3.862,,,,1.465,,,1.332,0.133,3.995,17.86,1.731,0.0002,1.065
3146,Switchboard,7.493,150.0,20.018,199.64,853,643,113.83,85.81,0.3025,0.3857,0.1154,64,7.209,3.014,8.399,63,-0.2,-0.099,63,0.5397,3.737,,,,1.201,,,1.201,0.0,4.938,19.21,1.468,0.0061,1.735
3147,Switchboard,7.492,103.0,13.747,182.19,795,570,106.11,76.08,0.3132,0.3667,0.2116,42,10.449,3.505,16.176,41,0.196,0.176,41,0.5973,4.671,,,,0.534,,,0.534,0.0,2.269,5.53,0.667,0.0038,
3148,Switchboard,7.51,80.0,10.652,181.88,907,459,120.77,61.11,0.3385,0.3943,0.2169,42,10.515,2.923,20.884,41,0.179,0.173,41,0.6451,1.997,,,,0.399,,,0.399,0.0,1.331,3.1,0.799,0.009,0.799
3149,Switchboard,7.495,174.0,23.217,196.41,759,713,101.27,95.14,0.2978,0.3731,0.1936,78,5.835,2.758,7.059,77,-0.085,-0.015,77,0.4855,4.67,,,,0.667,,,0.667,0.0,6.004,12.69,1.735,0.0009,
3150,Switchboard,7.49,102.0,13.618,211.88,629,958,83.98,127.9,0.3863,0.285,0.2082,44,10.243,2.576,13.995,43,-0.073,0.018,43,0.4384,3.071,,,,0.801,,,0.801,0.0,3.338,8.85,1.335,0.0,0.668
3151,Switchboard,7.494,180.0,24.019,194.69,733,726,97.81,96.88,0.3274,0.3788,0.183,75,6.108,2.522,7.932,74,-0.137,0.092,74,0.5303,5.604,,,,2.002,,,1.601,0.4,5.338,18.04,2.402,0.0043,0.934
3152,Switchboard,7.494,140.0,18.682,178.28,548,788,73.13,105.15,0.3668,0.3515,0.2006,68,6.418,1.9,10.527,67,0.182,0.091,67,0.4356,4.137,,,,0.267,,,0.267,0.0,3.47,7.11,1.201,0.0066,1.468
3153,Switchboard,7.483,95.0,12.695,199.92,279,1217,37.28,162.63,0.4767,0.2851,0.2418,30,15.353,2.885,24.983,29,-0.456,-0.139,29,0.1906,3.074,,,,1.203,,,1.069,0.134,2.94,9.68,1.47,0.0099,
3154,Switchboard,7.511,71.0,9.453,191.06,896,539,119.29,71.76,0.3404,0.3636,0.2107,32,13.896,9.648,15.943,31,0.17,0.278,31,0.6344,2.929,,,,0.533,,,0.533,0.0,1.198,3.56,0.399,0.004,0.399
3155,Switchboard,4.976,151.0,30.345,214.43,470,597,94.45,119.98,0.3745,0.3769,0.1334,67,4.461,2.242,6.084,66,-0.012,0.075,66,0.4623,4.019,,,,1.206,,,1.206,0.0,5.828,8.56,3.617,0.0491,1.407
3156,Switchboard,4.976,52.0,10.45,216.84,637,442,128.01,88.83,0.4129,0.4638,0.1476,16,18.594,13.431,18.534,15,0.064,0.033,15,0.604,2.613,,,,0.402,,,0.402,0.0,1.608,4.69,0.603,0.016,0.402
3157,Switchboard,4.226,142.0,33.604,182.22,298,472,70.52,111.7,0.443,0.447,0.1585,66,3.862,1.371,5.273,65,-0.026,-0.01,65,0.3976,7.1,,,,1.42,,,1.42,0.0,7.809,12.89,0.947,0.0252,
3158,Switchboard,4.982,116.0,23.282,210.54,591,458,118.62,91.92,0.3401,0.4672,0.1137,48,6.494,3.405,6.921,47,-0.281,-0.18,47,0.5371,5.82,,,,1.606,,,1.606,0.0,6.423,13.77,0.401,0.0014,0.803
3159,Switchboard,4.485,70.0,15.606,204.89,604,315,134.66,70.23,0.3874,0.4349,0.117,22,12.261,8.129,13.403,21,-0.147,0.025,21,0.6278,5.351,,,,0.446,,,0.446,0.0,2.007,4.87,0.892,0.0154,0.446
3160,Switchboard,4.467,114.0,25.519,201.24,489,410,109.46,91.78,0.4008,0.4195,0.1647,57,4.595,1.734,5.852,56,0.053,0.143,56,0.6123,2.239,,,,1.567,,,1.567,0.0,4.477,9.21,2.239,0.0393,
3161,Switchboard,4.959,38.0,7.663,196.61,753,222,151.85,44.77,0.3612,0.536,0.1826,11,27.452,24.23,21.146,10,-0.449,-0.687,10,0.7714,1.21,,,,0.403,,,0.403,0.0,1.815,6.14,0.605,0.0136,0.807
3162,Switchboard,4.992,70.0,14.022,171.67,460,397,92.15,79.53,0.4,0.3627,0.1621,26,11.358,4.194,15.341,25,0.148,0.249,25,0.5485,3.806,,,,1.202,,,1.202,0.0,1.803,6.41,1.002,0.0186,0.2
3163,Switchboard,4.356,88.0,20.201,191.45,381,453,87.46,103.99,0.4147,0.3974,0.1777,27,9.22,2.517,11.558,26,0.282,-0.015,26,0.5121,5.739,,,,0.459,,,0.459,0.0,3.673,3.29,0.918,0.0341,
3164,Switchboard,4.98,173.0,34.741,189.57,368,576,73.9,115.67,0.4402,0.3906,0.2105,98,2.952,1.87,3.157,97,0.073,0.111,97,0.4171,4.619,,,,2.41,,,2.41,0.0,7.229,14.97,1.406,0.0111,
3165,Switchboard,4.986,105.0,21.058,209.18,489,554,98.07,111.11,0.3926,0.4097,0.144,50,6.009,2.944,7.479,49,-0.027,0.146,49,0.3881,1.404,,,,1.003,,,1.003,0.0,4.613,7.89,2.006,0.0215,
3166,Switchboard,4.978,117.0,23.503,210.12,699,347,140.41,69.7,0.3577,0.4236,0.0908,53,6.022,2.73,7.833,52,-0.395,-0.129,52,0.6351,3.415,,,,2.21,,,1.607,0.603,7.232,20.51,0.603,0.0112,1.607
3167,Switchboard,4.995,136.0,27.226,214.4,589,482,117.91,96.49,0.3922,0.3942,0.1068,65,5.111,2.675,5.441,64,-0.516,-0.327,64,0.5169,2.402,,,,3.403,,,3.203,0.2,8.608,25.56,1.802,0.0072,2.602
3168,Switchboard,4.974,49.0,9.85,200.63,453,545,91.07,109.56,0.4371,0.3725,0.1592,12,24.732,25.247,18.256,11,0.117,0.209,11,0.4835,3.82,,,,0.0,,,0.0,0.0,0.804,1.37,0.201,0.0261,0.201
3169,Switchboard,4.991,26.0,5.209,218.39,942,148,188.74,29.65,0.3397,0.5743,0.1407,8,37.219,16.159,45.64,7,0.24,0.098,7,0.8495,0.801,,,,0.0,,,0.0,0.0,0.401,0.14,0.2,0.0183,0.401
3170,Switchboard,3.546,105.0,29.614,205.61,425,304,119.87,85.74,0.4047,0.523,0.1192,37,5.993,3.128,7.653,36,-0.321,-0.192,36,0.5799,5.077,,,,1.41,,,1.128,0.282,8.461,10.73,1.128,0.0341,1.128
3171,Switchboard,4.991,105.0,21.038,206.37,724,306,145.06,61.31,0.3688,0.5261,0.0713,45,6.97,2.217,8.54,44,-0.324,-0.215,44,0.6532,3.005,,,,1.002,,,1.002,0.0,6.011,14.55,0.801,0.0267,1.002
3172,Switchboard,4.993,17.0,3.405,149.42,344,402,68.9,80.52,0.4942,0.4602,0.2491,3,98.075,104.261,65.779,2,2.646,2.646,2,0.4411,1.001,,,,0.0,,,0.0,0.0,0.0,0,0.401,0.0089,
3173,Switchboard,2.241,45.0,20.079,184.73,200,214,89.24,95.49,0.54,0.5187,0.1901,24,5.484,4.314,5.078,23,0.031,0.069,23,0.4974,0.892,,,,0.446,,,0.446,0.0,4.462,5.13,3.123,0.0049,2.677
3174,Switchboard,4.995,96.0,19.218,203.59,423,594,84.68,118.91,0.3972,0.3316,0.2108,29,10.366,6.96,9.225,28,-0.042,0.264,28,0.4613,6.406,,,,1.602,,,1.401,0.2,2.803,8.98,1.401,0.0211,0.601
3175,Switchboard,4.598,58.0,12.613,167.67,357,414,77.64,90.03,0.395,0.4469,0.1855,15,18.241,4.573,21.912,14,0.024,0.193,14,0.4542,3.697,,,,0.217,,,0.217,0.0,1.305,2.53,2.392,0.0111,0.435
3176,Switchboard,4.99,154.0,30.862,202.01,384,624,76.96,125.05,0.4036,0.3718,0.1382,64,4.941,2.412,6.389,63,-0.267,0.006,63,0.3853,6.814,,,,2.806,,,2.405,0.401,7.415,13.12,1.603,0.0162,
3177,Switchboard,4.992,81.0,16.226,209.33,662,383,132.61,76.72,0.3731,0.4282,0.1278,40,7.675,3.903,9.797,39,-0.193,0.1,39,0.6088,2.204,,,,1.603,,,1.402,0.2,3.806,8.41,1.202,0.0108,
3178,Switchboard,0.847,28.0,33.059,195.99,78,88,92.09,103.9,0.6154,0.6477,0.2411,15,2.936,1.52,2.862,14,0.262,0.291,14,0.4595,3.542,,,,0.0,,,0.0,0.0,3.542,0.69,2.361,0.0282,
3179,Switchboard,4.976,207.0,41.599,206.59,537,491,107.92,98.67,0.3911,0.4012,0.2131,119,2.296,1.385,2.328,118,0.212,0.206,118,0.5419,5.024,,,,0.804,,,0.804,0.0,5.225,8.91,5.627,0.0116,
3180,Switchboard,4.98,28.0,5.623,203.82,697,318,139.97,63.86,0.3702,0.4748,0.1943,11,26.573,28.602,13.563,10,0.586,0.422,10,0.6744,2.008,,,,0.0,,,0.0,0.0,0.402,0.31,0.0,0.0042,
3181,Switchboard,4.991,96.0,19.235,192.15,402,557,80.55,111.6,0.4751,0.3609,0.1329,40,7.842,5.621,7.352,39,-0.368,-0.034,39,0.4087,4.608,,,,1.403,,,1.403,0.0,5.009,10.92,0.801,0.0039,0.401
3182,Switchboard,4.991,87.0,17.431,162.69,389,423,77.94,84.75,0.4499,0.4846,0.1337,52,5.775,2.593,7.531,51,-0.018,0.205,51,0.4394,1.202,,,,1.603,,,1.603,0.0,3.206,6.1,1.603,0.0116,2.004
3183,Switchboard,4.77,139.0,29.139,218.23,367,674,76.94,141.29,0.4714,0.3917,0.126,62,4.911,2.854,6.144,61,-0.344,-0.165,61,0.3773,2.935,,,,2.725,,,2.725,0.0,8.805,16.19,0.629,0.0269,
3184,Switchboard,3.504,87.0,24.829,191.49,405,266,115.58,75.91,0.4099,0.5451,0.1912,46,4.683,1.487,9.845,45,-0.169,0.175,45,0.6225,3.71,,,,1.142,,,1.142,0.0,6.564,7.47,0.0,0.024,1.427
3185,Switchboard,4.977,133.0,26.722,242.91,827,382,166.16,76.75,0.3349,0.3455,0.1096,60,5.176,3.088,5.677,59,-0.205,0.019,59,0.617,3.817,,,,3.215,,,3.014,0.201,6.429,16.62,2.411,0.0175,1.406
3186,Switchboard,4.438,143.0,32.222,213.84,568,381,127.99,85.85,0.3715,0.4068,0.1782,59,4.48,2.145,6.382,58,-0.023,0.012,58,0.5966,3.38,,,,1.127,,,1.127,0.0,6.76,7.89,1.803,0.0583,1.577
3187,Switchboard,4.979,53.0,10.645,161.49,456,348,91.59,69.9,0.4605,0.4971,0.2327,22,13.446,4.649,16.024,21,0.081,0.019,21,0.5258,3.214,,,,0.402,,,0.402,0.0,2.009,4.43,0.0,0.0052,0.603
3188,Switchboard,4.974,108.0,21.711,238.42,405,781,81.42,157.0,0.3877,0.315,0.122,46,6.611,3.209,7.573,45,-0.131,-0.029,45,0.3903,3.216,,,,0.201,,,0.201,0.0,4.825,8.79,2.412,0.012,2.814
3189,Switchboard,4.991,116.0,23.242,198.36,613,377,122.82,75.54,0.3475,0.3687,0.1312,56,5.589,2.478,7.034,55,-0.259,-0.102,55,0.6199,3.607,,,,1.403,,,1.403,0.0,7.213,17.94,0.601,0.0015,2.404
3190,Switchboard,4.976,148.0,29.743,214.43,589,478,118.37,96.06,0.4007,0.4268,0.0725,67,4.683,1.922,7.194,66,-0.243,-0.081,66,0.5791,5.024,,,,1.809,,,1.809,0.0,8.039,17.37,1.608,0.0136,1.809
3191,Switchboard,4.993,55.0,11.016,187.08,299,635,59.89,127.19,0.5151,0.3606,0.1567,20,14.934,9.902,14.346,19,-0.021,0.167,19,0.3933,4.006,,,,0.601,,,0.601,0.0,2.203,2.92,0.2,0.0013,0.801
3192,Switchboard,4.981,60.0,12.046,214.22,618,449,124.08,90.15,0.3706,0.4388,0.122,29,10.64,5.092,12.281,28,-0.355,-0.078,28,0.5911,1.004,,,,1.205,,,1.205,0.0,3.413,5.88,0.602,0.0047,
3193,Switchboard,4.562,114.0,24.991,189.41,370,494,81.11,108.29,0.4486,0.415,0.1396,48,5.868,1.904,7.442,47,-0.218,0.069,47,0.4113,3.946,,,,1.535,,,1.315,0.219,5.919,12.44,2.411,0.0142,
3194,Switchboard,4.975,73.0,14.672,198.77,445,544,89.44,109.34,0.3618,0.386,0.1434,27,10.915,2.85,16.01,26,0.118,0.197,26,0.4974,3.819,,,,0.603,,,0.603,0.0,2.01,4.49,0.804,0.0167,0.804
3195,Switchboard,4.992,63.0,12.62,192.71,679,283,136.02,56.69,0.3726,0.4947,0.106,21,14.407,4.505,21.321,20,-0.158,0.282,20,0.6575,3.606,,,,1.202,,,1.202,0.0,1.603,3.31,1.402,0.0217,1.402
3196,Switchboard,4.976,77.0,15.474,195.14,626,345,125.8,69.33,0.3882,0.4667,0.2254,22,13.102,3.54,17.581,21,0.275,0.442,21,0.6419,3.818,,,,0.201,,,0.201,0.0,0.804,2.07,2.813,0.0271,0.402
3197,Switchboard,3.463,90.0,25.989,171.82,231,364,66.71,105.11,0.5844,0.4698,0.1614,39,5.409,2.036,8.524,38,-0.143,0.028,38,0.4534,2.888,,,,1.733,,,1.733,0.0,6.064,8.52,2.599,0.0483,
3198,Switchboard,4.992,87.0,17.428,194.11,739,230,148.04,46.07,0.3424,0.4478,0.1255,33,9.408,2.211,17.622,32,-0.344,-0.156,32,0.7383,3.005,,,,1.402,,,1.202,0.2,4.808,7.26,0.401,0.0156,0.2
3199,Switchboard,1.032,13.0,12.596,174.41,162,18,156.97,17.44,0.5988,0.8889,0.2274,5,12.393,1.99,21.52,4,-0.022,0.17,4,0.9285,0.0,,,,0.0,,,0.0,0.0,1.938,0.85,0.969,0.0216,
3200,Switchboard,4.992,136.0,27.243,257.81,757,530,151.64,106.17,0.3606,0.4057,0.0729,54,6.094,3.536,9.111,53,-0.561,-0.014,53,0.5582,4.607,,,,3.005,,,2.003,1.002,7.412,15.01,2.404,0.0289,1.402
3201,Switchboard,4.693,102.0,21.733,196.23,597,324,127.2,69.03,0.3551,0.4383,0.1902,42,6.777,2.114,9.566,41,-0.143,0.032,41,0.6615,5.753,,,,1.491,,,1.491,0.0,4.261,9.91,0.426,0.0171,0.213
3202,Switchboard,1.619,28.0,17.296,203.85,93,237,57.45,146.4,0.6559,0.4979,0.1526,9,10.495,2.25,17.002,8,0.317,0.27,8,0.3272,3.706,,,,0.618,,,0.618,0.0,1.853,0.25,0.618,0.0324,0.618
3203,Switchboard,4.992,136.0,27.243,205.33,550,475,110.18,95.15,0.3945,0.4232,0.1306,67,4.425,1.83,5.12,66,0.045,0.037,66,0.5495,4.006,,,,0.601,,,0.601,0.0,6.01,9.6,2.804,0.004,1.803
3204,Switchboard,4.992,115.0,23.037,192.31,493,467,98.76,93.55,0.4097,0.3897,0.1711,55,5.445,1.86,8.01,54,-0.018,-0.064,54,0.562,4.407,,,,1.002,,,1.002,0.0,5.809,11.69,0.2,0.0131,0.401
3205,Switchboard,3.14,87.0,27.709,223.26,413,288,131.54,91.73,0.4431,0.4792,0.081,37,5.156,2.085,6.701,36,-0.111,0.046,36,0.5842,2.866,,,,0.955,,,0.955,0.0,5.733,6.52,3.503,0.0352,1.911
3206,Switchboard,4.986,55.0,11.031,155.43,400,375,80.22,75.21,0.4325,0.4053,0.21,31,9.149,3.526,11.92,30,0.516,0.401,30,0.5948,1.805,,,,0.0,,,0.0,0.0,1.203,1.36,0.602,0.0093,2.206
3207,Switchboard,4.987,67.0,13.434,211.54,746,309,149.58,61.96,0.319,0.4401,0.1866,22,13.866,7.322,16.221,21,-0.28,0.261,21,0.6885,3.208,,,,0.602,,,0.602,0.0,2.005,3.37,1.003,0.0219,1.404
3208,Switchboard,2.152,28.0,13.011,197.02,390,34,181.22,15.8,0.4436,0.6765,0.0954,5,25.998,8.523,29.587,4,-0.23,-0.224,4,0.8933,5.111,,,,0.0,,,0.0,0.0,0.929,0.81,0.0,0.032,0.0
3214,Switchboard,4.974,152.0,30.556,242.44,518,688,104.13,138.31,0.4073,0.3576,0.0696,59,5.632,3.799,5.834,58,-0.585,-0.322,58,0.4105,5.026,,,,3.619,,,3.015,0.603,9.247,27.02,1.206,0.0258,0.804
3215,Switchboard,3.29,83.0,25.227,205.76,326,351,99.08,106.68,0.5276,0.5157,0.0777,32,6.343,4.613,5.187,31,-0.253,0.026,31,0.4765,2.431,,,,2.128,,,1.824,0.304,5.471,8.89,3.039,0.0397,0.304
3216,Switchboard,4.976,70.0,14.067,171.62,424,430,85.21,86.41,0.4175,0.3698,0.221,22,13.649,1.719,20.449,21,-0.12,-0.083,21,0.5262,4.019,,,,0.402,,,0.402,0.0,2.412,3.87,0.804,0.0256,0.603
3217,Switchboard,0.934,19.0,20.351,128.53,53,67,56.77,71.76,0.7925,0.7313,0.3535,10,4.864,1.957,5.216,9,0.81,0.687,9,0.4371,3.213,,,,0.0,,,0.0,0.0,0.0,0,2.142,0.041,
3218,Switchboard,4.904,171.0,34.869,201.06,409,577,83.4,117.66,0.4328,0.3865,0.1548,76,3.881,1.636,4.89,75,-0.01,0.035,75,0.4087,6.321,,,,0.816,,,0.816,0.0,7.341,11.64,1.223,0.0332,
3219,Switchboard,4.754,97.0,20.405,211.63,585,421,123.06,88.56,0.3863,0.4228,0.093,42,6.929,3.51,7.938,41,-0.188,0.077,41,0.5042,2.524,,,,1.473,,,1.473,0.0,4.207,9.03,1.473,0.0244,0.841
3220,Switchboard,4.999,126.0,25.205,176.44,367,515,73.42,103.02,0.4305,0.4097,0.257,66,4.469,1.826,7.506,65,0.062,0.086,65,0.3927,5.001,,,,1.4,,,1.4,0.0,5.801,7.35,0.2,0.0036,
3221,Switchboard,4.985,86.0,17.253,190.39,710,239,142.44,47.95,0.3831,0.4519,0.1611,22,13.522,3.691,23.243,21,0.012,0.011,21,0.743,7.022,,,,0.201,,,0.201,0.0,2.207,3.54,0.201,0.0309,1.806
3222,Switchboard,4.982,180.0,36.127,227.6,703,431,141.1,86.5,0.3514,0.3759,0.0832,75,4.213,2.305,5.073,74,-0.251,-0.026,74,0.6136,4.817,,,,3.011,,,3.011,0.0,10.035,18.88,2.81,0.0172,
3223,Switchboard,4.993,99.0,19.829,212.12,679,380,136.0,76.11,0.3402,0.4211,0.2306,39,7.467,2.66,9.393,38,0.198,0.109,38,0.554,4.807,,,,0.401,,,0.401,0.0,2.804,3.07,1.202,0.027,1.803
3224,Switchboard,4.977,117.0,23.508,209.36,481,561,96.64,112.72,0.4699,0.4064,0.0969,58,5.427,2.298,7.005,57,-0.284,0.015,57,0.5155,3.617,,,,1.406,,,1.206,0.201,6.028,8.11,1.206,0.0066,
3225,Switchboard,4.976,113.0,22.709,221.26,523,578,105.1,116.16,0.4054,0.3772,0.0715,46,6.602,3.276,9.281,45,-0.119,0.007,45,0.4333,6.029,,,,1.407,,,1.407,0.0,5.024,10.37,1.809,0.0017,1.608
3226,Switchboard,4.995,72.0,14.414,168.76,423,420,84.68,84.08,0.4563,0.4738,0.3264,37,7.896,2.62,9.797,36,0.135,0.257,36,0.4877,3.603,,,,0.601,,,0.601,0.0,2.202,6.39,1.001,0.0022,1.001
3227,Switchboard,4.975,76.0,15.275,146.52,449,280,90.24,56.28,0.3408,0.3929,0.1744,31,9.84,2.9,12.86,30,-0.226,-0.111,30,0.6534,2.814,,,,1.005,,,1.005,0.0,3.417,9.58,1.005,0.0148,0.603
3228,Switchboard,4.976,161.0,32.355,261.86,641,662,128.82,133.04,0.3697,0.3671,0.0606,68,4.759,3.124,4.476,67,-0.374,-0.349,67,0.4864,4.823,,,,2.211,,,2.211,0.0,9.244,29.56,3.014,0.0098,1.206
3229,Switchboard,4.976,116.0,23.312,193.93,431,534,86.62,107.31,0.4687,0.4251,0.2016,42,7.183,2.325,10.296,41,-0.087,-0.027,41,0.4773,5.024,,,,1.407,,,1.407,0.0,5.426,9.87,2.613,0.0128,0.804
3230,Switchboard,2.388,80.0,33.504,179.67,326,103,136.53,43.14,0.4325,0.6893,0.1316,35,4.063,1.117,7.554,34,-0.02,0.027,34,0.6487,3.769,,,,1.675,,,1.675,0.0,6.701,3.66,4.607,0.0469,0.419
3231,Switchboard,4.974,175.0,35.18,245.86,594,629,119.41,126.45,0.3199,0.3148,0.1983,95,3.278,1.638,3.888,94,-0.139,-0.031,94,0.4471,3.216,,,,1.005,,,1.005,0.0,10.051,18.15,0.804,0.0098,3.015
3232,Switchboard,4.992,136.0,27.243,205.53,600,426,120.19,85.34,0.3583,0.446,0.1118,45,6.567,2.04,8.913,44,0.074,0.178,44,0.5546,7.612,,,,0.601,,,0.601,0.0,2.204,3.63,1.202,0.0359,2.003
3233,Switchboard,4.977,59.0,11.854,162.75,576,234,115.73,47.02,0.3507,0.5171,0.1809,14,21.133,8.86,27.205,13,0.134,0.148,13,0.7159,5.023,,,,0.201,,,0.201,0.0,0.804,0.85,1.005,0.011,0.603
3234,Switchboard,4.985,51.0,10.232,157.89,393,394,78.84,79.04,0.4529,0.401,0.2669,19,15.016,7.629,16.024,18,0.743,0.825,18,0.5619,3.411,,,,0.401,,,0.401,0.0,0.401,2.05,1.806,0.0086,0.201
3235,Switchboard,4.952,80.0,16.155,183.76,408,502,82.39,101.37,0.3848,0.4223,0.1886,36,8.142,3.532,10.255,35,0.05,0.063,35,0.4639,2.827,,,,0.202,,,0.202,0.0,3.231,4.75,1.212,0.0149,1.817
3236,Switchboard,4.912,136.0,27.687,196.66,598,368,121.74,74.92,0.403,0.481,0.1513,49,6.104,3.853,6.194,48,-0.131,0.156,48,0.5941,4.682,,,,1.425,,,1.018,0.407,4.886,11.28,3.257,0.0516,1.425
3237,Switchboard,4.991,197.0,39.471,214.39,771,299,154.48,59.91,0.3437,0.4482,0.0597,67,4.629,2.094,6.142,66,-0.165,-0.076,66,0.6105,8.415,,,,1.803,,,1.603,0.2,8.215,14.06,4.608,0.0418,3.005
3238,Switchboard,4.976,51.0,10.249,200.96,633,367,127.21,73.75,0.3855,0.436,0.2315,21,13.793,0.762,22.895,20,0.415,0.263,20,0.6434,3.014,,,,0.0,,,0.0,0.0,0.201,0.45,1.407,0.0092,1.206
3239,Switchboard,4.976,103.0,20.699,176.04,600,276,120.58,55.47,0.3983,0.5471,0.1211,42,7.305,3.821,7.75,41,-0.203,-0.075,41,0.6642,4.421,,,,1.206,,,1.206,0.0,5.426,10.49,1.407,0.0032,1.809
3240,Switchboard,4.981,91.0,18.27,193.34,618,345,124.08,69.27,0.4126,0.4551,0.1507,39,7.385,3.821,9.205,38,0.281,0.311,38,0.6126,2.208,,,,0.602,,,0.602,0.0,3.212,5.55,3.815,0.0126,
3241,Switchboard,4.992,96.0,19.231,183.69,586,331,117.39,66.31,0.3396,0.4169,0.219,38,7.547,3.008,9.33,37,0.34,0.486,37,0.6263,4.407,,,,1.002,,,1.002,0.0,2.204,6.69,2.804,0.0127,
3242,Switchboard,4.969,116.0,23.344,203.66,567,445,114.11,89.55,0.3686,0.427,0.2069,61,4.984,3.099,5.838,60,-0.104,0.072,60,0.5356,3.019,,,,1.811,,,1.811,0.0,5.434,13.01,0.604,0.0132,2.214
3243,Switchboard,4.976,115.0,23.111,230.5,494,653,99.28,131.23,0.3563,0.3369,0.2254,65,4.438,1.986,6.112,64,0.155,0.133,64,0.4982,5.225,,,,0.0,,,0.0,0.0,2.412,2.06,0.804,0.0124,
3244,Switchboard,4.992,74.0,14.824,192.71,710,252,142.23,50.48,0.369,0.5913,0.0981,15,20.631,6.067,25.206,14,-0.739,-0.172,14,0.7007,6.41,,,,1.202,,,1.002,0.2,2.404,5.03,0.2,0.0176,0.0
3245,Switchboard,4.975,142.0,28.54,216.46,679,398,136.47,79.99,0.3608,0.4397,0.0844,54,5.622,3.36,6.457,53,-0.098,-0.005,53,0.573,6.632,,,,0.603,,,0.603,0.0,5.829,9.49,4.221,0.0114,0.804
3246,Switchboard,4.977,107.0,21.498,201.12,463,538,93.03,108.1,0.486,0.4182,0.0859,47,6.648,4.142,7.22,46,-0.301,-0.154,46,0.4475,2.612,,,,1.406,,,1.406,0.0,6.429,12.35,0.603,0.026,1.406
3247,Switchboard,4.984,55.0,11.035,150.88,322,430,64.61,86.28,0.472,0.393,0.3232,30,9.108,4.257,10.174,29,0.861,0.74,29,0.4508,1.404,,,,0.401,,,0.401,0.0,1.204,2.91,0.201,0.0141,1.204
3248,Switchboard,4.99,40.0,8.016,171.35,538,317,107.82,63.53,0.4275,0.4795,0.2065,15,19.746,14.845,19.671,14,0.213,0.236,14,0.6419,2.204,,,,0.2,,,0.2,0.0,1.002,2.06,0.401,0.0059,
3249,Switchboard,4.976,130.0,26.125,211.61,628,425,126.2,85.41,0.3838,0.3859,0.1294,53,5.713,1.97,9.467,52,-0.084,0.068,52,0.6033,6.23,,,,1.206,,,1.206,0.0,4.421,5.46,1.407,0.0255,
3250,Switchboard,4.992,94.0,18.83,194.51,564,407,112.98,81.53,0.3759,0.3931,0.1421,33,9.037,2.88,11.265,32,0.037,0.038,32,0.5602,4.207,,,,0.801,,,0.801,0.0,3.205,6.31,2.204,0.0107,0.601
3251,Switchboard,4.995,90.0,18.017,210.8,379,674,75.87,134.93,0.4697,0.3635,0.1388,37,8.088,3.904,9.117,36,0.005,-0.018,36,0.4239,4.204,,,,1.201,,,1.201,0.0,3.603,5.23,2.002,0.0066,0.2
3252,Switchboard,4.977,69.0,13.863,190.87,577,373,115.93,74.94,0.3899,0.4477,0.1555,30,9.897,3.205,14.499,29,0.034,0.165,29,0.6086,1.406,,,,0.201,,,0.201,0.0,2.21,3.06,3.014,0.0084,1.005
3253,Switchboard,4.975,87.0,17.486,176.87,543,337,109.13,67.73,0.4088,0.4688,0.1673,35,8.376,4.49,8.944,34,0.153,0.216,34,0.6266,3.015,,,,0.201,,,0.201,0.0,1.809,2.56,3.618,0.0221,1.608
3254,Switchboard,4.974,100.0,20.103,204.04,342,673,68.75,135.29,0.4503,0.3834,0.1274,36,8.08,2.975,10.414,35,0.208,0.139,35,0.3684,6.232,,,,0.0,,,0.0,0.0,2.613,2.98,1.005,0.0261,1.608
3255,Switchboard,4.975,122.0,24.52,219.68,616,477,123.81,95.87,0.3701,0.4465,0.0904,49,6.523,2.358,10.379,48,-0.44,-0.221,48,0.5824,6.632,,,,2.211,,,2.01,0.201,6.432,12.49,0.603,0.01,0.603
3256,Switchboard,4.985,59.0,11.837,180.16,420,478,84.26,95.9,0.4476,0.4121,0.2201,25,11.724,4.437,14.339,24,0.235,0.198,24,0.4603,2.608,,,,0.0,,,0.0,0.0,1.003,1.26,1.605,0.0203,0.602
3257,Switchboard,4.992,104.0,20.833,191.91,587,371,117.59,74.32,0.3833,0.4447,0.1313,25,11.838,4.848,15.332,24,0.059,0.147,24,0.5924,5.008,,,,0.2,,,0.2,0.0,1.803,4.94,3.205,0.045,1.402
3258,Switchboard,4.994,128.0,25.633,197.45,560,426,112.14,85.31,0.3821,0.4249,0.1886,64,4.57,2.438,5.303,63,0.108,0.21,63,0.5559,4.606,,,,0.801,,,0.801,0.0,3.805,8.57,3.204,0.0087,
3259,Switchboard,4.866,188.0,38.638,229.36,721,395,148.18,81.18,0.3953,0.3747,0.0936,66,4.68,2.27,6.711,65,-0.292,-0.187,65,0.5824,6.988,,,,1.85,,,1.644,0.206,8.837,21.42,3.699,0.0413,2.261
3260,Switchboard,4.991,98.0,19.635,194.35,456,514,91.37,102.99,0.4605,0.3599,0.1565,33,9.098,3.404,12.282,32,-0.039,0.027,32,0.4879,5.61,,,,1.002,,,1.002,0.0,3.607,7.15,1.803,0.0288,0.801
3261,Switchboard,4.975,67.0,13.466,203.4,817,195,164.2,39.19,0.3427,0.5179,0.1126,28,10.84,2.269,16.939,27,-0.188,0.02,27,0.8275,1.809,,,,0.804,,,0.402,0.402,3.216,5.38,0.603,0.0155,
3262,Switchboard,4.992,95.0,19.03,216.55,424,657,84.94,131.61,0.434,0.3379,0.1534,40,7.316,2.992,11.369,39,0.174,0.073,39,0.3994,3.005,,,,1.002,,,1.002,0.0,3.606,5.79,3.005,0.0076,
3263,Switchboard,4.977,105.0,21.097,169.58,284,560,57.06,112.52,0.4366,0.3464,0.2339,47,6.034,2.005,9.985,46,0.318,0.254,46,0.3431,2.813,,,,0.201,,,0.201,0.0,2.411,2.98,3.014,0.0302,
3264,Switchboard,5.001,160.0,31.993,220.35,559,543,111.78,108.58,0.3399,0.4088,0.1865,75,3.864,2.839,3.534,74,0.132,0.086,74,0.5098,7.798,,,,1.0,,,1.0,0.0,5.999,8.37,2.599,0.0033,
3265,Switchboard,4.973,57.0,11.461,172.92,508,352,102.14,70.78,0.4213,0.4403,0.1894,23,12.456,9.756,10.231,22,0.514,0.591,22,0.5319,1.407,,,,0.402,,,0.402,0.0,1.005,2.38,1.206,0.0963,0.402
3266,Switchboard,5.005,92.0,18.382,205.8,517,513,103.3,102.5,0.4197,0.4152,0.1855,47,6.191,2.91,7.988,46,0.199,0.239,46,0.4864,3.996,,,,0.2,,,0.2,0.0,2.198,2.79,0.4,0.0125,1.798
3267,Switchboard,1.72,30.0,17.442,147.67,94,160,54.65,93.02,0.6596,0.55,0.1751,11,8.913,2.02,10.917,10,0.319,0.264,10,0.3266,2.907,,,,0.0,,,0.0,0.0,1.163,0.43,1.163,0.0546,3.488
3268,Switchboard,4.985,93.0,18.658,196.01,313,664,62.79,133.21,0.4089,0.384,0.1314,26,11.48,8.314,11.208,25,0.012,-0.01,25,0.3175,5.417,,,,0.401,,,0.401,0.0,2.809,5.72,3.611,0.01,0.0
3269,Switchboard,4.985,89.0,17.855,216.67,701,379,140.63,76.03,0.3695,0.5462,0.1103,39,7.677,4.296,8.426,38,-0.011,0.052,38,0.6254,3.21,,,,0.602,,,0.602,0.0,3.21,6.34,2.006,0.0084,0.802
3270,Switchboard,4.121,74.0,17.959,174.98,533,188,129.35,45.62,0.3959,0.5426,0.1828,30,8.099,1.795,13.952,29,0.027,0.104,29,0.7025,5.096,,,,0.243,,,0.243,0.0,3.398,3.87,0.0,0.0196,0.243
3271,Switchboard,4.976,78.0,15.675,212.62,692,366,139.07,73.55,0.3555,0.4672,0.1666,35,8.426,1.517,13.355,34,0.105,0.206,34,0.6544,2.613,,,,0.603,,,0.603,0.0,2.412,5.06,2.813,0.0107,0.804
3272,Switchboard,3.205,47.0,14.665,185.03,383,210,119.51,65.53,0.436,0.4905,0.0916,16,11.901,3.299,24.377,15,-0.037,-0.014,15,0.6417,2.496,,,,0.624,,,0.624,0.0,2.808,3.02,0.936,0.0444,0.312
3273,Switchboard,4.974,143.0,28.747,216.71,551,527,110.77,105.94,0.3557,0.3643,0.1768,66,4.479,1.623,6.737,65,0.039,0.098,65,0.4795,8.845,,,,0.603,,,0.603,0.0,4.624,8.2,1.005,0.0037,
3274,Switchboard,4.978,69.0,13.861,190.03,499,447,100.24,89.79,0.4329,0.4072,0.1625,31,9.289,3.36,11.527,30,0.341,0.295,30,0.5012,4.821,,,,0.0,,,0.0,0.0,1.205,2.1,0.201,0.0126,
3275,Switchboard,4.977,106.0,21.298,209.36,407,635,81.77,127.58,0.4226,0.3638,0.2012,46,6.048,1.981,8.955,45,0.435,0.329,45,0.4072,5.224,,,,0.0,,,0.0,0.0,1.808,1.86,2.411,0.0352,1.607
3276,Switchboard,4.992,80.0,16.026,188.9,776,167,155.45,33.45,0.3479,0.5629,0.1234,37,8.185,2.085,13.311,36,-0.095,0.083,36,0.8292,2.804,,,,1.202,,,1.202,0.0,3.806,6.8,0.601,0.006,0.2
3277,Switchboard,4.977,150.0,30.138,221.01,371,729,74.54,146.47,0.3801,0.3471,0.1384,63,4.767,1.97,6.729,62,-0.032,0.066,62,0.3411,5.425,,,,0.603,,,0.603,0.0,5.425,9.33,2.411,0.026,
3278,Switchboard,4.991,159.0,31.858,244.04,654,564,131.04,113.0,0.3349,0.3972,0.122,75,4.324,2.28,5.014,74,-0.35,-0.041,74,0.5409,5.81,,,,2.204,,,2.004,0.2,9.217,20.49,0.801,0.0064,
3279,Switchboard,4.57,93.0,20.352,193.01,571,311,124.96,68.06,0.4238,0.5016,0.1694,29,9.196,2.726,14.312,28,0.171,0.089,28,0.5995,3.283,,,,0.438,,,0.438,0.0,2.407,3.11,1.532,0.0576,0.438
3280,Switchboard,4.994,114.0,22.829,209.07,662,382,132.57,76.5,0.3429,0.411,0.1713,47,6.626,2.326,8.589,46,-0.26,-0.203,46,0.636,4.205,,,,1.402,,,1.402,0.0,5.807,14.1,2.203,0.0073,1.001
3281,Switchboard,4.8,127.0,26.458,190.21,669,244,139.37,50.83,0.3692,0.5205,0.1935,46,6.117,2.744,8.945,45,0.109,0.206,45,0.6983,5.625,,,,1.875,,,1.875,0.0,3.958,7.22,1.667,0.0369,2.708
3282,Switchboard,4.992,68.0,13.622,200.72,637,365,127.6,73.12,0.3359,0.4192,0.1558,25,11.8,6.406,12.664,24,0.159,0.153,24,0.6308,4.407,,,,0.2,,,0.2,0.0,1.603,3.02,0.401,0.0174,0.801
3283,Switchboard,4.994,84.0,16.821,163.81,419,399,83.91,79.9,0.4272,0.4536,0.2112,46,6.572,2.975,6.656,45,-0.062,0.016,45,0.4395,1.802,,,,0.801,,,0.801,0.0,4.205,11.46,0.801,0.0041,0.2
3284,Switchboard,4.981,80.0,16.062,159.61,377,418,75.69,83.92,0.4297,0.3804,0.2994,27,10.759,2.703,12.29,26,0.251,0.25,26,0.4622,3.815,,,,0.402,,,0.402,0.0,2.008,4.46,0.201,0.0444,0.0
3285,Switchboard,4.966,139.0,27.988,188.06,619,315,124.64,63.43,0.3586,0.4857,0.2413,67,4.33,2.788,4.242,66,0.117,0.099,66,0.6455,4.832,,,,1.812,,,1.812,0.0,5.638,12.07,3.222,0.0031,
3286,Switchboard,4.985,91.0,18.256,159.09,397,396,79.65,79.45,0.4433,0.4318,0.2721,42,6.957,2.305,9.558,41,0.159,0.294,41,0.4554,4.213,,,,1.003,,,1.003,0.0,3.411,8.56,1.404,0.0035,2.608
3287,Switchboard,4.988,143.0,28.667,228.13,705,433,141.33,86.8,0.3447,0.3811,0.1124,61,5.266,2.37,7.102,60,-0.372,-0.041,60,0.6462,3.208,,,,2.606,,,2.606,0.0,8.219,20.28,1.002,0.051,
3288,Switchboard,4.982,110.0,22.078,229.81,353,792,70.85,158.96,0.4816,0.3131,0.1125,50,5.954,3.4,6.79,49,0.025,0.128,49,0.2876,2.81,,,,0.602,,,0.602,0.0,3.613,7.35,4.416,0.0062,1.405
3289,Switchboard,4.978,71.0,14.262,197.06,281,700,56.45,140.61,0.5623,0.3586,0.1853,34,8.684,2.909,11.842,33,0.103,0.104,33,0.3166,1.607,,,,0.603,,,0.603,0.0,2.812,5.11,0.201,0.0259,
3290,Switchboard,4.974,152.0,30.556,196.81,504,475,101.32,95.49,0.3849,0.4189,0.0872,51,6.139,3.82,7.992,50,-0.312,-0.153,50,0.497,7.639,,,,2.211,,,2.01,0.201,8.041,14.76,3.216,0.0107,1.407
3291,Switchboard,4.987,39.0,7.82,185.27,405,519,81.21,104.07,0.4123,0.422,0.1936,15,20.211,5.981,27.702,14,-0.288,0.03,14,0.4188,2.206,,,,1.003,,,0.602,0.401,1.604,2.48,0.201,0.0052,0.201
3292,Switchboard,4.21,103.0,24.465,168.4,456,253,108.31,60.09,0.4605,0.5138,0.2226,38,6.377,4.448,7.765,37,0.221,0.219,37,0.6253,3.563,,,,0.238,,,0.238,0.0,3.088,4.13,3.088,0.0514,
3293,Switchboard,4.865,171.0,35.152,254.29,545,692,112.03,142.25,0.4183,0.3338,0.0684,59,5.646,2.898,6.622,58,-0.745,-0.582,58,0.4317,4.111,,,,3.7,,,3.495,0.206,10.484,34.19,3.906,0.0247,1.233
3294,Switchboard,4.979,140.0,28.12,210.7,507,542,101.83,108.86,0.4241,0.3819,0.1246,55,5.506,2.78,6.999,54,-0.084,-0.107,54,0.4275,3.816,,,,1.004,,,1.004,0.0,6.628,11.22,0.803,0.0464,0.803
3295,Switchboard,4.982,198.0,39.74,164.18,445,373,89.31,74.86,0.3865,0.4504,0.2118,103,2.902,1.333,4.045,102,-0.019,0.112,102,0.5833,7.025,,,,2.007,,,2.007,0.0,9.232,16.12,2.609,0.0001,
3296,Switchboard,4.985,173.0,34.707,216.87,575,506,115.36,101.51,0.3635,0.4012,0.1295,94,3.345,2.35,3.588,93,-0.166,0.074,93,0.5171,3.009,,,,3.21,,,3.009,0.201,9.228,24.64,1.003,0.0205,4.414
3297,Switchboard,4.989,80.0,16.036,173.39,337,528,67.55,105.84,0.4243,0.3864,0.1617,36,8.228,5.525,7.728,35,0.08,0.252,35,0.3572,5.613,,,,1.002,,,1.002,0.0,2.405,8.02,0.401,0.0021,
3298,Switchboard,4.977,102.0,20.494,198.11,439,547,88.2,109.9,0.4055,0.3547,0.1043,42,7.101,3.048,8.765,41,0.009,0.089,41,0.4697,6.229,,,,1.005,,,1.005,0.0,3.416,5.27,0.804,0.0097,
3299,Switchboard,4.991,76.0,15.228,222.4,495,615,99.18,123.22,0.4505,0.4276,0.1185,20,15.146,6.443,21.592,19,-0.195,-0.166,19,0.4254,3.005,,,,0.801,,,0.801,0.0,2.805,5.78,1.202,0.036,
3300,Switchboard,4.986,118.0,23.665,165.66,527,299,105.69,59.97,0.4004,0.4582,0.2112,46,6.54,3.046,8.068,45,-0.054,0.087,45,0.5768,3.61,,,,1.404,,,1.203,0.201,5.214,9.5,0.802,0.0443,2.006
3301,Switchboard,4.968,91.0,18.317,206.52,656,370,132.04,74.48,0.3582,0.5027,0.1661,34,9.023,3.135,12.026,33,-0.265,0.022,33,0.5891,5.233,,,,1.409,,,1.409,0.0,3.623,8.16,1.409,0.0043,
3302,Switchboard,4.973,62.0,12.466,179.56,335,558,67.36,112.2,0.4388,0.3602,0.23,26,11.146,3.662,17.63,25,0.285,0.16,25,0.3813,3.217,,,,0.201,,,0.201,0.0,1.609,1.8,0.402,0.02,
3303,Switchboard,3.049,66.0,21.646,179.4,356,191,116.76,62.64,0.5056,0.6021,0.1607,33,5.672,3.233,6.495,32,-0.213,0.086,32,0.618,1.312,,,,1.64,,,1.64,0.0,4.919,7.99,0.656,0.0372,0.984
3304,Switchboard,4.992,117.0,23.437,186.3,426,504,85.34,100.96,0.4296,0.4226,0.0781,41,7.308,5.587,6.21,40,-0.008,-0.014,40,0.4623,2.204,,,,0.801,,,0.801,0.0,4.207,11.02,4.607,0.0473,2.604
3305,Switchboard,4.975,108.0,21.706,238.57,536,651,107.73,130.84,0.3284,0.3533,0.0985,32,9.401,2.792,14.07,31,-0.084,0.007,31,0.4547,9.245,,,,0.201,,,0.201,0.0,3.216,4.8,1.809,0.0056,
3306,Switchboard,4.977,115.0,23.106,203.33,741,271,148.88,54.45,0.3374,0.4723,0.2497,58,4.933,2.159,6.699,57,0.218,0.266,57,0.6991,5.023,,,,0.603,,,0.603,0.0,3.617,6.29,1.808,0.0065,2.612
3307,Switchboard,4.972,102.0,20.516,181.22,534,367,107.41,73.82,0.4007,0.4523,0.1664,39,7.623,4.817,7.663,38,0.019,0.101,38,0.5859,5.23,,,,0.805,,,0.805,0.0,3.218,4.98,0.805,0.0163,
3308,Switchboard,4.985,192.0,38.519,228.1,496,641,99.51,128.6,0.4052,0.3666,0.0974,81,3.932,2.55,3.992,80,-0.243,-0.096,80,0.4492,3.411,,,,2.006,,,2.006,0.0,9.83,18.74,3.812,0.0364,
3309,Switchboard,4.982,74.0,14.852,173.41,310,554,62.22,111.19,0.5323,0.3809,0.2223,39,7.363,2.01,10.148,38,0.267,0.196,38,0.3845,1.806,,,,0.201,,,0.201,0.0,2.007,2.37,0.602,0.0335,2.408
3310,Switchboard,4.972,56.0,11.264,187.46,431,501,86.69,100.77,0.3782,0.4132,0.1804,18,16.416,5.516,20.082,17,0.16,0.32,17,0.4498,5.028,,,,0.402,,,0.402,0.0,1.006,2.92,0.201,0.0238,1.006
3311,Switchboard,4.997,188.0,37.62,225.52,375,752,75.04,150.48,0.464,0.3511,0.1569,105,2.876,1.636,3.556,104,-0.028,0.112,104,0.3854,3.202,,,,2.401,,,2.201,0.2,9.605,16.54,2.001,0.0106,7.204
3312,Switchboard,4.979,142.0,28.522,198.24,559,428,112.28,85.97,0.3453,0.4369,0.1206,59,5.215,2.273,6.665,58,-0.155,0.023,58,0.5055,7.03,,,,1.808,,,1.808,0.0,6.227,13.53,0.603,0.0177,
3313,Switchboard,4.974,80.0,16.082,171.48,370,483,74.38,97.1,0.5027,0.3892,0.1378,36,8.22,3.371,10.447,35,0.001,-0.136,35,0.4232,1.809,,,,0.201,,,0.201,0.0,4.423,6.34,0.402,0.0215,0.804
3314,Switchboard,4.992,270.0,54.086,256.81,585,697,117.19,139.62,0.3316,0.3415,0.0693,109,3.03,2.069,2.703,108,-0.285,-0.172,108,0.4624,4.407,,,,3.205,,,3.005,0.2,16.226,32.63,7.812,0.0238,
3315,Switchboard,4.973,112.0,22.52,173.73,438,426,88.07,85.66,0.3995,0.4883,0.1957,60,4.556,1.919,5.729,59,0.401,0.2,59,0.5025,4.625,,,,0.201,,,0.201,0.0,3.016,3.33,1.81,0.0095,2.413
3316,Switchboard,4.978,118.0,23.704,205.9,651,374,130.77,75.13,0.361,0.4866,0.2214,49,5.988,2.646,7.049,48,0.11,0.11,48,0.6249,6.026,,,,1.607,,,1.607,0.0,4.62,8.13,0.201,0.0143,
3317,Switchboard,4.973,118.0,23.729,223.82,582,531,117.04,106.78,0.39,0.4313,0.1287,48,6.144,3.139,6.946,47,0.073,0.126,47,0.5163,5.027,,,,1.005,,,1.005,0.0,3.821,8.11,1.408,0.0282,0.603
3318,Switchboard,4.978,190.0,38.167,243.46,627,585,125.95,117.51,0.3684,0.359,0.1335,93,3.438,2.49,3.563,92,-0.23,-0.101,92,0.4775,3.817,,,,2.812,,,2.611,0.201,11.45,30.15,1.406,0.019,
3319,Switchboard,5.001,80.0,15.996,182.76,492,422,98.38,84.38,0.3943,0.4242,0.1525,38,7.956,4.967,8.722,37,-0.063,0.158,37,0.4994,3.799,,,,1.0,,,1.0,0.0,2.599,6.98,1.6,0.0035,1.0
3320,Switchboard,4.973,103.0,20.71,195.04,699,271,140.55,54.49,0.3591,0.4982,0.2212,42,6.915,4.238,7.345,41,0.193,0.284,41,0.7387,4.826,,,,0.804,,,0.804,0.0,3.016,5.46,0.402,0.0348,3.418
3321,Switchboard,4.981,79.0,15.861,182.1,540,367,108.42,73.68,0.3852,0.4087,0.2385,37,7.78,4.118,9.151,36,0.27,0.276,36,0.5885,3.012,,,,0.602,,,0.602,0.0,2.811,6.28,0.402,0.0133,
3322,Switchboard,4.977,217.0,43.6,233.47,522,640,104.88,128.59,0.3851,0.3969,0.0284,75,4.567,3.646,3.994,74,-0.595,-0.296,74,0.4644,4.822,,,,4.018,,,4.018,0.0,11.854,36.96,3.617,0.1443,
3323,Switchboard,4.992,154.0,30.849,217.35,294,791,58.89,158.45,0.4932,0.3603,0.107,78,3.988,2.223,6.409,77,-0.152,-0.026,77,0.3463,3.606,,,,2.204,,,2.204,0.0,8.213,18.43,2.204,0.0108,
3324,Switchboard,4.977,111.0,22.302,204.13,405,611,81.37,122.76,0.3753,0.3732,0.1502,32,9.491,2.555,19.243,31,-0.175,0.028,31,0.4087,5.224,,,,1.607,,,1.406,0.201,3.416,8.93,4.018,0.0355,0.603
3325,Switchboard,4.992,150.0,30.048,250.8,743,509,148.84,101.96,0.3849,0.4224,0.0805,63,5.226,2.034,8.387,62,-0.481,-0.231,62,0.5908,4.607,,,,4.006,,,3.606,0.401,9.415,29.02,2.404,0.0066,2.204
3326,Switchboard,4.976,142.0,28.537,245.58,564,658,113.34,132.23,0.3918,0.3389,0.0528,57,5.668,3.672,5.114,56,-0.439,-0.3,56,0.4432,3.014,,,,3.416,,,3.014,0.402,8.44,21.36,4.019,0.0138,1.608
3327,Switchboard,3.259,83.0,25.47,231.69,255,500,78.25,153.44,0.4824,0.408,0.1787,37,5.293,2.693,7.566,36,-0.009,0.114,36,0.3693,4.91,,,,1.227,,,1.227,0.0,4.603,3.79,0.614,0.0253,2.148
3328,Switchboard,4.977,72.0,14.466,158.12,340,447,68.31,89.81,0.4853,0.4295,0.179,31,9.185,4.154,9.114,30,0.442,0.294,30,0.3352,2.009,,,,0.201,,,0.201,0.0,0.804,0.94,1.406,0.0359,0.804
3329,Switchboard,4.972,98.0,19.709,182.01,399,506,80.24,101.76,0.4361,0.3834,0.1716,33,9.006,5.484,8.781,32,0.033,0.152,32,0.4737,6.838,,,,0.402,,,0.201,0.201,3.017,6.14,1.207,0.0113,
3330,Switchboard,4.974,81.0,16.283,206.25,288,738,57.9,148.36,0.5104,0.336,0.1893,26,11.566,4.718,15.14,25,-0.093,0.027,25,0.2631,6.232,,,,0.402,,,0.402,0.0,2.613,7.54,0.201,0.0092,1.005
3331,Switchboard,3.189,95.0,29.786,183.42,466,119,146.11,37.31,0.4013,0.6134,0.1757,37,5.421,2.905,7.9,36,-0.315,-0.046,36,0.7184,4.076,,,,1.881,,,1.881,0.0,7.525,10.01,3.135,0.0282,1.881
3332,Switchboard,4.984,124.0,24.879,192.01,428,529,85.87,106.14,0.4065,0.3781,0.1348,44,6.778,3.807,6.619,43,0.012,0.159,43,0.4503,8.628,,,,1.204,,,1.204,0.0,4.213,9.28,2.207,0.0058,2.006
3333,Switchboard,4.963,140.0,28.21,219.24,718,370,144.68,74.56,0.3928,0.4595,0.0573,53,6.233,3.779,5.845,52,-0.627,-0.236,52,0.5976,5.239,,,,2.821,,,2.217,0.605,8.463,24.99,0.806,0.0257,2.015
3334,Switchboard,4.967,58.0,11.677,163.28,398,413,80.13,83.15,0.4573,0.3923,0.2752,22,12.938,7.082,14.385,21,0.635,0.588,21,0.5124,3.423,,,,0.403,,,0.403,0.0,1.208,2.85,0.604,0.0178,0.805
3335,Switchboard,4.981,87.0,17.467,176.28,499,379,100.18,76.09,0.4289,0.4538,0.1162,37,8.047,3.559,9.289,36,0.007,0.064,36,0.5743,3.212,,,,0.402,,,0.402,0.0,3.212,5.29,2.208,0.0167,
3336,Switchboard,4.982,97.0,19.468,172.61,444,416,89.11,83.49,0.4414,0.4231,0.2204,47,6.276,1.337,11.402,46,0.086,0.166,46,0.4999,5.419,,,,0.401,,,0.401,0.0,2.81,5.37,1.405,0.0046,
3337,Switchboard,4.986,119.0,23.866,188.52,529,411,106.09,82.43,0.3913,0.4818,0.195,51,5.981,2.404,7.271,50,-0.129,-0.109,50,0.5738,4.212,,,,1.003,,,0.802,0.201,6.618,11.73,1.003,0.0127,
3338,Switchboard,4.974,146.0,29.35,205.85,606,418,121.82,84.03,0.4241,0.4522,0.1088,63,5.049,2.77,4.928,62,-0.317,-0.087,62,0.5742,4.021,,,,2.211,,,2.211,0.0,7.639,19.65,1.206,0.0261,2.412
3339,Switchboard,4.976,228.0,45.82,215.63,714,359,143.49,72.15,0.3487,0.4262,0.1506,108,2.838,1.498,4.006,107,-0.077,0.044,107,0.5895,5.627,,,,1.608,,,1.608,0.0,11.053,16.91,2.412,0.0419,
3340,Switchboard,4.974,94.0,18.897,203.84,543,471,109.16,94.68,0.4144,0.4565,0.1447,40,7.454,1.899,11.488,39,0.006,0.093,39,0.527,5.227,,,,0.804,,,0.804,0.0,3.015,6.28,0.0,0.014,0.804
3341,Switchboard,3.195,102.0,31.928,217.23,322,372,100.79,116.44,0.4596,0.4435,0.1285,43,4.356,2.372,4.84,42,0.072,0.135,42,0.4919,4.382,,,,1.252,,,1.252,0.0,5.321,6.49,4.382,0.0463,
3342,Switchboard,4.976,100.0,20.096,213.02,608,452,122.19,90.84,0.352,0.4027,0.1167,46,6.437,3.072,8.105,45,0.054,0.054,45,0.5596,4.22,,,,0.603,,,0.603,0.0,3.617,4.9,0.804,0.0159,1.407
3343,Switchboard,4.994,79.0,15.82,187.24,325,610,65.08,122.16,0.5046,0.3721,0.1884,32,9.313,4.565,12.478,31,0.051,0.085,31,0.3543,4.005,,,,0.801,,,0.801,0.0,3.004,4.81,1.602,0.0127,0.2
3344,Switchboard,4.992,48.0,9.615,176.88,394,489,78.93,97.96,0.4924,0.4294,0.1804,24,12.239,6.011,12.756,23,0.25,0.281,23,0.4484,1.803,,,,0.0,,,0.0,0.0,1.202,2.29,1.002,0.0056,1.402
3345,Switchboard,4.973,127.0,25.539,193.45,728,234,146.4,47.06,0.3255,0.453,0.2196,59,5.251,2.317,9.497,58,-0.212,0.052,58,0.6782,4.223,,,,2.614,,,2.413,0.201,6.636,12.63,0.201,0.0184,1.408
3346,Switchboard,4.997,125.0,25.013,214.71,443,630,88.65,126.07,0.3544,0.2873,0.1046,51,5.896,1.939,7.082,50,-0.101,0.083,50,0.3981,8.605,,,,1.601,,,1.601,0.0,5.203,7.9,0.4,0.0041,0.6
3347,Switchboard,4.976,121.0,24.317,229.1,728,412,146.3,82.8,0.3929,0.483,0.105,53,5.63,3.499,6.025,52,-0.007,0.018,52,0.6066,2.613,,,,0.804,,,0.804,0.0,5.225,9.82,3.617,0.0156,
3348,Switchboard,4.629,173.0,37.37,220.33,347,673,74.96,145.38,0.4323,0.3655,0.1099,67,4.41,2.111,5.979,66,-0.309,-0.02,66,0.3474,6.48,,,,2.376,,,2.16,0.216,7.56,16.15,3.672,0.059,
3349,Switchboard,4.993,100.0,20.03,202.3,451,559,90.33,111.97,0.4257,0.4079,0.2176,56,5.359,2.364,7.287,55,-0.012,0.249,55,0.427,2.404,,,,1.001,,,1.001,0.0,5.608,11.56,0.601,0.0016,4.206
3350,Switchboard,4.999,150.0,30.006,230.65,760,393,152.03,78.62,0.3513,0.486,0.1842,75,3.92,1.839,5.147,74,0.074,0.073,74,0.6625,3.601,,,,0.6,,,0.6,0.0,6.001,8.52,0.2,0.0377,
3351,Switchboard,4.981,101.0,20.278,168.04,368,469,73.88,94.16,0.3804,0.4286,0.2726,50,5.741,2.158,7.661,49,0.24,0.171,49,0.4505,4.618,,,,1.004,,,1.004,0.0,3.413,7.16,0.402,0.0137,1.807
3352,Switchboard,4.978,90.0,18.079,189.03,274,667,55.04,133.99,0.5073,0.3853,0.2097,40,7.138,2.962,8.114,39,0.312,0.326,39,0.2679,4.62,,,,0.402,,,0.402,0.0,2.009,2.49,0.603,0.0219,1.808
3353,Switchboard,4.991,58.0,11.621,181.93,467,441,93.57,88.36,0.4004,0.4127,0.2324,26,11.143,4.159,19.503,25,0.351,0.363,25,0.4827,3.406,,,,0.601,,,0.601,0.0,1.202,1.79,1.403,0.001,1.403
3354,Switchboard,4.976,145.0,29.14,258.64,855,432,171.82,86.82,0.3708,0.4491,0.0994,66,4.916,2.911,6.956,65,-0.4,-0.223,65,0.6153,3.014,,,,3.416,,,3.014,0.402,10.249,25.57,1.608,0.0081,1.809
3355,Switchboard,4.974,92.0,18.495,182.53,571,337,114.79,67.75,0.3888,0.4481,0.1526,38,7.799,5.475,6.85,37,0.043,0.16,37,0.5612,3.015,,,,0.804,,,0.804,0.0,3.216,7.75,2.211,0.0179,1.608
3356,Switchboard,4.992,133.0,26.642,228.56,457,684,91.55,137.02,0.3895,0.3392,0.125,66,4.702,2.505,6.359,65,-0.167,0.034,65,0.4561,4.407,,,,1.803,,,1.603,0.2,7.211,18.03,1.002,0.0039,
3357,Switchboard,4.12,85.0,20.631,184.71,453,308,109.95,74.76,0.404,0.4286,0.2981,35,6.854,1.234,10.121,34,0.162,0.205,34,0.6132,2.67,,,,0.728,,,0.728,0.0,3.155,2.24,0.485,0.0471,
3358,Switchboard,4.974,72.0,14.474,189.97,283,662,56.89,133.08,0.5124,0.3429,0.3045,32,8.864,3.536,10.319,31,0.449,0.229,31,0.3395,2.211,,,,0.0,,,0.0,0.0,1.809,3.41,0.804,0.0305,
3359,Switchboard,4.992,104.0,20.833,176.48,599,282,119.99,56.49,0.399,0.4716,0.1469,33,9.192,4.266,11.89,32,-0.169,0.055,32,0.6286,5.208,,,,0.801,,,0.801,0.0,3.405,6.59,4.207,0.0162,0.2
3360,Switchboard,4.977,35.0,7.032,155.91,381,395,76.55,79.36,0.4173,0.4025,0.3121,11,26.126,18.185,17.865,10,1.029,0.918,10,0.5112,3.416,,,,0.201,,,0.201,0.0,0.603,1.26,0.0,0.0048,0.0
3361,Switchboard,4.998,59.0,11.804,191.66,571,387,114.24,77.42,0.4063,0.4289,0.2096,22,13.283,7.044,17.854,21,0.31,0.225,21,0.5862,4.601,,,,0.0,,,0.0,0.0,1.0,0.9,0.8,0.0049,2.201
3362,Switchboard,4.976,73.0,14.67,159.36,299,494,60.09,99.28,0.4816,0.4312,0.2756,20,13.977,8.392,14.574,19,0.896,0.584,19,0.355,4.019,,,,0.201,,,0.201,0.0,1.005,1.15,2.412,0.0656,0.804
3363,Switchboard,4.992,125.0,25.04,241.99,809,399,162.06,79.93,0.3251,0.4261,0.0907,53,5.964,2.438,8.832,52,-0.319,-0.089,52,0.6054,5.409,,,,1.603,,,1.603,0.0,6.01,13.42,1.603,0.0083,1.402
3364,Switchboard,4.968,157.0,31.602,219.2,586,503,117.95,101.25,0.3925,0.4095,0.1683,75,3.844,2.281,4.31,74,0.12,0.094,74,0.5149,2.617,,,,1.006,,,1.006,0.0,6.844,9.9,2.013,0.0316,2.617
3365,Switchboard,4.976,114.0,22.91,192.12,359,597,72.15,119.98,0.4763,0.3752,0.1229,47,6.556,2.439,12.355,46,-0.211,-0.07,46,0.349,3.818,,,,1.407,,,1.407,0.0,5.426,11.87,1.407,0.0248,2.813
3366,Switchboard,4.992,86.0,17.227,182.69,425,487,85.14,97.56,0.4024,0.4066,0.1496,37,8.377,6.093,8.588,36,-0.317,-0.218,36,0.4546,2.804,,,,1.803,,,1.803,0.0,4.607,13.96,2.003,0.0031,
3367,Switchboard,4.991,58.0,11.621,161.89,386,422,77.34,84.55,0.4171,0.4171,0.2395,22,13.334,6.578,14.95,21,0.217,0.222,21,0.4639,4.408,,,,0.601,,,0.601,0.0,1.603,3.75,0.601,0.0028,0.2
3368,Switchboard,4.976,149.0,29.944,205.59,609,414,122.39,83.2,0.3859,0.4203,0.1182,65,4.583,2.845,4.611,64,-0.087,0.053,64,0.5642,2.412,,,,0.804,,,0.804,0.0,5.828,8.27,7.034,0.0105,2.412
3369,Switchboard,4.993,71.0,14.221,172.26,468,392,93.74,78.52,0.4359,0.4362,0.2245,32,9.059,4.818,11.006,31,0.31,0.255,31,0.4647,3.605,,,,0.2,,,0.2,0.0,2.003,2.9,1.001,0.0086,2.003
3370,Switchboard,4.993,121.0,24.236,193.89,597,371,119.58,74.31,0.3853,0.4259,0.2202,68,4.102,1.77,5.853,67,0.293,0.271,67,0.5713,3.605,,,,1.001,,,1.001,0.0,4.006,10.23,2.404,0.0016,
3371,Switchboard,4.994,112.0,22.429,211.07,500,554,100.13,110.94,0.378,0.3881,0.1924,58,4.996,2.655,5.951,57,0.16,0.209,57,0.5077,4.806,,,,1.001,,,1.001,0.0,3.404,6.73,1.402,0.009,3.004
3372,Switchboard,4.977,62.0,12.457,179.82,204,691,40.99,138.84,0.5441,0.3473,0.1839,35,8.503,3.33,11.916,34,0.012,0.299,34,0.212,1.005,,,,1.607,,,1.607,0.0,3.014,6.25,0.402,0.0064,1.206
3373,Switchboard,4.404,152.0,34.512,276.09,527,689,119.66,156.44,0.3814,0.3512,0.0606,61,4.827,2.93,5.695,60,-0.538,-0.397,60,0.4439,4.314,,,,3.179,,,2.725,0.454,12.034,28.35,0.908,0.0276,1.589
3374,Switchboard,4.985,108.0,21.667,181.76,511,395,102.52,79.24,0.3894,0.4127,0.1373,45,6.78,3.134,9.31,44,-0.138,0.064,44,0.5898,8.025,,,,1.204,,,1.003,0.201,3.611,9.3,0.602,0.0012,
3375,Switchboard,4.992,59.0,11.819,191.91,353,605,70.71,121.19,0.4136,0.3636,0.1978,24,11.863,5.647,16.066,23,0.606,0.123,23,0.4167,4.207,,,,0.401,,,0.401,0.0,2.003,4.24,0.2,0.0029,0.2
3376,Switchboard,4.987,91.0,18.247,209.74,394,652,79.0,130.73,0.434,0.3466,0.1446,49,6.06,2.401,8.494,48,0.047,0.093,48,0.3393,3.208,,,,0.802,,,0.802,0.0,4.01,4.95,0.602,0.009,
3377,Switchboard,4.991,68.0,13.625,166.7,361,471,72.33,94.37,0.4515,0.4395,0.2433,29,9.207,5.398,9.016,28,1.116,1.123,28,0.4154,4.208,,,,0.2,,,0.2,0.0,1.002,0.93,0.2,0.0665,0.801
3378,Switchboard,4.978,107.0,21.494,221.97,484,621,97.22,124.74,0.3905,0.3833,0.1554,44,6.93,3.035,9.671,43,-0.15,-0.008,43,0.4036,4.62,,,,1.205,,,1.205,0.0,5.424,9.01,0.603,0.022,
3379,Switchboard,4.974,65.0,13.067,190.17,408,538,82.02,108.15,0.4338,0.3699,0.2003,27,11.024,4.29,13.739,26,0.029,0.206,26,0.4671,2.412,,,,0.603,,,0.402,0.201,2.412,4.77,0.402,0.0197,0.402
3380,Switchboard,4.992,87.0,17.428,227.76,521,616,104.37,123.4,0.3263,0.336,0.1633,35,8.624,2.303,13.774,34,-0.089,-0.001,34,0.4544,5.208,,,,0.801,,,0.801,0.0,3.606,4.96,1.002,0.0069,
3381,Switchboard,4.992,57.0,11.418,166.87,454,379,90.94,75.92,0.4097,0.4749,0.2536,31,9.097,4.354,9.737,30,0.537,0.408,30,0.5808,3.005,,,,0.2,,,0.2,0.0,1.002,1.48,0.2,0.0063,0.801
3382,Switchboard,4.992,81.0,16.226,194.11,455,514,91.15,102.96,0.3956,0.3833,0.1619,34,8.517,8.369,7.089,33,0.27,0.174,33,0.4441,4.207,,,,0.2,,,0.2,0.0,2.003,2.53,2.204,0.0085,1.002
3383,Switchboard,4.975,76.0,15.275,201.59,568,435,114.16,87.43,0.412,0.3701,0.1714,36,8.223,3.553,9.318,35,0.069,0.209,35,0.54,3.618,,,,1.005,,,1.005,0.0,1.608,4.61,1.608,0.0092,1.407
3384,Switchboard,4.982,157.0,31.511,247.27,584,648,117.21,130.06,0.4161,0.3302,0.078,59,5.554,2.412,6.57,58,-0.502,-0.021,58,0.4952,5.62,,,,3.412,,,2.408,1.004,8.831,15.91,1.405,0.0341,1.606
3385,Switchboard,4.347,55.0,12.652,141.01,311,302,71.54,69.47,0.4887,0.4636,0.2524,25,9.623,5.885,12.77,24,0.748,0.555,24,0.5971,2.53,,,,0.0,,,0.0,0.0,1.38,0.74,0.46,0.0181,
3386,Switchboard,4.97,24.0,4.829,149.71,343,401,69.02,80.69,0.4723,0.4688,0.3141,12,23.476,17.977,21.428,11,1.406,1.144,11,0.4484,0.805,,,,0.0,,,0.0,0.0,0.0,0,0.604,0.005,0.805
3387,Switchboard,4.975,80.0,16.079,166.21,251,576,50.45,115.77,0.5139,0.3854,0.2475,30,9.958,3.834,13.286,29,-0.014,0.032,29,0.2764,5.226,,,,0.402,,,0.402,0.0,2.613,5.27,0.0,0.0148,2.412
3388,Switchboard,4.982,76.0,15.254,185.25,545,378,109.38,75.87,0.4037,0.4709,0.1331,29,10.326,2.371,27.489,28,-0.034,0.152,28,0.6061,2.81,,,,0.803,,,0.803,0.0,2.609,5.34,1.806,0.0169,
3389,Switchboard,4.977,118.0,23.709,198.91,710,280,142.65,56.26,0.3817,0.4929,0.1922,63,4.731,2.34,5.835,62,0.002,0.085,62,0.6819,3.817,,,,1.406,,,1.406,0.0,5.626,11.52,0.804,0.0071,2.21
3390,Switchboard,4.976,45.0,9.043,179.26,312,580,62.7,116.56,0.4647,0.3931,0.1658,18,16.278,12.086,12.643,17,0.305,0.329,17,0.3745,3.818,,,,0.0,,,0.0,0.0,0.804,1.0,0.0,0.0041,
3391,Switchboard,4.979,178.0,35.748,218.51,455,633,91.38,127.13,0.4527,0.3839,0.096,74,4.446,2.643,5.176,73,-0.418,-0.149,73,0.4446,3.615,,,,4.218,,,3.816,0.402,10.243,30.74,2.209,0.0393,
3392,Switchboard,4.727,84.0,17.77,176.01,406,426,85.89,90.12,0.4483,0.4413,0.2773,33,7.994,3.866,9.296,32,0.501,0.358,32,0.51,4.019,,,,0.0,,,0.0,0.0,1.692,2.5,1.692,0.0402,
3393,Switchboard,4.975,87.0,17.486,200.78,278,721,55.87,144.91,0.4964,0.3467,0.2224,42,6.894,2.484,10.697,41,0.202,0.304,41,0.2656,2.01,,,,0.804,,,0.804,0.0,3.216,6.09,1.005,0.0197,1.809
3394,Switchboard,4.976,174.0,34.968,214.03,535,530,107.52,106.51,0.3907,0.3453,0.1764,79,3.929,1.66,5.948,78,-0.152,-0.104,78,0.4631,5.225,,,,2.211,,,2.01,0.201,10.249,14.59,2.211,0.0171,
3395,Switchboard,4.974,54.0,10.856,184.54,357,561,71.77,112.78,0.479,0.3993,0.197,12,24.905,14.361,23.977,11,-0.041,-0.007,11,0.3897,2.01,,,,0.201,,,0.201,0.0,1.206,2.62,0.201,0.0365,
3396,Switchboard,4.99,169.0,33.868,231.07,536,617,107.42,123.65,0.3284,0.3971,0.1214,90,3.503,1.768,5.13,89,-0.19,0.011,89,0.4665,4.81,,,,2.004,,,2.004,0.0,9.219,20.72,0.802,0.0052,
3397,Switchboard,3.743,125.0,33.396,180.61,199,477,53.17,127.44,0.4925,0.4277,0.2403,62,3.394,1.912,5.332,61,0.161,0.247,61,0.3005,3.74,,,,0.802,,,0.802,0.0,4.809,4.37,3.74,0.0295,4.809
3398,Switchboard,4.684,95.0,20.281,195.12,576,338,122.96,72.16,0.375,0.4704,0.1451,42,6.786,2.665,9.221,41,-0.196,-0.126,41,0.6337,1.921,,,,0.854,,,0.854,0.0,6.618,8.58,0.427,0.025,1.708
3399,Switchboard,4.993,54.0,10.816,158.24,560,230,112.17,46.07,0.3964,0.5609,0.3484,24,11.306,8.816,10.551,23,1.158,0.965,23,0.7133,3.806,,,,0.0,,,0.0,0.0,0.2,0.52,1.803,0.0026,0.2
3400,Switchboard,4.997,149.0,29.816,247.33,514,722,102.85,144.48,0.358,0.3449,0.0948,68,4.731,3.47,5.012,67,-0.328,-0.083,67,0.4345,4.402,,,,2.201,,,2.201,0.0,8.805,18.05,2.401,0.0104,
3401,Switchboard,4.976,85.0,17.082,180.87,643,257,129.22,51.65,0.3048,0.463,0.2528,37,7.24,2.873,8.526,36,0.805,0.586,36,0.6627,3.818,,,,0.201,,,0.201,0.0,1.206,1.18,0.603,0.0186,
3402,Switchboard,4.986,64.0,12.836,186.32,522,407,104.69,81.63,0.3755,0.4054,0.1605,28,10.725,2.758,15.594,27,-0.044,-0.058,27,0.5908,2.607,,,,0.201,,,0.201,0.0,2.808,4.72,1.003,0.0034,0.401
3403,Switchboard,4.976,87.0,17.484,191.72,393,561,78.98,112.74,0.4275,0.3922,0.1772,44,6.76,3.065,8.995,43,0.013,0.156,43,0.4009,2.613,,,,1.005,,,1.005,0.0,3.416,9.02,1.005,0.0093,2.813
3404,Switchboard,5.001,122.0,24.395,219.75,726,373,145.17,74.58,0.3526,0.3887,0.1133,46,6.991,2.378,10.147,45,-0.483,-0.333,45,0.6548,3.999,,,,1.6,,,1.6,0.0,9.198,19.49,0.4,0.0115,
3405,Switchboard,4.977,37.0,7.434,190.67,669,280,134.42,56.26,0.3752,0.4786,0.1525,18,16.392,7.015,23.419,17,0.181,0.105,17,0.7073,1.406,,,,0.0,,,0.0,0.0,1.206,1.06,0.603,0.0032,2.009
3406,Switchboard,4.977,52.0,10.448,178.82,320,570,64.29,114.52,0.4375,0.4228,0.223,18,16.001,11.801,18.449,17,0.62,0.599,17,0.3838,4.219,,,,0.0,,,0.0,0.0,1.005,1.69,0.804,0.0049,0.201
3407,Switchboard,4.994,50.0,10.013,163.21,399,416,79.9,83.31,0.4085,0.4062,0.2741,20,14.539,4.882,16.909,19,0.402,0.172,19,0.3975,3.404,,,,0.2,,,0.2,0.0,1.602,2.83,0.0,0.0072,
3408,Switchboard,4.974,74.0,14.876,178.31,630,257,126.65,51.66,0.3635,0.5058,0.2564,37,7.502,2.242,9.447,36,0.574,0.525,36,0.6571,3.015,,,,0.201,,,0.201,0.0,0.804,1.43,1.809,0.0141,1.809
3409,Switchboard,3.983,104.0,26.111,186.04,375,366,94.15,91.89,0.4107,0.4126,0.249,49,4.45,2.09,6.516,48,0.385,0.289,48,0.5355,7.03,,,,0.753,,,0.753,0.0,4.268,5.4,2.009,0.0013,1.506
3410,Switchboard,4.976,81.0,16.278,199.56,223,770,44.81,154.74,0.5067,0.3636,0.1538,33,9.185,5.617,9.845,32,-0.15,-0.039,32,0.2109,3.014,,,,0.603,,,0.603,0.0,3.416,6.24,0.603,0.0137,
3411,Switchboard,4.991,115.0,23.042,185.13,550,374,110.2,74.94,0.4218,0.3824,0.1826,60,5.078,2.694,5.837,59,-0.094,0.027,59,0.5476,2.404,,,,1.202,,,1.202,0.0,5.81,9.76,1.002,0.0151,1.603
3412,Switchboard,4.976,68.0,13.666,164.99,243,578,48.83,116.16,0.4568,0.3841,0.2005,20,14.369,9.051,15.537,19,0.564,0.414,19,0.2968,3.617,,,,0.0,,,0.0,0.0,0.402,0.21,1.608,0.0255,
3413,Switchboard,4.992,111.0,22.235,230.17,393,756,78.73,151.44,0.3791,0.3214,0.1079,50,6.006,2.127,7.621,49,-0.024,0.083,49,0.3198,4.808,,,,1.202,,,1.202,0.0,4.808,9.82,0.801,0.0132,
3414,Switchboard,4.977,88.0,17.681,208.96,412,628,82.78,126.18,0.4005,0.4092,0.1443,43,7.077,2.524,13.996,42,-0.144,-0.093,42,0.401,2.813,,,,0.603,,,0.603,0.0,5.023,10.18,0.402,0.0049,1.607
3415,Switchboard,4.976,138.0,27.733,233.52,752,410,151.12,82.39,0.3231,0.3634,0.1296,57,5.361,2.953,6.614,56,-0.152,0.027,56,0.6343,7.235,,,,2.412,,,2.211,0.201,6.029,13.84,1.206,0.0154,
3416,Switchboard,4.974,113.0,22.716,204.65,789,229,158.61,46.04,0.3485,0.4367,0.1708,47,6.324,2.761,9.979,46,0.022,0.109,46,0.7312,5.428,,,,1.005,,,1.005,0.0,4.423,9.02,1.809,0.0086,
3417,Switchboard,4.974,65.0,13.067,159.42,466,327,93.68,65.74,0.47,0.4587,0.2465,27,10.544,6.725,11.962,26,0.504,0.173,26,0.583,2.412,,,,0.402,,,0.402,0.0,1.809,5.69,1.608,0.0195,0.402
3418,Switchboard,4.975,128.0,25.726,208.62,636,402,127.83,80.8,0.3931,0.4527,0.0844,43,7.243,4.351,6.661,42,-0.337,-0.291,42,0.6015,2.613,,,,1.206,,,1.206,0.0,6.833,15.36,3.618,0.0274,
3419,Switchboard,4.974,154.0,30.958,224.15,478,637,96.09,128.05,0.3996,0.3203,0.0806,68,4.712,2.416,5.044,67,-0.331,-0.125,67,0.4346,4.222,,,,2.211,,,2.01,0.201,9.046,22.96,2.211,0.0111,1.407
3420,Switchboard,4.992,76.0,15.224,193.71,726,241,145.43,48.28,0.354,0.5145,0.1309,31,9.743,2.446,15.315,30,-0.096,0.021,30,0.7424,4.808,,,,1.002,,,1.002,0.0,2.804,6.0,1.002,0.0027,1.402
3421,Switchboard,4.302,95.0,22.081,172.93,526,218,122.26,50.67,0.4259,0.445,0.252,42,5.779,1.507,10.557,41,0.277,0.188,41,0.6933,3.486,,,,0.0,,,0.0,0.0,3.719,2.59,1.859,0.038,3.022
3422,Switchboard,4.976,102.0,20.498,166.8,542,288,108.92,57.88,0.3764,0.4444,0.2581,38,7.605,3.789,8.68,37,0.242,0.347,37,0.6168,6.431,,,,1.005,,,0.603,0.402,2.613,8.24,2.211,0.0093,
3423,Switchboard,4.976,123.0,24.718,177.45,428,455,86.01,91.44,0.4322,0.4374,0.1268,50,6.31,3.059,8.035,49,-0.347,-0.117,49,0.4978,5.024,,,,1.407,,,1.407,0.0,6.632,12.12,1.809,0.0085,
3424,Switchboard,4.984,79.0,15.851,209.07,606,436,121.59,87.48,0.363,0.3945,0.1669,33,9.117,3.941,9.547,32,-0.07,0.089,32,0.5889,4.615,,,,0.602,,,0.401,0.201,2.408,4.72,0.0,0.0237,1.605
3425,Switchboard,2.581,71.0,27.505,207.25,332,203,128.61,78.64,0.494,0.5517,0.0937,26,6.041,2.247,6.76,25,-0.179,-0.285,25,0.6199,2.324,,,,0.775,,,0.775,0.0,6.586,6.92,0.0,0.1076,0.0
3426,Switchboard,4.977,212.0,42.595,236.48,725,452,145.67,90.82,0.3848,0.3606,0.07,103,3.372,2.489,2.783,102,-0.48,-0.136,102,0.5644,2.813,,,,4.621,,,4.018,0.603,15.471,36.62,3.014,0.0027,1.808
3427,Switchboard,4.976,69.0,13.866,203.78,526,488,105.71,98.07,0.4068,0.4324,0.1019,35,8.523,5.373,10.788,34,0.006,0.125,34,0.5289,1.206,,,,0.804,,,0.804,0.0,2.813,4.78,0.603,0.0141,1.206
3428,Switchboard,4.979,44.0,8.837,177.34,471,412,94.59,82.74,0.4374,0.4223,0.1785,22,13.361,10.199,13.742,21,0.217,0.232,21,0.4718,0.803,,,,0.201,,,0.201,0.0,1.406,5.12,1.808,0.0011,0.603
3429,Switchboard,4.973,98.0,19.705,179.15,419,472,84.25,94.91,0.3675,0.3856,0.2041,36,8.069,2.167,12.385,35,0.215,0.071,35,0.4779,5.831,,,,0.0,,,0.0,0.0,2.815,2.81,1.81,0.0198,0.201
3430,Switchboard,4.991,101.0,20.237,204.57,597,424,119.62,84.95,0.3802,0.4151,0.1798,47,6.54,2.946,7.503,46,-0.178,-0.037,46,0.5699,3.005,,,,1.603,,,1.202,0.401,6.011,13.13,1.403,0.0013,
3431,Switchboard,4.974,108.0,21.711,188.97,519,421,104.33,84.63,0.3892,0.4014,0.1843,60,4.955,2.112,6.815,59,0.019,0.118,59,0.5636,3.216,,,,1.005,,,1.005,0.0,5.026,10.28,1.005,0.0005,4.021
3432,Switchboard,4.991,76.0,15.228,175.72,299,578,59.91,115.81,0.4114,0.4031,0.1831,27,11.014,5.81,14.347,26,0.058,-0.024,26,0.3266,5.209,,,,0.601,,,0.601,0.0,2.805,6.39,0.2,0.0089,
3433,Switchboard,4.976,66.0,13.264,193.13,310,651,62.3,130.83,0.4581,0.3886,0.1261,25,12.156,4.881,15.492,24,-0.285,-0.123,24,0.3443,2.613,,,,1.407,,,1.407,0.0,2.613,6.84,1.407,0.0128,1.206
3434,Switchboard,4.975,123.0,24.721,212.84,350,709,70.34,142.5,0.3943,0.3597,0.1203,56,5.6,3.266,6.202,55,-0.283,-0.172,55,0.3391,3.417,,,,2.01,,,1.608,0.402,7.235,21.81,0.0,0.0365,
3435,Switchboard,4.995,73.0,14.614,209.4,465,581,93.09,116.31,0.4,0.3184,0.2112,39,7.289,5.367,6.592,38,0.404,0.318,38,0.4245,2.602,,,,0.4,,,0.4,0.0,1.802,3.45,1.001,0.0096,2.202
3436,Switchboard,4.976,117.0,23.513,187.5,413,520,83.0,104.5,0.4068,0.4173,0.2027,55,5.083,2.769,6.099,54,0.339,0.217,54,0.4956,4.22,,,,1.407,,,1.206,0.201,3.215,8.5,1.608,0.0283,
3437,Switchboard,4.976,78.0,15.675,193.13,512,449,102.89,90.23,0.373,0.441,0.2039,29,10.115,5.044,10.924,28,0.125,0.29,28,0.5603,4.622,,,,0.603,,,0.603,0.0,2.211,4.14,2.412,0.0006,
3438,Switchboard,4.992,148.0,29.647,199.32,472,523,94.55,104.77,0.4089,0.4168,0.1964,81,3.596,1.859,4.51,80,0.099,0.15,80,0.5014,4.407,,,,1.402,,,1.402,0.0,8.013,15.51,0.601,0.0015,
3439,Switchboard,3.183,89.0,27.961,229.66,502,229,157.71,71.95,0.4064,0.5197,0.1871,40,4.604,1.526,5.385,39,0.1,0.08,39,0.6344,6.598,,,,0.314,,,0.314,0.0,5.341,4.3,2.513,0.0053,2.199
3440,Switchboard,4.879,184.0,37.713,225.25,647,452,132.61,92.64,0.3199,0.4226,0.0996,76,4.188,2.556,5.247,75,-0.374,-0.143,75,0.5918,3.689,,,,3.074,,,2.869,0.205,11.273,28.68,2.869,0.0307,
3441,Switchboard,4.963,73.0,14.708,149.9,424,320,85.43,64.47,0.4741,0.4469,0.3831,30,9.148,5.337,10.365,29,0.803,0.831,29,0.5423,4.03,,,,0.604,,,0.604,0.0,1.007,3.77,0.0,0.0205,1.612
3442,Switchboard,4.98,153.0,30.724,211.86,348,707,69.88,141.97,0.3621,0.3352,0.1073,61,5.132,2.149,7.285,60,-0.242,-0.151,60,0.3491,7.028,,,,1.406,,,1.205,0.201,8.836,13.97,2.008,0.0047,
3443,Switchboard,4.928,179.0,36.323,215.5,766,296,155.44,60.06,0.4034,0.4797,0.0741,58,5.407,2.613,6.277,57,-0.315,-0.025,57,0.6146,5.276,,,,2.435,,,2.029,0.406,6.696,14.2,8.32,0.0367,2.638
3444,Switchboard,4.963,118.0,23.777,175.91,331,542,66.7,109.21,0.4683,0.3672,0.2262,46,6.406,1.706,9.744,45,0.066,0.268,45,0.3528,3.426,,,,0.806,,,0.806,0.0,3.829,5.65,0.605,0.0478,
3445,Switchboard,4.981,88.0,17.668,161.82,440,366,88.34,73.48,0.4545,0.4672,0.1775,54,5.127,3.105,5.47,53,0.396,0.383,53,0.652,1.807,,,,0.0,,,0.0,0.0,2.811,3.63,1.004,0.0042,3.413
3446,Switchboard,4.992,112.0,22.436,220.95,490,613,98.16,122.8,0.3653,0.3507,0.076,40,7.591,4.864,7.388,39,-0.128,0.008,39,0.455,7.211,,,,0.601,,,0.601,0.0,3.606,5.97,3.405,0.0019,
3447,Switchboard,3.144,103.0,32.76,199.43,402,225,127.86,71.56,0.4851,0.5511,0.1572,44,4.133,1.455,6.299,43,0.094,0.11,43,0.5438,5.407,,,,0.954,,,0.954,0.0,5.725,6.36,3.181,0.0467,2.226
3448,Switchboard,4.992,164.0,32.852,188.3,451,489,90.34,97.96,0.4035,0.3988,0.1616,78,3.84,2.04,4.995,77,-0.006,0.057,77,0.4872,5.008,,,,1.402,,,1.402,0.0,7.612,11.69,3.205,0.0091,4.207
3449,Switchboard,4.976,120.0,24.116,203.78,675,339,135.65,68.13,0.4207,0.5015,0.1566,51,5.657,3.224,6.006,50,0.19,0.211,50,0.6577,3.416,,,,0.402,,,0.402,0.0,3.416,5.6,3.014,0.0327,3.818
3450,Switchboard,4.977,78.0,15.672,173.19,423,439,84.99,88.2,0.4634,0.4556,0.2043,42,6.91,4.893,6.406,41,0.204,0.298,41,0.4244,2.21,,,,0.201,,,0.201,0.0,2.21,4.6,1.607,0.0082,1.607
3451,Switchboard,4.976,94.0,18.891,210.41,601,446,120.78,89.63,0.3444,0.352,0.1848,38,7.866,2.069,13.26,37,-0.01,0.046,37,0.5723,5.426,,,,0.603,,,0.603,0.0,3.617,6.34,0.804,0.0113,1.809
3452,Switchboard,4.965,73.0,14.702,190.92,423,525,85.19,105.73,0.4704,0.3638,0.1763,29,10.123,3.91,12.136,28,0.109,0.11,28,0.4295,4.632,,,,0.806,,,0.806,0.0,2.215,3.64,0.806,0.0032,
3453,Switchboard,4.985,99.0,19.861,213.06,570,492,114.35,98.7,0.3684,0.4146,0.2386,57,5.047,3.086,5.216,56,0.191,0.16,56,0.508,3.009,,,,1.605,,,1.605,0.0,4.614,7.61,0.0,0.0017,1.404
3454,Switchboard,4.965,93.0,18.73,193.74,479,483,96.47,97.27,0.4134,0.4099,0.1495,31,9.473,4.572,10.656,30,0.125,0.129,30,0.5002,4.632,,,,0.201,,,0.201,0.0,2.014,3.59,5.236,0.0007,0.806
3455,Switchboard,4.991,156.0,31.256,191.75,512,445,102.59,89.16,0.3242,0.3528,0.2056,78,3.756,1.84,4.431,77,0.072,0.055,77,0.53,4.408,,,,1.202,,,1.202,0.0,7.413,10.06,3.206,0.0035,2.004
3456,Switchboard,4.975,97.0,19.496,217.26,533,548,107.12,110.14,0.3846,0.3613,0.1589,43,6.972,3.814,7.859,42,-0.03,0.181,42,0.4429,5.427,,,,1.407,,,1.407,0.0,3.216,7.94,1.206,0.0054,
3457,Switchboard,4.992,102.0,20.433,195.91,344,634,68.91,127.0,0.3808,0.3517,0.1408,38,8.035,2.025,10.079,37,-0.158,-0.055,37,0.3358,6.01,,,,1.002,,,1.002,0.0,4.207,8.39,0.401,0.0235,0.401
3458,Switchboard,4.99,108.0,21.644,172.35,479,381,95.99,76.35,0.3695,0.4304,0.1719,45,6.616,3.151,10.575,44,-0.01,0.029,44,0.5244,2.605,,,,1.603,,,1.603,0.0,4.409,13.38,3.407,0.0108,1.202
3459,Switchboard,4.997,50.0,10.005,182.1,561,349,112.26,69.84,0.3636,0.4814,0.1701,26,11.35,7.444,12.377,25,0.173,0.095,25,0.5501,1.401,,,,0.0,,,0.0,0.0,1.801,2.57,0.8,0.0032,
3460,Switchboard,4.985,66.0,13.241,180.96,488,414,97.9,83.06,0.4057,0.43,0.1824,31,9.615,6.201,9.521,30,-0.005,0.142,30,0.5087,2.809,,,,0.802,,,0.802,0.0,2.809,7.41,0.802,0.0038,0.802
3461,Switchboard,4.979,134.0,26.912,188.98,496,445,99.61,89.37,0.4234,0.3865,0.1263,53,5.694,3.444,6.513,52,-0.066,0.079,52,0.4859,5.423,,,,1.607,,,1.607,0.0,5.623,12.06,4.418,0.0023,
3462,Switchboard,4.976,123.0,24.718,233.72,517,646,103.9,129.82,0.441,0.3437,0.2019,65,4.549,2.0,6.666,64,0.043,0.218,64,0.4347,2.813,,,,1.206,,,1.206,0.0,5.426,10.02,1.608,0.0122,
3463,Switchboard,4.991,91.0,18.233,194.75,536,436,107.39,87.36,0.3937,0.4404,0.1251,29,10.57,2.878,14.049,28,-0.271,-0.131,28,0.5504,3.807,,,,1.403,,,1.202,0.2,3.607,9.21,1.803,0.0391,0.2
3464,Switchboard,4.974,148.0,29.752,218.12,445,640,89.46,128.66,0.3888,0.3688,0.2112,56,5.349,2.262,6.758,55,-0.022,0.1,55,0.4645,5.227,,,,1.005,,,0.804,0.201,5.026,6.38,2.613,0.053,1.809
3465,Switchboard,4.976,107.0,21.503,205.99,428,597,86.01,119.98,0.3715,0.3601,0.1322,43,7.14,5.554,6.937,42,-0.208,-0.024,42,0.4492,4.019,,,,2.01,,,2.01,0.0,4.823,11.77,1.206,0.0184,
3466,Switchboard,4.977,131.0,26.321,215.59,460,613,92.42,123.16,0.3435,0.3768,0.173,55,5.619,2.444,7.479,54,-0.213,-0.044,54,0.4907,6.429,,,,1.406,,,1.406,0.0,6.028,10.35,2.009,0.0054,
3467,Switchboard,4.997,187.0,37.42,247.93,705,534,141.07,106.86,0.3986,0.367,0.055,83,4.167,2.953,4.0,82,-0.563,-0.297,82,0.5324,3.002,,,,4.602,,,3.802,0.8,12.807,36.28,3.802,0.0076,2.201
3468,Switchboard,4.981,137.0,27.505,222.05,688,418,138.13,83.92,0.3619,0.4019,0.1014,57,5.438,2.35,6.882,56,-0.211,-0.045,56,0.5845,3.614,,,,1.004,,,1.004,0.0,7.428,10.5,2.008,0.0206,
3469,Switchboard,3.766,84.0,22.305,249.34,575,364,152.69,96.66,0.3635,0.4451,0.202,48,4.434,3.422,4.013,47,0.21,0.298,47,0.5607,2.921,,,,1.062,,,1.062,0.0,3.718,6.42,2.39,0.0012,1.062
3470,Switchboard,4.994,105.0,21.027,220.88,367,736,73.49,147.39,0.4278,0.3519,0.1137,52,5.787,2.999,6.146,51,-0.03,0.097,51,0.3192,1.402,,,,1.001,,,1.001,0.0,4.005,7.71,4.406,0.0066,
3471,Switchboard,4.992,97.0,19.431,207.33,541,494,108.37,98.96,0.3475,0.4393,0.1221,29,10.632,8.304,10.524,28,-0.329,-0.195,28,0.546,5.809,,,,1.202,,,1.202,0.0,4.006,9.48,2.404,0.0157,
3472,Switchboard,4.995,90.0,18.017,212.6,633,429,126.72,85.88,0.3886,0.3963,0.1369,43,6.996,1.65,9.813,42,-0.043,0.037,42,0.5616,2.803,,,,0.601,,,0.601,0.0,4.204,5.55,0.4,0.0124,
3473,Switchboard,4.976,99.0,19.895,232.11,883,272,177.45,54.66,0.3194,0.4485,0.1464,31,9.876,4.252,15.618,30,-0.255,-0.135,30,0.7533,6.833,,,,0.804,,,0.603,0.201,4.019,6.72,1.206,0.0101,1.407
3474,Switchboard,4.977,149.0,29.937,207.35,483,549,97.04,110.31,0.4079,0.3989,0.1288,74,3.629,2.926,2.671,73,0.401,0.187,73,0.5386,6.028,,,,0.402,,,0.402,0.0,5.023,6.81,3.416,0.0059,
3475,Switchboard,4.981,80.0,16.062,223.26,746,366,149.77,73.48,0.374,0.4344,0.1298,28,10.536,6.214,11.215,27,0.121,0.001,27,0.6442,4.417,,,,0.803,,,0.602,0.201,2.811,4.16,1.807,0.0084,
3476,Switchboard,4.976,70.0,14.067,169.61,442,402,88.83,80.79,0.4706,0.4453,0.322,36,7.122,5.223,6.209,35,1.101,0.571,35,0.5384,1.608,,,,0.0,,,0.0,0.0,1.206,0.98,1.809,0.0128,0.603
3477,Switchboard,4.976,135.0,27.13,224.07,579,536,116.36,107.72,0.3955,0.3545,0.1078,56,5.362,3.044,4.944,55,-0.047,0.026,55,0.496,5.828,,,,0.402,,,0.201,0.201,5.225,9.01,2.613,0.0162,
3478,Switchboard,4.976,63.0,12.661,216.24,626,450,125.8,90.43,0.345,0.3578,0.1428,19,15.923,6.05,21.629,18,-0.258,-0.285,18,0.5786,4.22,,,,0.201,,,0.201,0.0,2.813,5.42,0.0,0.007,
3479,Switchboard,4.978,110.0,22.096,210.72,620,429,124.54,86.18,0.3903,0.4103,0.1269,39,7.957,4.03,9.741,38,-0.314,-0.144,38,0.5388,3.214,,,,1.406,,,1.406,0.0,4.821,14.36,2.611,0.0239,
3480,Switchboard,4.985,118.0,23.673,197.41,555,429,111.34,86.07,0.3676,0.4079,0.2024,55,5.219,3.297,5.031,54,0.211,0.181,54,0.5103,4.414,,,,0.602,,,0.602,0.0,3.611,5.28,2.608,0.0178,
3481,Switchboard,4.987,106.0,21.254,222.77,492,619,98.65,124.12,0.3679,0.336,0.1351,39,7.526,2.507,10.587,38,0.139,0.155,38,0.4822,6.416,,,,0.602,,,0.602,0.0,3.008,5.67,3.008,0.0034,
3482,Switchboard,4.97,187.0,37.629,221.34,539,561,108.46,112.89,0.3655,0.4153,0.0773,80,4.113,2.567,3.694,79,-0.395,-0.145,79,0.4728,4.628,,,,3.22,,,2.817,0.402,11.268,22.58,3.421,0.0244,
3483,Switchboard,4.977,126.0,25.316,236.48,775,402,155.71,80.77,0.3535,0.4229,0.0972,47,6.304,3.5,7.157,46,0.043,0.022,46,0.5465,3.617,,,,1.005,,,1.005,0.0,4.822,8.41,4.822,0.0333,
3484,Switchboard,4.976,54.0,10.852,177.25,314,568,63.1,114.15,0.4968,0.3715,0.1761,15,20.002,11.939,26.513,14,-0.111,0.122,14,0.3817,3.818,,,,0.402,,,0.402,0.0,1.206,3.06,0.201,0.0347,
3485,Switchboard,4.992,138.0,27.644,203.12,662,352,132.61,70.51,0.358,0.4261,0.1439,62,4.793,2.763,8.935,61,0.024,0.111,61,0.6539,4.207,,,,1.202,,,1.202,0.0,5.409,8.39,3.205,0.0302,
3486,Switchboard,4.981,134.0,26.903,194.34,482,486,96.77,97.57,0.3776,0.4074,0.1543,58,5.13,2.435,6.855,57,-0.274,-0.141,57,0.4899,2.811,,,,1.606,,,1.606,0.0,8.031,17.69,2.208,0.0092,
3487,Switchboard,4.986,75.0,15.043,176.91,254,628,50.95,125.96,0.563,0.3424,0.2404,30,9.902,3.459,13.484,29,0.053,-0.001,29,0.2778,2.006,,,,0.802,,,0.802,0.0,3.209,5.33,1.805,0.0143,0.802
3488,Switchboard,4.956,44.0,8.878,152.73,400,357,80.71,72.03,0.425,0.4118,0.2151,6,49.825,53.363,15.307,5,-0.746,-0.954,5,0.489,1.614,,,,0.404,,,0.404,0.0,0.605,1.73,0.605,0.0402,
3489,Switchboard,4.979,102.0,20.485,188.58,397,542,79.73,108.85,0.4635,0.4299,0.1229,45,6.604,2.084,12.446,44,0.035,0.1,44,0.4714,4.218,,,,1.004,,,1.004,0.0,3.615,7.57,2.008,0.0078,1.004
3490,Switchboard,4.995,98.0,19.619,220.01,540,559,108.1,111.91,0.4,0.3989,0.2003,50,6.077,2.404,7.535,49,-0.088,0.085,49,0.5148,1.401,,,,1.401,,,1.401,0.0,4.805,11.74,1.401,0.016,
3491,Switchboard,4.97,126.0,25.354,169.63,307,536,61.78,107.86,0.4919,0.4086,0.2295,80,3.285,1.714,3.825,79,0.436,0.452,79,0.33,1.409,,,,0.402,,,0.402,0.0,2.213,2.93,3.22,0.0123,5.031
3492,Switchboard,4.994,152.0,30.439,218.48,468,623,93.72,124.76,0.438,0.3323,0.0639,78,4.086,2.868,3.723,77,-0.25,-0.002,77,0.4239,2.403,,,,2.203,,,1.802,0.401,8.611,20.15,2.403,0.0115,
3493,Switchboard,4.966,147.0,29.599,221.49,780,320,157.05,64.43,0.3295,0.4344,0.1056,64,4.841,1.677,8.409,63,-0.189,-0.049,63,0.6666,5.034,,,,1.409,,,1.208,0.201,8.457,15.25,1.409,0.0106,
3494,Switchboard,5.001,114.0,22.795,220.15,210,891,41.99,178.16,0.4905,0.3614,0.0956,43,7.239,3.594,10.617,42,-0.268,-0.072,42,0.2276,6.998,,,,2.0,,,2.0,0.0,5.199,14.04,1.4,0.0027,
3495,Switchboard,4.985,52.0,10.432,183.17,523,390,104.92,78.24,0.4321,0.4282,0.1821,22,13.223,4.224,13.32,21,0.387,0.272,21,0.5816,3.411,,,,0.401,,,0.401,0.0,1.605,3.0,0.802,0.0,0.602
3496,Switchboard,4.976,176.0,35.37,217.44,360,722,72.35,145.1,0.3722,0.349,0.1427,92,3.3,1.5,4.249,91,-0.087,0.006,91,0.3732,3.818,,,,2.412,,,2.412,0.0,10.651,18.18,1.608,0.0093,2.813
3497,Switchboard,4.988,158.0,31.674,181.42,475,430,95.22,86.2,0.3937,0.4023,0.2595,91,3.071,1.513,3.859,90,0.207,0.251,90,0.5046,4.21,,,,0.601,,,0.601,0.0,6.014,6.89,2.807,0.0026,4.611
3498,Switchboard,4.962,66.0,13.302,191.67,485,466,97.75,93.92,0.4206,0.3584,0.2161,20,14.464,13.205,11.793,19,0.41,0.386,19,0.4376,4.837,,,,0.0,,,0.0,0.0,0.605,0.63,0.0,0.0177,
3499,Switchboard,4.984,83.0,16.653,205.26,855,168,171.55,33.71,0.345,0.6488,0.134,35,8.665,4.66,12.183,34,-0.142,-0.07,34,0.7826,3.411,,,,0.401,,,0.401,0.0,3.612,8.15,1.003,0.0095,
3500,Switchboard,5.003,108.0,21.588,184.1,547,374,109.34,74.76,0.4095,0.4813,0.1658,57,5.183,1.992,5.577,56,0.061,0.129,56,0.5556,3.998,,,,0.999,,,0.999,0.0,3.998,8.28,1.599,0.007,1.399
3501,Switchboard,4.964,111.0,22.36,191.97,722,231,145.44,46.53,0.3532,0.5844,0.1207,45,6.623,2.273,11.518,44,-0.017,0.068,44,0.7265,4.835,,,,0.403,,,0.403,0.0,3.626,5.66,3.022,0.0081,
3502,Switchboard,4.975,59.0,11.858,153.15,184,578,36.98,116.17,0.5707,0.4048,0.2533,29,9.887,4.33,11.841,28,0.391,0.246,28,0.2254,0.804,,,,0.201,,,0.201,0.0,1.608,2.79,0.0,0.02,
3503,Switchboard,4.988,121.0,24.257,228.74,379,762,75.98,152.76,0.4749,0.3596,0.1036,43,7.249,2.645,13.213,42,-0.3,-0.015,42,0.3282,7.217,,,,1.804,,,1.403,0.401,5.012,9.39,1.804,0.0103,1.002
3504,Switchboard,4.985,80.0,16.05,210.65,443,607,88.87,121.78,0.4334,0.4036,0.2207,39,7.473,2.58,8.244,38,0.198,0.166,38,0.482,3.611,,,,0.401,,,0.401,0.0,2.608,6.6,1.003,0.0104,0.401
3505,Switchboard,4.984,34.0,6.822,153.89,259,508,51.97,101.93,0.5328,0.4488,0.2564,16,17.933,9.537,23.138,15,0.799,0.268,15,0.2995,2.608,,,,0.0,,,0.0,0.0,0.201,0.41,0.401,0.0022,
3506,Switchboard,4.99,77.0,15.431,145.29,239,486,47.9,97.4,0.4937,0.393,0.2819,44,6.44,3.492,10.47,43,0.371,0.335,43,0.3598,2.806,,,,0.401,,,0.401,0.0,2.004,3.87,1.603,0.0022,4.209
3507,Switchboard,4.997,114.0,22.812,202.91,508,506,101.65,101.25,0.4213,0.4209,0.1181,55,5.588,3.34,5.719,54,-0.141,-0.017,54,0.527,2.001,,,,1.401,,,1.401,0.0,6.603,7.67,2.601,0.0033,
3508,Switchboard,5.008,142.0,28.354,210.66,617,438,123.2,87.46,0.4019,0.4635,0.1031,66,4.925,2.481,6.048,65,-0.379,-0.124,65,0.5557,3.794,,,,2.596,,,2.196,0.399,8.986,22.55,1.797,0.0025,1.597
3509,Switchboard,4.992,95.0,19.03,211.94,284,774,56.89,155.05,0.4437,0.3385,0.2419,46,6.323,1.595,10.622,45,0.162,0.14,45,0.3029,3.205,,,,0.601,,,0.601,0.0,3.606,6.59,0.601,0.0144,2.604
3510,Switchboard,5.0,82.0,16.4,205.0,506,519,101.2,103.8,0.4091,0.3892,0.1294,47,6.217,4.503,4.862,46,0.128,0.274,46,0.4559,1.4,,,,0.4,,,0.4,0.0,3.4,5.39,0.4,0.0183,
3511,Switchboard,4.979,68.0,13.658,153.86,425,341,85.36,68.49,0.4024,0.5249,0.163,18,16.282,8.09,18.271,17,0.29,0.179,17,0.4944,6.427,,,,0.201,,,0.201,0.0,1.004,1.39,0.402,0.0097,
3512,Switchboard,4.972,165.0,33.187,228.89,640,498,128.73,100.17,0.4031,0.3494,0.0834,52,6.045,3.48,7.233,51,-0.317,-0.184,51,0.5517,5.431,,,,1.609,,,1.408,0.201,7.844,14.39,2.615,0.0544,
3513,Switchboard,4.973,121.0,24.33,168.7,310,529,62.33,106.37,0.4419,0.3837,0.1934,47,6.031,2.469,8.107,46,0.301,0.299,46,0.3755,5.831,,,,0.603,,,0.603,0.0,2.614,5.41,4.424,0.0175,3.016
3514,Switchboard,5.001,91.0,18.196,122.17,226,385,45.19,76.98,0.4912,0.4286,0.3258,48,5.87,1.776,9.793,47,0.38,0.332,47,0.3162,3.399,,,,0.8,,,0.8,0.0,3.199,7.26,1.0,0.0099,3.199
3515,Switchboard,4.975,75.0,15.074,181.09,423,478,85.02,96.07,0.4137,0.3787,0.1752,31,9.566,5.939,10.002,30,0.041,0.111,30,0.4545,3.819,,,,0.603,,,0.603,0.0,2.814,5.87,1.407,0.0137,1.206
3516,Switchboard,4.977,44.0,8.84,181.03,355,546,71.33,109.7,0.431,0.4249,0.1832,19,15.302,5.482,19.873,18,0.437,0.2,18,0.4257,2.009,,,,0.603,,,0.603,0.0,1.808,1.76,0.603,0.0063,
3517,Switchboard,4.968,98.0,19.726,183.57,471,441,94.81,88.77,0.4586,0.4308,0.143,42,6.879,3.219,8.868,41,0.223,0.146,41,0.499,4.63,,,,0.403,,,0.403,0.0,3.221,4.16,1.208,0.0252,1.812
3518,Switchboard,5.003,70.0,13.992,173.51,323,545,64.57,108.94,0.5201,0.389,0.1807,34,8.633,3.876,12.577,33,0.182,0.302,33,0.3825,2.599,,,,0.8,,,0.8,0.0,1.599,3.75,1.799,0.0196,2.798
3519,Switchboard,4.995,152.0,30.432,226.64,708,424,141.75,84.89,0.3729,0.4646,0.12,67,4.768,2.639,4.818,66,-0.301,-0.044,66,0.6425,4.204,,,,3.003,,,2.803,0.2,7.808,18.69,2.803,0.0174,
3520,Switchboard,4.976,40.0,8.039,170.42,227,621,45.62,124.8,0.5374,0.3494,0.1955,28,10.028,4.995,10.396,27,0.658,0.608,27,0.2162,0.804,,,,0.201,,,0.201,0.0,0.804,0.62,0.402,0.0142,0.0
3521,Switchboard,4.981,108.0,21.683,199.97,425,571,85.33,114.64,0.44,0.3888,0.2117,43,6.791,2.523,8.555,42,0.161,0.22,42,0.4218,5.421,,,,0.602,,,0.602,0.0,2.811,6.56,0.402,0.0367,2.409
3522,Switchboard,4.985,119.0,23.874,180.96,395,507,79.24,101.71,0.4051,0.4063,0.1749,51,5.617,3.005,6.569,50,0.236,-0.019,50,0.461,5.216,,,,0.802,,,0.602,0.201,5.417,11.67,1.806,0.0216,
3523,Switchboard,4.996,119.0,23.818,184.74,500,423,100.07,84.66,0.398,0.4184,0.1244,53,5.782,2.602,6.596,52,-0.129,-0.071,52,0.516,4.603,,,,2.001,,,2.001,0.0,6.205,17.23,2.001,0.0033,1.001
3524,Switchboard,4.968,174.0,35.024,215.58,429,642,86.35,129.23,0.4499,0.3769,0.1327,76,4.237,2.684,4.367,75,-0.325,-0.135,75,0.3812,4.026,,,,3.422,,,3.221,0.201,10.467,22.45,2.214,0.0147,4.026
3525,Switchboard,4.988,99.0,19.846,251.79,754,502,151.15,100.64,0.3621,0.4024,0.1331,45,6.932,2.951,8.997,44,-0.298,-0.127,44,0.5918,2.606,,,,1.804,,,1.804,0.0,6.014,13.31,1.804,0.0061,1.002
3526,Switchboard,4.982,138.0,27.7,180.45,419,480,84.1,96.35,0.4558,0.4146,0.178,76,3.637,1.38,4.659,75,0.291,0.283,75,0.4401,2.81,,,,0.201,,,0.201,0.0,4.416,6.2,3.212,0.033,2.609
3527,Switchboard,4.985,146.0,29.287,225.27,525,598,105.31,119.96,0.3981,0.3344,0.1235,53,5.847,2.229,10.278,52,-0.211,-0.183,52,0.4601,8.626,,,,1.003,,,1.003,0.0,7.222,12.54,2.407,0.0023,1.404
3528,Switchboard,4.996,141.0,28.221,216.36,461,620,92.27,124.09,0.4035,0.4,0.1353,58,5.326,2.44,7.303,57,-0.171,-0.038,57,0.4249,4.403,,,,1.201,,,1.001,0.2,7.205,12.58,0.4,0.0496,2.802
3529,Switchboard,4.961,138.0,27.819,197.76,635,346,128.01,69.75,0.3591,0.3988,0.1306,55,5.45,2.702,7.814,54,-0.046,0.011,54,0.5628,3.629,,,,1.008,,,1.008,0.0,5.241,9.21,1.613,0.0532,
3530,Switchboard,4.969,96.0,19.319,136.24,206,471,41.46,94.79,0.568,0.4161,0.2771,47,5.909,2.215,7.479,46,0.437,0.386,46,0.2702,2.012,,,,0.201,,,0.201,0.0,2.616,2.57,1.006,0.0278,2.012
3531,Switchboard,4.985,68.0,13.642,181.56,610,295,122.38,59.18,0.3246,0.4983,0.2087,30,9.912,2.831,11.595,29,0.002,0.123,29,0.664,2.407,,,,0.802,,,0.802,0.0,2.809,6.27,0.602,0.0105,
3532,Switchboard,4.974,103.0,20.706,198.21,495,491,99.51,98.7,0.4586,0.4155,0.1545,41,7.469,2.58,9.973,40,-0.233,-0.095,40,0.4732,3.216,,,,1.206,,,1.005,0.201,5.428,8.55,0.603,0.0126,
3533,Switchboard,4.975,109.0,21.907,214.45,469,598,94.26,120.19,0.467,0.3796,0.1225,39,7.976,3.503,9.107,38,-0.338,-0.297,38,0.4386,4.422,,,,1.407,,,1.407,0.0,5.628,12.64,1.809,0.0167,1.608
3534,Switchboard,4.977,130.0,26.12,179.02,405,486,81.37,97.65,0.4049,0.4136,0.1778,54,5.451,3.407,5.246,53,0.079,-0.106,53,0.4905,3.215,,,,1.206,,,1.005,0.201,6.429,11.63,1.206,0.0311,
3535,Switchboard,4.963,105.0,21.158,183.17,562,347,113.24,69.92,0.4502,0.4496,0.1556,46,6.557,4.49,6.669,45,-0.089,0.081,45,0.5657,2.217,,,,1.612,,,1.612,0.0,4.635,12.45,1.814,0.0273,0.806
3536,Switchboard,4.977,105.0,21.097,205.54,709,314,142.45,63.09,0.3526,0.4554,0.1082,32,9.258,3.4,12.149,31,0.076,-0.11,31,0.6377,6.63,,,,0.603,,,0.603,0.0,3.817,7.41,2.21,0.0164,
3537,Switchboard,4.991,27.0,5.41,177.32,697,188,139.65,37.67,0.3859,0.6064,0.1974,13,22.902,8.503,27.415,12,0.142,0.305,12,0.7781,1.202,,,,0.401,,,0.401,0.0,0.801,1.67,0.0,0.0052,0.601
3538,Switchboard,4.879,135.0,27.67,212.95,514,525,105.35,107.6,0.3619,0.36,0.1387,66,4.526,2.897,5.355,65,-0.142,-0.047,65,0.5531,4.099,,,,1.435,,,1.435,0.0,7.584,10.88,2.05,0.0005,
3539,Switchboard,4.986,129.0,25.872,210.38,300,749,60.17,150.22,0.45,0.3765,0.1193,49,6.239,2.076,10.305,48,-0.137,0.023,48,0.317,6.418,,,,1.003,,,1.003,0.0,5.014,10.32,1.604,0.0256,0.401
3540,Switchboard,4.986,128.0,25.671,210.38,573,476,114.92,95.46,0.3805,0.416,0.1903,65,4.469,1.362,7.845,64,0.134,0.179,64,0.5882,5.214,,,,0.401,,,0.401,0.0,4.412,7.34,1.003,0.0151,
3541,Switchboard,4.987,45.0,9.023,169.43,615,230,123.31,46.12,0.374,0.5391,0.2004,18,16.762,8.083,22.126,17,-0.151,0.186,17,0.7247,1.404,,,,0.201,,,0.201,0.0,1.003,1.18,1.805,0.0058,1.003
3542,Switchboard,4.981,92.0,18.471,204.79,374,646,75.09,129.7,0.4305,0.3467,0.148,30,9.981,2.814,14.084,29,-0.027,0.107,29,0.3836,5.822,,,,0.402,,,0.402,0.0,2.409,3.64,1.405,0.0276,
3543,Switchboard,4.978,76.0,15.267,172.75,456,404,91.6,81.15,0.5022,0.4678,0.2858,35,8.215,2.442,10.271,34,0.327,0.524,34,0.5714,3.013,,,,0.804,,,0.804,0.0,2.21,4.67,0.0,0.0549,1.808
3544,Switchboard,4.994,169.0,33.843,246.71,703,529,140.78,105.93,0.4026,0.3667,0.067,67,4.502,3.106,3.911,66,-0.034,0.011,66,0.5666,4.205,,,,0.401,,,0.401,0.0,6.008,8.29,5.807,0.0316,
3545,Switchboard,4.985,65.0,13.04,218.67,750,340,150.46,68.21,0.3653,0.4471,0.1432,15,19.581,5.958,21.725,14,0.362,0.209,14,0.6546,5.216,,,,0.0,,,0.0,0.0,1.003,1.31,1.003,0.02,
3546,Switchboard,4.959,149.0,30.047,203.47,386,623,77.84,125.63,0.4922,0.3563,0.162,79,3.917,2.101,3.777,78,-0.156,-0.068,78,0.3699,1.815,,,,1.815,,,1.613,0.202,9.074,17.81,0.807,0.0187,
3547,Switchboard,4.976,47.0,9.445,172.63,434,425,87.22,85.41,0.4447,0.4212,0.2107,24,12.237,1.976,15.528,23,0.178,0.229,23,0.448,1.809,,,,0.201,,,0.201,0.0,1.005,2.59,0.603,0.0104,
3548,Switchboard,3.101,133.0,42.884,214.74,350,316,112.85,101.89,0.4743,0.5032,0.0874,54,3.446,1.599,4.362,53,-0.031,-0.109,53,0.5567,3.869,,,,0.645,,,0.645,0.0,10.64,8.13,3.224,0.0843,
3549,Switchboard,4.991,108.0,21.639,185.54,756,170,151.47,34.06,0.3717,0.4882,0.1758,45,6.548,2.796,9.475,44,0.095,0.149,44,0.7648,3.807,,,,0.601,,,0.601,0.0,3.807,6.02,2.004,0.0287,1.403
3550,Switchboard,4.974,169.0,33.974,245.05,525,694,105.54,139.51,0.3924,0.3098,0.1582,73,4.216,2.045,6.178,72,-0.135,-0.012,72,0.4638,6.433,,,,1.809,,,1.809,0.0,8.041,12.81,2.211,0.0233,2.412
3551,Switchboard,4.979,74.0,14.863,195.63,809,165,162.49,33.14,0.3918,0.5152,0.265,26,11.065,2.97,15.74,25,0.429,0.365,25,0.8177,5.021,,,,0.402,,,0.402,0.0,1.406,1.13,0.803,0.0124,1.607
3552,Switchboard,4.97,118.0,23.744,198.81,475,513,95.58,103.23,0.4337,0.4074,0.0923,33,9.034,1.689,12.564,32,-0.116,-0.025,32,0.4845,3.22,,,,0.402,,,0.402,0.0,3.421,5.35,1.61,0.0633,
3553,Switchboard,4.976,85.0,17.082,177.05,461,420,92.64,84.4,0.3753,0.431,0.1832,30,9.787,2.545,15.384,29,0.155,0.165,29,0.5216,7.838,,,,0.402,,,0.402,0.0,2.01,2.25,0.603,0.0232,
3554,Switchboard,4.982,159.0,31.912,218.17,533,554,106.98,111.19,0.3771,0.3628,0.1765,66,4.638,1.831,6.79,65,-0.116,0.025,65,0.5075,4.416,,,,1.806,,,1.806,0.0,6.423,14.57,2.208,0.035,2.408
3555,Switchboard,4.974,98.0,19.701,177.11,549,332,110.36,66.74,0.4171,0.503,0.1996,35,8.099,3.971,8.251,34,0.431,0.485,34,0.6666,3.619,,,,0.804,,,0.804,0.0,2.211,3.37,0.603,0.0916,
3556,Switchboard,4.975,131.0,26.329,234.75,640,528,128.63,106.12,0.3984,0.4375,0.1321,63,4.847,2.893,6.174,62,-0.112,0.014,62,0.5111,3.819,,,,1.809,,,1.407,0.402,7.034,13.12,2.01,0.0054,0.201
3557,Switchboard,4.97,68.0,13.683,141.86,300,405,60.37,81.49,0.5,0.4444,0.2743,31,9.247,4.206,10.724,30,0.357,0.17,30,0.3409,2.616,,,,0.604,,,0.604,0.0,2.012,4.75,0.0,0.0243,2.616
3558,Switchboard,4.992,89.0,17.828,185.09,352,572,70.51,114.58,0.4261,0.3479,0.233,44,6.489,5.112,6.345,43,0.317,0.393,43,0.3528,2.003,,,,0.801,,,0.801,0.0,2.604,6.17,1.803,0.0239,
3559,Switchboard,4.994,138.0,27.635,191.84,462,496,92.52,99.33,0.4351,0.3851,0.1145,56,5.307,1.767,9.215,55,0.042,0.085,55,0.429,4.806,,,,1.202,,,1.202,0.0,5.006,9.89,4.406,0.0153,
3560,Switchboard,4.984,101.0,20.265,239.36,461,732,92.5,146.87,0.3579,0.3087,0.1641,30,9.688,6.444,10.062,29,0.179,0.141,29,0.3613,5.819,,,,0.201,,,0.201,0.0,2.207,3.98,3.21,0.026,
3561,Switchboard,4.976,63.0,12.661,186.29,399,528,80.18,106.11,0.4862,0.375,0.2377,38,7.652,2.854,12.786,37,0.193,0.164,37,0.4102,1.407,,,,0.603,,,0.603,0.0,2.211,4.11,0.0,0.0109,0.402
3562,Switchboard,4.979,88.0,17.673,217.1,369,712,74.11,142.99,0.4282,0.3301,0.1322,45,6.753,2.874,9.323,44,-0.121,-0.09,44,0.358,2.812,,,,0.803,,,0.803,0.0,4.619,11.53,0.201,0.0071,
3563,Switchboard,4.957,77.0,15.534,195.29,667,301,134.56,60.72,0.3928,0.4784,0.1476,44,6.667,4.5,7.038,43,0.058,0.111,43,0.6187,1.412,,,,0.807,,,0.807,0.0,4.035,6.09,0.605,0.0065,1.614
3564,Switchboard,4.988,104.0,20.849,231.14,434,719,87.0,144.14,0.394,0.3435,0.1434,42,7.071,2.394,11.112,41,0.054,0.135,41,0.4173,4.21,,,,0.802,,,0.802,0.0,2.807,6.0,2.005,0.0279,
3565,Switchboard,4.985,130.0,26.081,196.81,516,465,103.52,93.29,0.3895,0.4473,0.1881,64,4.589,3.065,4.419,63,0.084,0.231,63,0.5376,3.611,,,,1.605,,,1.404,0.201,4.815,12.73,0.802,0.0599,3.611
3566,Switchboard,4.986,58.0,11.632,174.28,273,596,54.75,119.53,0.4872,0.3658,0.1721,28,10.633,6.404,11.176,27,0.052,0.187,27,0.3301,2.607,,,,0.401,,,0.401,0.0,2.206,4.51,0.0,0.0057,
3567,Switchboard,4.984,91.0,18.258,189.2,665,278,133.43,55.78,0.3789,0.4353,0.1458,31,9.624,3.003,17.138,30,0.021,0.09,30,0.7227,5.417,,,,0.803,,,0.803,0.0,2.408,3.7,2.408,0.0113,1.605
3568,Switchboard,4.997,86.0,17.209,196.7,450,533,90.05,106.66,0.3622,0.4109,0.2456,34,8.638,3.456,11.158,33,0.148,0.158,33,0.5137,6.003,,,,0.6,,,0.6,0.0,2.401,4.78,1.001,0.0149,
3569,Switchboard,4.995,44.0,8.808,175.57,273,604,54.65,120.92,0.5238,0.3593,0.2352,27,10.572,6.369,9.721,26,0.537,0.635,26,0.3267,0.601,,,,0.4,,,0.4,0.0,0.801,1.63,0.4,0.0157,1.201
3570,Switchboard,4.973,91.0,18.297,208.51,637,400,128.08,80.43,0.3752,0.475,0.1438,45,6.656,2.613,9.392,44,-0.028,0.117,44,0.5777,1.609,,,,1.206,,,1.206,0.0,4.625,11.46,1.206,0.0112,2.212
3571,Switchboard,4.986,198.0,39.71,240.06,517,680,103.69,136.38,0.4081,0.3412,0.0941,93,3.296,2.409,3.328,92,-0.08,0.001,92,0.47,3.409,,,,2.006,,,1.805,0.201,9.827,15.22,3.209,0.0651,
3572,Switchboard,4.982,47.0,9.433,190.67,378,572,75.87,114.8,0.4418,0.3322,0.1647,24,12.08,9.835,10.402,23,0.355,0.172,23,0.3804,2.208,,,,0.401,,,0.401,0.0,1.405,1.86,0.201,0.0054,
3573,Switchboard,5.0,80.0,16.0,202.4,644,368,128.8,73.6,0.3789,0.4864,0.1414,36,8.33,2.928,13.444,35,-0.021,0.066,35,0.6136,2.4,,,,0.4,,,0.4,0.0,3.0,5.04,1.0,0.0129,0.8
3574,Switchboard,4.976,58.0,11.656,169.81,374,471,75.16,94.65,0.4251,0.4586,0.1013,15,19.917,14.234,20.19,14,-0.022,0.154,14,0.367,5.225,,,,0.402,,,0.402,0.0,1.206,2.31,0.402,0.0124,1.005
3575,Switchboard,5.003,117.0,23.387,186.9,398,537,79.56,107.34,0.3945,0.3594,0.1773,56,5.095,3.162,4.903,55,0.26,0.188,55,0.4738,4.797,,,,0.4,,,0.4,0.0,3.798,5.46,2.599,0.0073,
3576,Switchboard,4.982,99.0,19.87,202.31,570,438,114.4,87.91,0.4053,0.411,0.1354,42,6.992,2.615,8.629,41,0.128,0.119,41,0.5474,4.416,,,,0.201,,,0.201,0.0,3.412,4.03,1.405,0.0146,0.803
3577,Switchboard,4.985,65.0,13.04,168.52,404,436,81.05,87.47,0.4678,0.539,0.2631,33,8.459,5.923,7.09,32,0.602,0.694,32,0.4847,1.204,,,,0.602,,,0.602,0.0,1.605,1.76,0.401,0.0263,
3578,Switchboard,4.966,97.0,19.531,223.3,705,404,141.95,81.35,0.3915,0.3911,0.1863,49,6.161,1.387,11.018,48,-0.093,-0.017,48,0.6021,3.02,,,,1.208,,,1.208,0.0,5.436,11.33,0.201,0.006,
3579,Switchboard,4.985,87.0,17.454,189.99,268,679,53.77,136.22,0.459,0.3785,0.1657,32,9.433,3.013,13.9,31,-0.111,0.08,31,0.239,4.815,,,,1.003,,,1.003,0.0,2.809,9.14,1.806,0.0169,
3580,Switchboard,4.992,101.0,20.232,185.09,507,417,101.56,83.53,0.3846,0.4125,0.1838,43,6.786,4.205,7.662,42,0.142,0.24,42,0.5298,4.607,,,,1.402,,,1.402,0.0,2.804,6.06,3.405,0.0053,1.002
3581,Switchboard,5.0,100.0,20.0,211.0,668,387,133.6,77.4,0.3713,0.4289,0.1359,35,8.84,5.023,10.801,34,-0.306,-0.101,34,0.5866,6.4,,,,1.4,,,1.2,0.2,4.4,9.82,1.0,0.0132,
3582,Switchboard,4.974,52.0,10.453,179.32,288,604,57.9,121.42,0.5069,0.3593,0.2021,22,13.62,5.196,14.091,21,-0.074,0.149,21,0.3238,0.804,,,,0.402,,,0.201,0.201,2.211,4.05,1.005,0.0155,
3583,Switchboard,4.976,199.0,39.992,240.75,595,603,119.57,121.18,0.4504,0.3881,0.0903,87,3.655,1.95,3.746,86,-0.23,-0.054,86,0.4772,2.813,,,,3.014,,,2.412,0.603,11.053,23.47,3.818,0.0413,
3584,Switchboard,4.991,119.0,23.843,198.36,614,376,123.02,75.34,0.3827,0.4043,0.1481,48,6.103,1.719,8.64,47,0.134,0.22,47,0.5994,7.413,,,,0.401,,,0.401,0.0,3.005,4.33,1.603,0.0135,1.002
3585,Switchboard,4.997,138.0,27.615,220.72,545,558,109.06,111.66,0.3945,0.362,0.11,56,5.432,2.323,6.328,55,-0.081,-0.096,55,0.4372,4.202,,,,0.4,,,0.4,0.0,6.603,9.66,4.402,0.0085,
3586,Switchboard,4.982,191.0,38.339,242.88,779,431,156.37,86.51,0.3569,0.4107,0.0894,85,3.759,2.066,4.125,84,-0.246,-0.138,84,0.658,4.617,,,,2.409,,,2.409,0.0,11.642,21.79,2.81,0.0134,3.212
3587,Switchboard,4.988,99.0,19.846,205.48,728,297,145.94,59.54,0.3242,0.4613,0.161,53,5.711,2.639,7.963,52,-0.07,0.128,52,0.7389,1.203,,,,1.002,,,1.002,0.0,4.41,8.91,3.007,0.0024,3.809
3588,Switchboard,4.964,129.0,25.986,220.78,689,407,138.79,81.99,0.3396,0.4889,0.1682,69,4.27,2.493,4.113,68,0.046,0.076,68,0.5828,1.007,,,,1.209,,,1.209,0.0,5.842,11.13,3.223,0.01,
3589,Switchboard,4.963,126.0,25.389,188.0,353,580,71.13,116.87,0.4618,0.3828,0.1989,74,3.842,1.578,5.084,73,0.183,0.158,73,0.3601,1.612,,,,0.202,,,0.202,0.0,5.038,4.99,1.209,0.0183,
3590,Switchboard,4.986,119.0,23.866,217.2,621,462,124.54,92.66,0.4138,0.3939,0.183,58,4.967,2.091,7.43,57,0.163,0.166,57,0.5674,4.412,,,,0.401,,,0.401,0.0,3.811,3.75,1.404,0.0356,
3591,Switchboard,4.968,55.0,11.071,172.3,470,386,94.6,77.7,0.434,0.4404,0.1657,17,17.165,4.041,22.009,16,0.335,0.311,16,0.5821,3.019,,,,0.0,,,0.0,0.0,0.805,1.28,0.0,0.0415,0.805
3592,Switchboard,4.974,46.0,9.247,174.29,320,547,64.33,109.96,0.4938,0.426,0.1943,26,10.956,9.184,9.857,25,0.528,0.464,25,0.3486,0.402,,,,0.201,,,0.201,0.0,1.206,1.57,0.0,0.0165,
3593,Switchboard,4.981,173.0,34.733,186.51,487,442,97.77,88.74,0.4127,0.371,0.1157,81,3.857,2.221,4.052,80,-0.178,-0.127,80,0.5118,3.212,,,,1.606,,,1.606,0.0,10.641,21.46,3.212,0.0055,
3594,Switchboard,4.992,81.0,16.226,209.93,606,442,121.39,88.54,0.4208,0.3891,0.11,29,10.516,4.524,11.478,28,-0.212,-0.023,28,0.5515,4.407,,,,0.601,,,0.601,0.0,2.804,6.09,2.204,0.0056,
3595,Switchboard,4.966,155.0,31.21,230.35,518,626,104.3,126.05,0.4382,0.3722,0.0596,67,5.142,4.066,4.736,66,-0.712,-0.518,66,0.432,3.423,,,,3.826,,,3.624,0.201,11.477,33.81,0.604,0.0131,2.215
3596,Switchboard,4.995,136.0,27.226,215.41,605,471,121.12,94.29,0.4066,0.4331,0.1355,65,4.819,2.507,5.981,64,-0.212,0.075,64,0.6091,3.603,,,,2.402,,,2.002,0.4,6.806,10.8,2.602,0.0084,2.202
3597,Switchboard,4.982,30.0,6.021,182.24,189,719,37.93,144.31,0.582,0.3505,0.2172,13,22.475,4.763,29.228,12,0.563,0.359,12,0.2271,1.004,,,,0.201,,,0.201,0.0,0.201,0.09,0.201,0.0165,0.602
3598,Switchboard,4.986,106.0,21.259,227.03,830,302,166.46,60.57,0.3313,0.5331,0.1271,43,7.124,2.641,8.281,42,-0.183,-0.123,42,0.7209,3.811,,,,1.003,,,1.003,0.0,5.214,10.41,2.206,0.0059,
3599,Switchboard,4.974,55.0,11.057,203.84,477,537,95.89,107.95,0.3899,0.378,0.1901,36,8.061,3.19,9.364,35,0.214,0.323,35,0.4965,0.201,,,,0.804,,,0.804,0.0,1.608,3.21,0.201,0.019,
3600,Switchboard,4.977,126.0,25.316,216.39,520,557,104.48,111.91,0.4654,0.3734,0.0832,53,5.987,2.479,7.266,52,-0.373,-0.121,52,0.4467,3.617,,,,1.406,,,1.206,0.201,6.229,17.55,2.612,0.0339,
3601,Switchboard,4.976,74.0,14.871,184.28,271,646,54.46,129.82,0.428,0.3591,0.1686,33,9.101,4.107,11.332,32,-0.085,0.087,32,0.2967,3.818,,,,1.005,,,1.005,0.0,3.014,6.21,0.0,0.0098,
3602,Switchboard,4.991,159.0,31.858,231.42,515,640,103.19,128.23,0.3903,0.3391,0.0888,71,4.373,2.386,4.497,70,-0.159,-0.02,70,0.4508,6.812,,,,1.202,,,1.202,0.0,7.413,14.19,2.805,0.0015,
3603,Switchboard,4.985,76.0,15.247,216.47,762,317,152.87,63.6,0.3346,0.4637,0.1607,37,8.144,3.794,10.864,36,-0.08,0.002,36,0.7076,1.806,,,,0.602,,,0.602,0.0,3.611,7.14,0.401,0.0142,
3604,Switchboard,4.992,70.0,14.022,215.74,464,613,92.95,122.8,0.4052,0.398,0.173,38,7.837,3.114,8.967,37,0.045,0.327,37,0.3644,3.005,,,,0.801,,,0.801,0.0,2.204,3.95,0.401,0.0011,
3605,Switchboard,4.988,71.0,14.233,155.76,284,493,56.93,98.83,0.5282,0.43,0.2477,20,14.678,1.408,27.863,19,0.214,0.277,19,0.3237,5.814,,,,0.401,,,0.401,0.0,1.403,2.21,0.601,0.0215,
3606,Switchboard,4.976,149.0,29.944,216.24,529,547,106.31,109.93,0.431,0.3236,0.1465,62,4.846,2.074,5.773,61,-0.033,0.046,61,0.5018,6.632,,,,1.206,,,1.206,0.0,6.431,7.95,3.617,0.0042,3.014
3607,Switchboard,4.972,89.0,17.901,188.26,312,624,62.75,125.51,0.5096,0.3942,0.2331,48,5.815,3.535,6.793,47,0.388,0.363,47,0.3258,3.218,,,,0.402,,,0.402,0.0,2.011,4.52,1.408,0.0111,3.419
3608,Switchboard,4.978,54.0,10.847,178.38,409,479,82.16,96.22,0.4792,0.4718,0.19,34,8.247,6.395,6.603,33,0.547,0.652,33,0.4205,0.201,,,,0.201,,,0.201,0.0,1.205,3.47,0.402,0.0186,
3609,Switchboard,5.001,206.0,41.191,219.15,349,747,69.78,149.37,0.4097,0.3333,0.1098,84,3.918,2.499,3.645,83,-0.364,-0.24,83,0.407,6.399,,,,3.399,,,2.999,0.4,13.597,27.67,3.599,0.0023,
3610,Switchboard,4.954,70.0,14.131,154.84,288,479,58.14,96.7,0.4792,0.4134,0.1963,26,11.013,6.522,11.634,25,0.407,0.405,25,0.3387,3.432,,,,0.0,,,0.0,0.0,1.009,0.76,0.404,0.0241,
3611,Switchboard,4.981,86.0,17.266,202.38,578,430,116.04,86.33,0.3737,0.386,0.1581,33,9.014,4.939,12.662,32,0.011,0.094,32,0.5006,4.015,,,,0.402,,,0.402,0.0,2.208,3.58,1.004,0.0397,
3612,Switchboard,4.992,65.0,13.021,183.49,510,406,102.16,81.33,0.3804,0.4039,0.2224,44,6.397,3.127,6.435,43,0.415,0.398,43,0.5301,1.803,,,,0.2,,,0.2,0.0,1.402,2.39,0.2,0.003,
3614,Switchboard,4.995,135.0,27.029,205.22,453,572,90.7,114.52,0.415,0.4178,0.1157,60,5.275,4.061,5.604,59,-0.286,0.006,59,0.4714,5.206,,,,2.603,,,1.802,0.801,7.408,16.44,2.002,0.0015,
3615,Switchboard,4.963,150.0,30.225,215.41,450,619,90.68,124.73,0.4622,0.3619,0.1445,61,4.968,2.592,6.375,60,-0.094,-0.015,60,0.399,4.232,,,,0.806,,,0.806,0.0,6.851,14.31,3.224,0.0684,1.008
3616,Switchboard,4.976,106.0,21.302,208.8,265,774,53.26,155.55,0.4415,0.3165,0.2003,58,5.03,2.461,6.845,57,0.114,0.174,57,0.2776,3.818,,,,1.608,,,1.608,0.0,4.622,7.63,0.0,0.008,
3617,Switchboard,4.975,45.0,9.044,202.59,475,533,95.47,107.12,0.3726,0.3527,0.1831,24,12.155,7.532,12.899,23,0.257,0.233,23,0.449,1.005,,,,0.804,,,0.603,0.201,1.809,2.06,0.804,0.0042,
3618,Switchboard,4.992,105.0,21.034,232.37,706,454,141.43,90.94,0.3229,0.3546,0.1617,63,4.599,2.543,5.382,62,0.136,0.216,62,0.6375,3.205,,,,0.401,,,0.2,0.2,3.205,5.04,0.801,0.0076,
3619,Switchboard,4.999,114.0,22.805,183.44,477,440,95.42,88.02,0.3941,0.4409,0.1551,44,6.787,3.005,8.781,43,0.026,0.189,43,0.5179,5.601,,,,0.6,,,0.6,0.0,3.001,5.18,3.201,0.0232,
3620,Switchboard,4.979,81.0,16.268,187.98,450,486,90.38,97.61,0.4778,0.3889,0.2996,45,6.34,1.704,8.749,44,0.303,0.381,44,0.5,2.41,,,,0.603,,,0.603,0.0,3.213,7.55,0.201,0.0117,
3621,Switchboard,4.979,129.0,25.908,226.34,558,569,112.07,114.27,0.3817,0.355,0.1221,62,4.876,1.99,6.566,61,-0.06,0.064,61,0.4406,4.82,,,,1.004,,,1.004,0.0,5.824,11.28,2.008,0.0086,
3622,Switchboard,4.975,35.0,7.034,192.34,510,447,102.5,89.84,0.3922,0.4698,0.2006,22,13.035,9.608,13.315,21,0.558,0.5,21,0.5151,0.603,,,,0.0,,,0.0,0.0,0.0,0,1.206,0.0088,
3623,Switchboard,4.992,85.0,17.027,242.79,560,652,112.18,130.61,0.3625,0.3589,0.1348,34,8.737,4.366,12.158,33,0.074,0.203,33,0.4432,4.407,,,,0.2,,,0.2,0.0,2.604,4.99,1.202,0.0187,
3624,Switchboard,4.992,167.0,33.453,218.15,617,472,123.6,94.55,0.3744,0.447,0.1166,74,4.146,1.704,5.895,73,-0.101,-0.004,73,0.561,6.611,,,,1.803,,,1.803,0.0,8.213,10.23,1.603,0.0131,3.005
3625,Switchboard,4.976,99.0,19.895,197.95,394,591,79.18,118.77,0.401,0.3621,0.21,38,7.543,5.276,7.363,37,0.301,0.18,37,0.4249,7.235,,,,0.603,,,0.603,0.0,2.211,3.81,0.402,0.0194,
3626,Switchboard,4.975,70.0,14.069,146.72,246,484,49.44,97.28,0.5976,0.4545,0.2968,47,6.032,1.822,9.869,46,0.29,0.312,46,0.3402,2.01,,,,0.201,,,0.201,0.0,1.407,2.29,0.402,0.0057,1.809
3627,Switchboard,4.994,196.0,39.25,231.09,690,464,138.18,92.92,0.3551,0.4246,0.108,75,4.375,2.134,6.214,74,-0.386,-0.159,74,0.5814,3.404,,,,3.805,,,3.204,0.601,11.014,24.48,5.006,0.0443,
3628,Switchboard,4.959,104.0,20.972,153.86,461,302,92.96,60.9,0.3948,0.4536,0.3048,47,5.904,1.849,8.747,46,0.433,0.269,46,0.5595,4.033,,,,0.202,,,0.202,0.0,2.823,3.84,1.21,0.0218,2.823
3629,Switchboard,4.986,169.0,33.894,210.78,557,494,111.71,99.07,0.3609,0.3866,0.1215,81,3.739,1.793,5.006,80,-0.048,-0.006,80,0.4997,3.811,,,,1.604,,,1.604,0.0,8.824,15.17,2.808,0.0148,
3630,Switchboard,4.976,103.0,20.699,223.27,623,488,125.2,98.07,0.3756,0.4242,0.1899,41,7.086,3.477,11.252,40,0.188,0.185,40,0.5096,5.024,,,,0.804,,,0.804,0.0,2.813,5.83,2.813,0.0079,
3631,Switchboard,4.977,50.0,10.046,148.08,114,623,22.9,125.17,0.5965,0.3884,0.3134,23,12.362,2.149,23.219,22,0.569,0.49,22,0.1571,4.018,,,,0.402,,,0.402,0.0,0.603,2.08,0.603,0.0021,
3632,Switchboard,4.975,153.0,30.751,204.8,442,577,88.84,115.97,0.3801,0.3744,0.118,76,3.983,1.927,4.541,75,-0.066,0.048,75,0.4259,3.819,,,,1.407,,,1.407,0.0,7.838,15.09,3.015,0.003,
3633,Switchboard,4.992,105.0,21.034,212.74,497,565,99.56,113.18,0.4064,0.3947,0.1416,53,5.935,3.262,6.56,52,-0.377,0.029,52,0.4613,2.204,,,,1.603,,,1.402,0.2,5.609,15.8,0.401,0.0144,0.801
3634,Switchboard,4.989,148.0,29.666,189.22,397,547,79.58,109.64,0.3753,0.4497,0.1777,65,4.71,2.253,6.907,64,-0.111,0.03,64,0.388,3.809,,,,2.205,,,2.004,0.2,6.615,17.42,2.405,0.0286,
3635,Switchboard,4.991,65.0,13.024,216.99,237,846,47.49,169.51,0.4979,0.2872,0.2017,30,10.105,5.235,15.67,29,-0.137,-0.146,29,0.248,1.603,,,,0.401,,,0.401,0.0,4.007,6.77,0.0,0.0107,
3636,Switchboard,4.994,124.0,24.832,173.02,361,503,72.29,100.73,0.4792,0.3877,0.2288,54,5.387,2.894,6.415,53,0.158,0.213,53,0.3934,5.006,,,,0.2,,,0.2,0.0,4.205,6.13,1.602,0.0297,2.403
3637,Switchboard,4.977,180.0,36.166,203.73,384,630,77.15,126.58,0.3958,0.3921,0.0812,68,4.912,2.886,5.468,67,-0.531,-0.2,67,0.4336,6.028,,,,4.018,,,3.817,0.201,10.247,28.52,3.817,0.0232,
3638,Switchboard,4.986,87.0,17.448,164.66,514,307,103.09,61.57,0.356,0.544,0.1896,37,8.045,4.02,9.49,36,0.025,0.232,36,0.5939,3.008,,,,1.003,,,1.003,0.0,2.808,6.36,2.206,0.0135,1.203
3639,Switchboard,4.976,109.0,21.905,193.53,372,591,74.76,118.77,0.5376,0.3807,0.1525,58,5.152,1.997,8.55,57,-0.015,0.181,57,0.399,3.617,,,,1.206,,,1.206,0.0,4.019,13.58,1.407,0.0161,1.206
3640,Switchboard,4.982,61.0,12.243,213.55,434,630,87.11,126.44,0.4516,0.3889,0.2308,38,7.586,3.603,8.325,37,0.276,0.154,37,0.4137,1.204,,,,0.602,,,0.602,0.0,2.408,4.34,0.201,0.0087,
3641,Switchboard,4.986,140.0,28.078,202.56,526,484,105.49,97.07,0.3403,0.5062,0.113,66,4.812,2.876,5.76,65,-0.288,-0.118,65,0.5309,3.409,,,,2.407,,,2.006,0.401,7.621,14.4,2.206,0.0093,
3642,Switchboard,4.976,38.0,7.637,151.73,485,270,97.47,54.26,0.4144,0.4815,0.2273,14,21.131,11.167,24.529,13,0.179,0.589,13,0.6312,2.211,,,,0.402,,,0.402,0.0,0.804,2.08,0.603,0.0051,1.206
3643,Switchboard,4.962,128.0,25.798,184.82,468,449,94.32,90.49,0.4017,0.4588,0.1887,70,4.062,2.027,5.954,69,0.193,0.22,69,0.558,5.039,,,,0.403,,,0.403,0.0,3.426,4.96,1.411,0.0152,
3644,Switchboard,4.981,64.0,12.849,152.58,472,288,94.76,57.82,0.447,0.4306,0.2846,39,7.283,4.07,9.7,38,0.377,0.507,38,0.6136,2.208,,,,0.402,,,0.402,0.0,1.606,4.44,0.402,0.0046,
3645,Switchboard,4.977,54.0,10.85,186.86,492,438,98.85,88.0,0.4085,0.3881,0.2304,27,10.785,4.05,11.458,26,0.282,0.2,26,0.4793,2.009,,,,0.603,,,0.603,0.0,1.808,3.92,0.603,0.0064,
3646,Switchboard,4.987,114.0,22.858,192.69,395,566,79.2,113.49,0.4456,0.3975,0.2086,57,5.319,2.51,6.313,56,-0.092,0.089,56,0.3925,1.003,,,,1.805,,,1.805,0.0,5.213,14.88,0.602,0.0423,1.604
3647,Switchboard,5.001,101.0,20.196,190.36,669,283,133.77,56.59,0.3333,0.4947,0.1361,39,7.67,2.275,12.439,38,0.023,-0.058,38,0.6768,4.999,,,,0.4,,,0.4,0.0,4.399,6.72,2.2,0.0049,2.2
3648,Switchboard,4.979,103.0,20.688,186.39,498,430,100.03,86.37,0.4498,0.4558,0.2479,63,4.487,2.324,5.284,62,0.257,0.308,62,0.5012,3.615,,,,0.201,,,0.201,0.0,3.615,6.17,0.402,0.0012,
3649,Switchboard,4.977,103.0,20.695,200.92,415,585,83.38,117.54,0.3807,0.3368,0.2592,52,5.554,2.225,7.188,51,0.183,0.155,51,0.4336,3.617,,,,0.402,,,0.402,0.0,3.215,4.86,1.607,0.0153,
3650,Switchboard,4.988,92.0,18.443,204.28,430,589,86.2,118.08,0.4163,0.3769,0.1361,24,12.222,4.507,15.364,23,0.257,0.19,23,0.3971,5.413,,,,0.601,,,0.601,0.0,1.804,2.59,0.401,0.0396,
3651,Switchboard,4.97,75.0,15.092,193.98,526,438,105.84,88.14,0.3441,0.4269,0.1721,33,8.906,1.814,13.272,32,0.123,0.188,32,0.5685,2.817,,,,0.805,,,0.805,0.0,2.616,5.92,0.604,0.0225,1.207
3652,Switchboard,4.977,49.0,9.845,190.07,590,356,118.54,71.53,0.4644,0.4551,0.2146,31,9.328,7.323,9.785,30,0.298,0.402,30,0.5977,0.804,,,,0.402,,,0.402,0.0,1.206,2.38,0.402,0.0141,
3653,Switchboard,4.985,132.0,26.482,220.68,417,683,83.66,137.02,0.3909,0.3441,0.1189,50,5.997,2.685,7.625,49,-0.02,-0.019,49,0.4256,7.222,,,,1.003,,,1.003,0.0,5.617,7.58,2.006,0.0114,
3654,Switchboard,4.976,119.0,23.915,216.44,395,682,79.38,137.06,0.4101,0.4252,0.1624,50,5.769,2.755,7.769,49,0.196,0.097,49,0.4239,4.421,,,,0.603,,,0.603,0.0,4.421,5.98,4.019,0.0041,
3655,Switchboard,4.993,105.0,21.031,175.06,656,218,131.4,43.66,0.372,0.4908,0.2719,51,5.818,1.693,8.435,50,0.055,0.06,50,0.7351,2.203,,,,0.401,,,0.401,0.0,4.407,4.48,0.601,0.0238,1.202
3656,Switchboard,4.977,64.0,12.859,157.72,427,358,85.79,71.93,0.4543,0.4553,0.1745,33,8.853,3.394,14.284,32,0.163,0.172,32,0.6256,2.411,,,,0.402,,,0.402,0.0,2.21,2.36,0.201,0.0108,
3657,Switchboard,4.976,93.0,18.69,188.1,353,583,70.94,117.16,0.4221,0.4288,0.1271,37,8.01,2.961,13.116,36,0.047,0.039,36,0.3967,4.019,,,,0.603,,,0.603,0.0,3.617,4.66,3.014,0.0042,1.005
3658,Switchboard,4.99,84.0,16.834,176.76,397,485,79.56,97.2,0.5038,0.3897,0.208,50,5.772,1.765,8.849,49,0.21,0.168,49,0.4552,1.804,,,,1.202,,,1.202,0.0,3.607,6.94,0.802,0.0062,1.804
3659,Switchboard,4.984,127.0,25.481,228.93,513,628,102.93,126.0,0.3801,0.3646,0.0778,51,6.073,1.968,8.266,50,-0.216,0.024,50,0.4475,6.822,,,,1.605,,,1.605,0.0,4.615,10.4,3.21,0.0034,2.207
3660,Switchboard,4.976,84.0,16.881,198.95,401,589,80.59,118.37,0.4389,0.3701,0.213,31,9.403,3.448,13.282,30,0.234,0.269,30,0.4302,4.622,,,,0.201,,,0.201,0.0,2.613,4.33,0.201,0.0355,1.608
3661,Switchboard,4.981,78.0,15.66,211.41,600,453,120.46,90.95,0.4283,0.4216,0.1756,34,8.704,3.67,9.382,33,0.086,0.238,33,0.5566,4.818,,,,0.402,,,0.402,0.0,2.409,4.68,0.0,0.0132,
3662,Switchboard,4.972,78.0,15.689,188.87,316,623,63.56,125.31,0.4399,0.3387,0.1482,30,9.865,1.898,14.77,29,0.043,0.163,29,0.3724,3.822,,,,0.402,,,0.402,0.0,2.212,4.06,0.0,0.0318,2.011
3663,Switchboard,4.977,136.0,27.325,192.08,377,579,75.75,116.33,0.4218,0.4214,0.1466,67,4.597,2.478,5.876,66,-0.146,0.02,66,0.3951,4.42,,,,1.808,,,1.808,0.0,6.831,17.62,2.009,0.0027,1.808
3664,Switchboard,4.968,138.0,27.778,196.66,586,391,117.95,78.7,0.3788,0.422,0.1099,55,5.253,1.84,6.885,54,0.164,0.09,54,0.5633,5.233,,,,0.0,,,0.0,0.0,4.63,3.84,3.221,0.0301,
3665,Switchboard,5.002,94.0,18.794,175.74,318,561,63.58,112.16,0.3994,0.4171,0.1752,38,7.761,3.681,9.648,37,0.138,0.154,37,0.3425,5.398,,,,0.4,,,0.4,0.0,2.799,4.16,2.599,0.0003,1.0
3666,Switchboard,4.999,196.0,39.208,216.84,404,680,80.82,136.03,0.3812,0.3971,0.1032,87,3.618,2.084,4.589,86,-0.209,-0.078,86,0.3829,6.001,,,,2.0,,,2.0,0.0,10.802,22.09,4.001,0.0038,5.001
3667,Switchboard,4.768,98.0,20.554,200.71,400,557,83.89,116.82,0.445,0.4111,0.2106,56,4.851,2.405,5.729,55,0.203,0.221,55,0.4207,1.468,,,,0.839,,,0.839,0.0,3.146,6.67,0.839,0.0323,
3668,Switchboard,4.979,66.0,13.255,144.4,337,382,67.68,76.72,0.5104,0.4319,0.1308,27,10.911,3.842,14.897,26,0.136,-0.131,26,0.4802,3.013,,,,0.603,,,0.603,0.0,3.013,8.26,0.603,0.0066,
3669,Switchboard,4.981,143.0,28.71,204.18,473,544,94.96,109.22,0.3742,0.3952,0.1481,67,4.518,2.135,5.487,66,-0.075,0.06,66,0.4884,5.822,,,,1.405,,,1.405,0.0,6.224,13.33,1.405,0.0162,
3670,Switchboard,4.976,62.0,12.46,238.14,451,734,90.63,147.51,0.4102,0.3311,0.1747,12,25.03,22.758,21.363,11,-0.168,0.133,11,0.3939,6.833,,,,0.402,,,0.402,0.0,1.005,1.02,1.809,0.0003,
3671,Switchboard,4.975,68.0,13.667,179.68,360,534,72.35,107.33,0.4083,0.4232,0.1551,29,9.85,5.365,16.273,28,0.442,0.617,28,0.3833,3.819,,,,1.005,,,1.005,0.0,1.005,2.35,2.412,0.004,
3672,Switchboard,4.992,84.0,16.827,218.35,447,643,89.54,128.81,0.4161,0.409,0.1215,39,7.625,4.277,8.483,38,0.041,0.068,38,0.3809,3.005,,,,1.202,,,1.202,0.0,3.205,6.25,1.202,0.006,
3673,Switchboard,4.982,124.0,24.887,213.15,433,629,86.91,126.24,0.3464,0.372,0.1708,57,5.22,2.411,6.445,56,0.025,0.089,56,0.4386,6.623,,,,1.405,,,1.405,0.0,5.62,9.81,0.201,0.0078,
3674,Switchboard,4.804,151.0,31.43,195.87,444,497,92.42,103.45,0.3806,0.3863,0.125,63,4.957,2.442,5.688,62,-0.422,-0.269,62,0.4793,4.579,,,,3.747,,,3.33,0.416,9.575,29.73,1.873,0.0205,
3675,Switchboard,4.981,90.0,18.069,169.25,228,615,45.78,123.47,0.5482,0.4065,0.2888,50,5.621,1.162,9.501,49,0.361,0.314,49,0.2697,3.413,,,,0.0,,,0.0,0.0,1.807,2.44,2.61,0.0001,1.205
3676,Switchboard,4.986,87.0,17.448,145.0,375,348,75.21,69.79,0.4587,0.4138,0.282,48,5.872,2.621,8.001,47,0.351,0.407,47,0.4794,2.206,,,,0.602,,,0.401,0.201,2.607,6.73,1.003,0.0131,1.404
3677,Switchboard,4.992,55.0,11.018,170.47,614,237,123.0,47.48,0.4186,0.5781,0.2173,19,15.637,1.969,27.154,18,0.088,0.199,18,0.719,3.405,,,,0.2,,,0.2,0.0,1.402,1.74,1.803,0.0033,
3678,Switchboard,4.992,147.0,29.447,220.15,512,587,102.56,117.59,0.4004,0.4191,0.068,71,4.423,2.479,4.311,70,-0.208,-0.015,70,0.4961,3.806,,,,1.402,,,1.402,0.0,7.612,13.92,2.604,0.0062,
3679,Switchboard,4.995,80.0,16.015,177.97,460,429,92.09,85.88,0.3891,0.4592,0.2051,34,8.409,4.556,10.915,33,0.379,0.394,33,0.509,6.006,,,,0.0,,,0.0,0.0,1.401,1.65,0.4,0.0087,
3680,Switchboard,4.976,52.0,10.45,157.96,170,616,34.16,123.79,0.6235,0.3994,0.3141,27,10.947,2.09,16.736,26,0.114,0.214,26,0.1975,1.005,,,,0.201,,,0.201,0.0,2.01,2.19,0.402,0.0122,0.603
3681,Switchboard,4.992,72.0,14.423,177.28,521,364,104.37,72.92,0.4146,0.4396,0.1957,40,7.195,3.541,7.258,39,0.299,0.276,39,0.5342,1.803,,,,0.401,,,0.401,0.0,1.603,2.37,2.204,0.0054,1.603
3682,Switchboard,4.982,188.0,37.733,247.27,455,777,91.32,155.95,0.356,0.3346,0.1193,87,3.61,1.986,4.259,86,-0.178,-0.008,86,0.4074,5.82,,,,3.211,,,3.011,0.201,9.634,21.64,3.211,0.0105,1.606
3683,Switchboard,4.991,121.0,24.244,224.21,548,571,109.8,114.41,0.4982,0.4221,0.1769,61,4.863,1.739,6.661,60,0.037,0.105,60,0.4989,3.005,,,,0.801,,,0.801,0.0,5.41,6.56,2.004,0.0128,
3684,Switchboard,4.99,146.0,29.259,205.41,512,513,102.61,102.81,0.3965,0.3918,0.2194,74,4.036,1.919,5.015,73,0.003,0.111,73,0.5372,4.81,,,,0.601,,,0.601,0.0,6.413,13.97,1.603,0.0065,
3685,Switchboard,4.968,109.0,21.94,177.13,613,267,123.39,53.74,0.4307,0.4307,0.1867,47,6.021,2.666,7.962,46,0.321,0.396,46,0.6891,4.227,,,,0.403,,,0.403,0.0,2.617,4.28,3.019,0.0144,
3686,Switchboard,4.954,76.0,15.342,170.38,609,235,122.94,47.44,0.4023,0.5277,0.2834,31,9.229,4.017,14.29,30,0.359,0.328,30,0.6821,4.845,,,,0.202,,,0.202,0.0,1.211,1.57,0.202,0.0178,2.624
3687,Switchboard,4.977,135.0,27.124,264.01,837,477,168.17,95.84,0.3321,0.4465,0.1397,81,3.678,2.581,3.279,80,0.009,0.122,80,0.6244,2.21,,,,0.603,,,0.603,0.0,5.626,8.01,1.607,0.0048,
3688,Switchboard,4.991,126.0,25.246,188.74,535,407,107.19,81.55,0.4579,0.3857,0.2267,75,3.831,1.266,5.546,74,0.164,0.283,74,0.5902,5.009,,,,0.801,,,0.801,0.0,3.607,7.11,0.401,0.0046,4.608
3689,Switchboard,4.991,79.0,15.829,234.22,479,690,95.97,138.25,0.405,0.3029,0.2039,40,7.29,2.49,9.758,39,0.172,0.395,39,0.425,3.005,,,,0.601,,,0.601,0.0,2.204,2.78,1.803,0.0108,
3690,Switchboard,4.977,112.0,22.503,181.03,591,310,118.74,62.29,0.357,0.4774,0.241,48,5.84,1.622,10.183,47,0.388,0.289,47,0.6282,6.429,,,,0.201,,,0.201,0.0,1.808,2.58,1.005,0.0333,
3691,Switchboard,4.977,106.0,21.298,231.06,647,503,130.0,101.06,0.4158,0.4115,0.1025,44,7.053,3.043,9.838,43,-0.278,-0.032,43,0.5389,3.014,,,,1.406,,,1.406,0.0,5.827,13.06,2.009,0.0092,1.406
3692,Switchboard,4.977,48.0,9.644,198.31,319,668,64.09,134.21,0.5078,0.3293,0.2223,14,21.666,7.884,31.923,13,-0.364,0.067,13,0.3732,3.215,,,,0.603,,,0.603,0.0,1.406,2.18,0.402,0.0149,0.402
3693,Switchboard,4.976,102.0,20.498,216.64,492,586,98.87,117.76,0.372,0.3771,0.1557,49,6.151,1.882,8.223,48,-0.061,0.049,48,0.4561,3.818,,,,1.407,,,1.407,0.0,5.024,9.13,1.206,0.001,0.402
3694,Switchboard,4.979,153.0,30.731,198.85,473,517,95.0,103.84,0.4038,0.3482,0.148,67,4.637,2.332,6.147,66,-0.185,-0.133,66,0.4824,4.218,,,,2.812,,,2.611,0.201,8.436,17.98,2.209,0.0479,2.009
3695,Switchboard,4.995,110.0,22.021,194.19,356,614,71.27,122.92,0.4213,0.4593,0.2168,52,5.604,2.986,6.369,51,0.158,0.208,51,0.3298,6.006,,,,0.4,,,0.4,0.0,3.203,4.27,0.801,0.0059,
3696,Switchboard,4.966,75.0,15.101,179.0,477,412,96.04,82.96,0.3983,0.4199,0.2445,38,7.678,2.749,10.29,37,0.13,0.08,37,0.5431,2.416,,,,0.805,,,0.805,0.0,3.222,6.62,0.805,0.0047,0.604
3697,Switchboard,3.807,91.0,23.9,163.36,354,268,92.97,70.39,0.4689,0.4851,0.1155,32,7.094,3.652,8.885,31,-0.05,0.066,31,0.614,4.99,,,,1.051,,,0.788,0.263,4.202,4.11,2.626,0.0344,1.576
3698,Switchboard,4.976,65.0,13.063,193.93,533,432,107.11,86.82,0.3752,0.4491,0.1972,28,10.319,3.948,13.727,27,0.331,0.317,27,0.5565,4.019,,,,0.0,,,0.0,0.0,1.005,1.83,0.402,0.0112,
3699,Switchboard,4.988,116.0,23.254,211.7,548,508,109.86,101.84,0.354,0.4035,0.228,56,5.328,1.308,8.756,55,-0.009,0.077,55,0.5398,4.611,,,,0.601,,,0.601,0.0,5.212,5.25,1.403,0.0033,1.804
3700,Switchboard,5.0,73.0,14.6,164.4,189,633,37.8,126.6,0.4974,0.3618,0.2381,32,9.088,2.476,11.858,31,0.285,0.296,31,0.2186,5.0,,,,0.0,,,0.0,0.0,1.8,2.23,0.6,0.0034,
3701,Switchboard,4.978,113.0,22.699,213.53,578,485,116.11,97.43,0.3754,0.4433,0.1396,53,5.55,3.343,5.852,52,0.059,0.076,52,0.5078,3.013,,,,1.004,,,1.004,0.0,3.817,7.9,3.616,0.0073,
3702,Switchboard,4.984,65.0,13.042,180.98,451,451,90.49,90.49,0.4102,0.4302,0.1479,22,13.689,2.219,22.575,21,-0.111,-0.087,21,0.4407,5.819,,,,0.401,,,0.401,0.0,2.408,5.12,0.0,0.0009,
3703,Switchboard,4.986,147.0,29.482,199.35,413,581,82.83,116.52,0.4165,0.3597,0.1146,66,4.686,2.251,6.473,65,-0.157,-0.122,65,0.4879,4.813,,,,1.805,,,1.805,0.0,8.223,17.03,2.206,0.0072,3.61
3704,Switchboard,4.988,78.0,15.637,190.25,648,301,129.9,60.34,0.3704,0.5116,0.1884,33,8.826,3.419,17.436,32,0.213,0.199,32,0.6427,4.21,,,,0.2,,,0.2,0.0,1.403,2.11,1.804,0.0065,
3705,Switchboard,4.963,145.0,29.218,241.0,552,644,111.23,129.77,0.4058,0.337,0.1203,68,4.832,2.872,4.96,67,-0.461,-0.222,67,0.4075,3.627,,,,3.426,,,3.023,0.403,9.471,22.12,1.411,0.0072,
3706,Switchboard,4.989,123.0,24.655,213.68,461,605,92.41,121.27,0.4512,0.357,0.1974,56,5.347,2.305,6.883,55,-0.021,0.094,55,0.4608,4.811,,,,1.604,,,1.203,0.401,5.613,9.13,1.604,0.018,
3707,Switchboard,4.986,88.0,17.649,190.33,431,518,86.44,103.89,0.406,0.4286,0.2228,48,6.069,2.506,6.838,47,0.163,0.21,47,0.4599,3.61,,,,0.802,,,0.802,0.0,3.209,8.45,0.602,0.0035,1.805
3708,Switchboard,4.992,100.0,20.032,187.3,402,533,80.53,106.77,0.4627,0.4109,0.2561,57,4.897,2.285,5.744,56,0.344,0.41,56,0.4508,2.003,,,,0.601,,,0.601,0.0,2.804,6.48,3.205,0.0077,
3709,Switchboard,4.99,92.0,18.437,191.39,456,499,91.38,100.0,0.3487,0.3848,0.2361,39,7.321,3.738,8.013,38,0.362,0.239,38,0.4715,7.816,,,,0.2,,,0.2,0.0,1.002,1.56,0.601,0.004,2.204
3710,Switchboard,4.976,135.0,27.13,176.65,497,382,99.88,76.77,0.4487,0.4319,0.2663,78,3.697,1.512,5.373,77,0.129,0.297,77,0.5476,3.215,,,,0.603,,,0.603,0.0,5.627,9.19,1.005,0.0145,
3711,Switchboard,4.976,79.0,15.876,196.74,496,483,99.68,97.07,0.3992,0.4224,0.1398,21,14.261,2.39,29.666,20,-0.05,0.045,20,0.4973,6.029,,,,0.201,,,0.201,0.0,2.01,4.28,1.407,0.0175,1.407
3712,Switchboard,4.783,90.0,18.817,188.38,400,501,83.63,104.75,0.41,0.3792,0.1842,40,7.232,2.58,10.184,39,-0.133,0.048,39,0.4646,3.763,,,,1.045,,,1.045,0.0,4.182,8.25,0.418,0.0154,
3713,Switchboard,4.989,82.0,16.437,199.04,364,629,72.96,126.08,0.4533,0.3434,0.1546,34,8.547,2.365,11.455,33,0.263,0.007,33,0.3643,3.608,,,,0.401,,,0.401,0.0,3.207,4.37,2.004,0.0135,
3714,Switchboard,4.992,65.0,13.021,187.3,487,448,97.56,89.74,0.3532,0.4598,0.1963,32,9.309,5.26,9.88,31,0.05,0.139,31,0.4994,3.005,,,,0.601,,,0.601,0.0,1.603,2.82,0.801,0.0041,
3715,Switchboard,4.988,104.0,20.849,201.47,471,534,94.42,107.05,0.3567,0.3521,0.2006,47,6.386,2.38,10.705,46,-0.021,0.081,46,0.4777,3.608,,,,1.002,,,0.802,0.2,3.809,8.61,2.606,0.0073,
3716,Switchboard,4.992,152.0,30.449,212.94,504,559,100.96,111.98,0.375,0.3667,0.1242,62,5.004,2.186,6.776,61,-0.176,-0.114,61,0.4791,5.809,,,,2.804,,,2.404,0.401,8.013,18.38,1.803,0.016,1.402
3717,Switchboard,4.995,110.0,22.021,220.21,654,446,130.92,89.29,0.3349,0.417,0.1798,52,5.731,1.961,7.678,51,0.027,0.025,51,0.5197,5.205,,,,0.601,,,0.601,0.0,4.805,6.03,0.601,0.007,
3718,Switchboard,4.992,121.0,24.239,196.11,647,332,129.61,66.51,0.357,0.4699,0.1398,55,5.384,1.833,5.736,54,0.063,0.111,54,0.6711,4.808,,,,0.401,,,0.401,0.0,4.808,7.29,1.402,0.0223,
3719,Switchboard,4.963,80.0,16.12,153.55,571,191,115.06,38.49,0.4168,0.6283,0.3037,33,8.186,2.39,11.63,32,0.849,0.494,32,0.7447,3.829,,,,0.403,,,0.403,0.0,1.814,2.93,0.806,0.0204,
3720,Switchboard,4.992,79.0,15.825,210.74,158,894,31.65,179.09,0.4684,0.3199,0.1528,26,11.649,3.59,16.192,25,-0.153,-0.067,25,0.1729,6.41,,,,0.401,,,0.401,0.0,3.205,5.86,0.401,0.0028,1.202
3721,Switchboard,4.986,150.0,30.083,211.38,796,258,159.64,51.74,0.3417,0.4922,0.1339,79,3.69,1.604,5.035,78,0.097,0.129,78,0.6875,4.613,,,,1.203,,,1.203,0.0,5.816,8.77,3.209,0.0059,
3722,Switchboard,4.992,139.0,27.844,237.18,425,759,85.14,152.04,0.4541,0.3017,0.1258,59,5.066,2.281,5.428,58,0.01,0.114,58,0.4064,5.809,,,,0.601,,,0.601,0.0,5.008,6.2,4.808,0.0013,
3723,Switchboard,4.979,92.0,18.477,204.65,555,464,111.46,93.19,0.3532,0.4375,0.1241,31,9.724,2.091,14.314,30,-0.107,-0.103,30,0.5406,7.029,,,,1.004,,,1.004,0.0,3.615,7.7,1.406,0.0,0.0
3724,Switchboard,4.982,87.0,17.461,215.56,511,563,102.56,113.0,0.4658,0.3606,0.1692,44,6.974,4.602,7.36,43,-0.185,0.067,43,0.4915,2.81,,,,1.204,,,1.204,0.0,4.616,11.54,0.401,0.0027,
3725,Switchboard,4.976,93.0,18.69,203.98,538,477,108.12,95.86,0.4442,0.3878,0.2496,47,6.12,3.17,6.832,46,0.203,0.315,46,0.5748,4.622,,,,0.804,,,0.804,0.0,2.613,7.06,1.206,0.0071,3.818
3726,Switchboard,4.986,45.0,9.025,179.5,392,503,78.62,100.88,0.4668,0.4394,0.1935,18,16.196,11.603,13.347,17,0.439,0.589,17,0.4188,3.008,,,,0.0,,,0.0,0.0,0.602,1.59,1.404,0.0035,
3727,Switchboard,4.976,151.0,30.345,202.77,580,429,116.56,86.21,0.381,0.4172,0.145,71,4.32,1.996,5.5,70,-0.142,-0.097,70,0.5701,2.412,,,,1.608,,,1.608,0.0,8.44,13.69,4.22,0.0073,3.215
3728,Switchboard,5.003,123.0,24.587,197.29,422,565,84.35,112.94,0.3981,0.3009,0.1853,48,6.182,2.834,7.878,47,0.049,0.069,47,0.4208,5.597,,,,0.6,,,0.6,0.0,4.198,7.21,3.798,0.0098,0.999
3729,Switchboard,4.975,83.0,16.682,212.24,428,628,86.02,126.22,0.4252,0.4045,0.1399,44,6.746,3.476,8.124,43,0.039,0.202,43,0.3862,3.015,,,,0.603,,,0.603,0.0,2.814,5.03,1.005,0.0095,
3730,Switchboard,4.01,126.0,31.424,282.57,459,674,114.47,168.1,0.3943,0.3279,0.1352,49,5.088,2.04,7.372,48,-0.222,-0.005,48,0.4064,9.228,,,,2.245,,,1.746,0.499,6.983,10.65,1.995,0.0076,
3731,Switchboard,4.999,65.0,13.003,202.64,519,494,103.82,98.82,0.368,0.3907,0.2923,26,10.944,6.658,11.609,25,0.587,0.379,25,0.5409,6.001,,,,0.0,,,0.0,0.0,0.6,1.07,0.2,0.0097,
3732,Switchboard,4.995,80.0,16.015,167.96,535,304,107.1,60.86,0.3607,0.5099,0.2829,37,7.779,2.876,10.31,36,0.293,0.204,36,0.6187,5.005,,,,0.4,,,0.4,0.0,2.002,3.04,0.601,0.013,
3733,Switchboard,4.981,96.0,19.274,164.03,302,515,60.63,103.4,0.5033,0.4078,0.1572,47,6.414,2.089,12.135,46,-0.061,0.041,46,0.3162,4.216,,,,0.803,,,0.803,0.0,4.417,9.16,0.602,0.0048,
3734,Switchboard,4.985,143.0,28.689,196.61,686,294,137.62,58.98,0.3192,0.432,0.1655,58,5.191,2.226,7.372,57,-0.043,0.095,57,0.6487,6.42,,,,1.204,,,1.204,0.0,4.815,9.29,5.015,0.0078,1.003
3735,Switchboard,4.977,184.0,36.969,212.17,542,514,108.9,103.27,0.369,0.3638,0.1293,97,3.135,1.429,4.217,96,-0.082,-0.002,96,0.516,3.617,,,,1.206,,,1.206,0.0,10.046,12.97,1.607,0.0282,3.416
3736,Switchboard,4.976,94.0,18.891,219.85,121,973,24.32,195.54,0.5455,0.3279,0.1053,33,9.239,3.151,15.124,32,-0.199,-0.075,32,0.1562,4.823,,,,1.005,,,1.005,0.0,4.019,7.09,2.01,0.0089,0.804
3737,Switchboard,4.992,78.0,15.625,206.73,404,628,80.93,125.8,0.3762,0.371,0.1829,34,8.64,3.917,9.852,33,0.172,0.189,33,0.4366,4.607,,,,0.601,,,0.601,0.0,1.803,3.11,1.803,0.0032,
3738,Switchboard,4.97,56.0,11.268,190.36,559,387,112.48,77.87,0.3971,0.4186,0.1193,21,14.036,2.381,23.508,20,0.118,0.101,20,0.6654,2.012,,,,0.0,,,0.0,0.0,1.409,0.67,1.207,0.0229,1.006
3739,Switchboard,4.972,53.0,10.66,182.63,385,523,77.44,105.19,0.4857,0.4551,0.1807,26,11.187,8.523,11.252,25,0.28,0.274,25,0.4177,2.414,,,,0.201,,,0.201,0.0,1.006,2.0,0.201,0.014,
3740,Switchboard,4.976,135.0,27.13,218.05,366,719,73.55,144.49,0.4781,0.3074,0.0896,57,5.484,3.218,6.575,56,-0.252,-0.055,56,0.3613,2.01,,,,1.608,,,1.206,0.402,7.838,11.74,3.818,0.0109,
3741,Switchboard,4.968,117.0,23.551,221.62,758,343,152.58,69.04,0.3166,0.4227,0.2042,39,7.554,2.228,14.232,38,0.075,0.105,38,0.6034,7.045,,,,0.604,,,0.403,0.201,3.221,6.99,3.623,0.0158,
3742,Switchboard,4.97,103.0,20.726,241.27,903,296,181.7,59.56,0.3101,0.4696,0.1444,46,6.284,2.219,10.626,45,0.202,0.183,45,0.6526,6.037,,,,0.604,,,0.604,0.0,2.213,2.58,2.616,0.0019,
3743,Switchboard,4.948,97.0,19.605,193.02,283,672,57.2,135.82,0.424,0.3408,0.1953,31,9.461,1.84,15.672,30,0.104,0.09,30,0.3198,8.084,,,,0.202,,,0.202,0.0,2.627,5.03,1.415,0.004,1.011
3744,Switchboard,4.976,51.0,10.249,176.45,406,472,81.59,94.85,0.4754,0.428,0.192,25,11.812,6.096,13.312,24,0.091,0.147,24,0.4699,1.206,,,,0.402,,,0.402,0.0,2.412,5.21,0.0,0.0114,
3745,Switchboard,4.995,58.0,11.611,192.78,595,368,119.11,73.67,0.3681,0.4484,0.1867,22,13.579,3.042,22.264,21,0.044,0.13,21,0.6031,3.003,,,,0.801,,,0.801,0.0,1.802,2.79,1.201,0.0072,1.001
3746,Switchboard,4.977,101.0,20.293,206.35,468,559,94.03,112.31,0.4103,0.3846,0.1421,48,6.061,3.472,6.193,47,0.132,0.182,47,0.417,3.215,,,,0.603,,,0.603,0.0,2.411,5.36,3.215,0.0087,1.607
3747,Switchboard,4.964,120.0,24.173,149.67,293,450,59.02,90.65,0.4573,0.4311,0.3026,50,5.498,2.712,7.487,49,0.456,0.203,49,0.4053,6.043,,,,0.201,,,0.201,0.0,2.417,2.11,0.604,0.039,3.626
3748,Switchboard,4.976,65.0,13.063,202.37,611,396,122.79,79.58,0.3879,0.4116,0.1411,27,10.917,8.52,9.777,26,0.129,0.07,26,0.5675,3.818,,,,0.804,,,0.804,0.0,2.01,4.2,1.206,0.0048,
3749,Switchboard,4.982,112.0,22.481,212.77,731,329,146.73,66.04,0.368,0.4407,0.1729,45,6.617,2.257,10.827,44,0.025,0.065,44,0.6486,6.423,,,,0.602,,,0.602,0.0,3.212,4.89,1.004,0.0214,
3750,Switchboard,4.988,92.0,18.443,195.86,181,796,36.28,159.57,0.5138,0.353,0.1562,22,13.761,1.877,21.014,21,-0.166,-0.165,21,0.2422,7.818,,,,0.401,,,0.401,0.0,2.807,5.46,3.208,0.0004,0.601
3751,Switchboard,4.959,180.0,36.298,219.2,544,543,109.7,109.5,0.3548,0.418,0.2031,91,3.192,1.66,3.854,90,0.078,0.123,90,0.5194,4.638,,,,1.008,,,1.008,0.0,7.461,10.8,4.436,0.0031,4.638
3752,Switchboard,4.972,72.0,14.482,185.85,441,483,88.7,97.15,0.4104,0.4306,0.2042,31,9.573,2.725,14.8,30,0.051,0.158,30,0.4913,3.218,,,,0.805,,,0.805,0.0,2.615,3.45,0.0,0.0135,
3753,Switchboard,4.973,109.0,21.917,222.38,470,636,94.5,127.88,0.4617,0.3428,0.2008,49,5.955,1.835,7.027,48,0.137,0.184,48,0.48,7.239,,,,1.206,,,1.206,0.0,3.418,6.64,0.201,0.0079,
3754,Switchboard,4.976,162.0,32.556,211.21,494,557,99.28,111.94,0.3421,0.3609,0.1228,72,4.326,2.315,6.071,71,-0.189,-0.006,71,0.4501,4.823,,,,1.608,,,1.407,0.201,8.039,14.92,2.613,0.0247,2.01
3755,Switchboard,4.973,142.0,28.552,193.43,664,298,133.51,59.92,0.4518,0.4799,0.1603,71,4.136,2.066,4.308,70,0.056,0.196,70,0.6804,3.82,,,,1.206,,,1.206,0.0,4.625,8.45,2.011,0.0448,
3756,Switchboard,4.976,152.0,30.546,208.2,406,630,81.59,126.61,0.3571,0.4048,0.148,69,4.406,1.9,7.022,68,-0.081,0.081,68,0.4151,5.828,,,,1.407,,,1.407,0.0,6.029,13.38,1.608,0.0282,1.809
3757,Switchboard,4.972,77.0,15.486,182.21,319,587,64.16,118.05,0.3981,0.356,0.2027,26,11.561,6.066,12.971,25,-0.114,0.038,25,0.3597,5.43,,,,0.603,,,0.603,0.0,2.413,5.78,0.201,0.0195,
3758,Switchboard,4.986,58.0,11.632,179.7,286,610,57.36,122.34,0.472,0.3787,0.1328,6,49.446,40.4,48.998,5,0.495,1.014,5,0.3194,4.613,,,,0.0,,,0.0,0.0,0.201,0.4,0.401,0.0478,
3759,Switchboard,4.972,94.0,18.907,218.84,530,558,106.6,112.23,0.4264,0.4068,0.2111,40,6.926,2.2,8.463,39,0.536,0.187,39,0.4996,3.62,,,,0.603,,,0.603,0.0,2.414,3.62,0.603,0.0452,
3760,Switchboard,4.977,139.0,27.928,199.92,508,487,102.07,97.85,0.3602,0.3881,0.1645,65,4.511,1.905,5.676,64,0.084,0.099,64,0.5393,4.822,,,,1.206,,,1.206,0.0,5.827,11.19,2.009,0.0135,2.21
3761,Switchboard,4.959,152.0,30.652,189.56,507,433,102.24,87.32,0.4142,0.3672,0.1349,63,4.83,3.237,4.473,62,-0.116,-0.076,62,0.4783,2.42,,,,2.017,,,2.017,0.0,7.058,14.68,3.226,0.0413,
3762,Switchboard,4.97,73.0,14.689,196.59,450,527,90.55,106.04,0.42,0.4421,0.1448,27,10.769,5.145,13.346,26,0.273,0.239,26,0.4433,4.628,,,,0.0,,,0.0,0.0,1.409,1.19,1.61,0.0128,
3763,Switchboard,4.977,91.0,18.284,159.73,283,512,56.86,102.87,0.5124,0.375,0.1866,43,7.221,5.144,7.75,42,-0.295,0.039,42,0.4249,1.808,,,,1.206,,,1.206,0.0,5.023,10.1,1.206,0.0163,1.808
3764,Switchboard,4.992,108.0,21.634,204.13,637,382,127.6,76.52,0.3909,0.3822,0.1822,34,8.496,2.536,10.593,33,0.256,0.182,33,0.6006,5.809,,,,0.801,,,0.801,0.0,2.003,2.98,1.402,0.0474,1.402
3765,Switchboard,4.976,64.0,12.862,197.14,600,381,120.58,76.57,0.3567,0.5171,0.1768,34,8.775,4.371,9.747,33,-0.019,0.041,33,0.6368,1.005,,,,0.804,,,0.804,0.0,3.215,5.05,1.005,0.0111,
3766,Switchboard,4.97,102.0,20.525,170.23,340,506,68.42,101.82,0.4824,0.4229,0.1185,43,6.953,5.035,6.035,42,-0.022,-0.117,42,0.501,2.817,,,,0.604,,,0.402,0.201,5.031,8.29,1.006,0.0277,
3767,Switchboard,4.976,97.0,19.493,208.6,660,378,132.64,75.96,0.3682,0.4471,0.1359,42,7.193,4.289,7.481,41,-0.098,0.065,41,0.631,4.421,,,,0.402,,,0.402,0.0,3.617,6.44,2.412,0.0022,
3768,Switchboard,4.953,143.0,28.871,195.84,543,427,109.63,86.21,0.3665,0.3911,0.1402,54,5.568,2.159,6.784,53,-0.066,0.101,53,0.5296,8.278,,,,1.009,,,1.009,0.0,4.644,8.68,2.625,0.0225,1.615
3769,Switchboard,4.985,128.0,25.679,200.62,504,496,101.11,99.51,0.375,0.4194,0.1285,48,6.488,2.715,7.676,47,-0.265,-0.051,47,0.4826,7.222,,,,1.806,,,1.404,0.401,6.019,15.41,2.006,0.0057,2.207
3770,Switchboard,4.982,68.0,13.648,168.99,396,446,79.48,89.51,0.4141,0.3969,0.2409,22,13.372,7.985,17.213,21,0.222,-0.021,21,0.4463,4.817,,,,0.201,,,0.201,0.0,2.208,2.48,0.602,0.0128,0.401
3771,Switchboard,4.994,99.0,19.825,175.62,570,307,114.15,61.48,0.4228,0.4691,0.1298,43,7.208,2.141,11.6,42,-0.249,-0.137,42,0.5913,2.403,,,,1.602,,,1.602,0.0,6.809,10.65,0.0,0.01,
3772,Switchboard,4.979,129.0,25.908,220.72,632,467,126.93,93.79,0.3655,0.439,0.1552,52,5.794,1.732,9.715,51,-0.069,-0.139,51,0.4984,7.833,,,,1.004,,,1.004,0.0,6.025,11.59,0.0,0.0076,
3773,Switchboard,4.974,104.0,20.907,209.67,450,593,90.46,119.21,0.5067,0.3777,0.1944,48,6.271,3.163,6.183,47,-0.056,0.13,47,0.444,3.417,,,,1.005,,,0.804,0.201,3.619,7.14,2.412,0.0201,2.814
3774,Switchboard,4.993,152.0,30.445,188.48,623,318,124.79,63.69,0.382,0.4434,0.1216,49,6.08,1.459,9.326,48,0.033,0.022,48,0.6019,6.209,,,,0.801,,,0.801,0.0,4.607,6.72,3.405,0.0551,0.801
3775,Switchboard,4.977,86.0,17.279,179.22,464,428,93.23,85.99,0.4138,0.5,0.205,37,7.934,2.358,9.829,36,0.103,0.139,36,0.5386,3.817,,,,0.402,,,0.402,0.0,2.813,4.35,1.206,0.0124,
3776,Switchboard,4.976,51.0,10.249,170.01,602,244,120.98,49.04,0.4369,0.4426,0.2023,26,11.464,1.902,27.597,25,-0.013,0.096,25,0.7532,2.613,,,,0.402,,,0.402,0.0,1.608,2.35,0.201,0.0027,1.608
3777,Switchboard,4.992,136.0,27.243,190.3,576,374,115.38,74.92,0.4062,0.484,0.176,61,4.864,3.29,5.726,60,0.043,0.164,60,0.553,5.208,,,,1.803,,,1.803,0.0,4.207,11.36,3.806,0.014,1.402
3778,Switchboard,4.98,157.0,31.528,197.4,314,669,63.06,134.34,0.4809,0.3931,0.0588,47,7.04,2.883,10.258,46,-0.7,-0.359,46,0.3105,7.631,,,,2.41,,,2.209,0.201,8.434,23.98,3.615,0.0159,
3779,Switchboard,4.979,109.0,21.893,179.97,291,605,58.45,121.52,0.4674,0.3736,0.237,62,4.578,2.354,6.401,61,0.228,0.209,61,0.3319,2.611,,,,0.603,,,0.603,0.0,4.419,9.38,1.205,0.0177,
3780,Switchboard,4.976,75.0,15.072,192.52,463,495,93.05,99.48,0.4363,0.4222,0.1383,28,10.443,4.909,15.023,27,0.223,0.167,27,0.5262,2.01,,,,1.206,,,1.206,0.0,2.01,5.45,4.622,0.0065,
3781,Switchboard,4.772,104.0,21.792,202.84,447,521,93.67,109.17,0.4094,0.4107,0.1862,41,7.0,2.671,10.469,40,-0.075,-0.079,40,0.4723,6.077,,,,0.629,,,0.629,0.0,5.029,9.9,0.838,0.0097,1.257
3782,Switchboard,4.992,127.0,25.441,227.96,802,336,160.66,67.31,0.3217,0.4464,0.1502,55,5.567,2.273,6.97,54,-0.127,0.026,54,0.6182,6.21,,,,1.603,,,1.603,0.0,5.008,10.05,1.603,0.0071,
3783,Switchboard,4.968,179.0,36.03,221.21,608,491,122.38,98.83,0.3783,0.4134,0.1169,64,4.831,3.215,4.829,63,-0.186,-0.027,63,0.5658,6.24,,,,3.019,,,2.617,0.403,8.253,20.27,1.208,0.0638,
3784,Switchboard,4.994,66.0,13.217,158.4,197,594,39.45,118.95,0.4416,0.431,0.2405,18,16.174,4.776,23.627,17,0.463,0.246,17,0.2688,5.407,,,,0.0,,,0.0,0.0,1.001,1.4,0.401,0.0216,0.601
3785,Switchboard,4.985,90.0,18.056,227.3,584,549,117.16,110.14,0.3579,0.3971,0.1624,34,8.871,4.086,9.936,33,-0.079,-0.011,33,0.4506,5.818,,,,1.003,,,1.003,0.0,3.611,7.81,1.003,0.003,
3786,Switchboard,4.974,78.0,15.68,173.29,322,540,64.73,108.56,0.4845,0.3815,0.1555,30,9.933,4.764,11.462,29,0.006,0.139,29,0.3614,2.613,,,,0.804,,,0.603,0.201,3.216,5.52,2.01,0.0105,
3787,Switchboard,4.967,107.0,21.542,204.55,575,441,115.76,88.79,0.3809,0.424,0.1814,42,7.031,2.599,9.01,41,0.042,0.079,41,0.5162,2.215,,,,1.007,,,1.007,0.0,3.825,5.35,2.215,0.0661,
3788,Switchboard,4.982,50.0,10.035,157.15,330,453,66.23,90.92,0.4424,0.4283,0.2481,15,19.674,9.307,24.805,14,0.273,0.335,14,0.4017,4.817,,,,0.201,,,0.201,0.0,0.803,1.41,0.602,0.0142,0.401
3789,Switchboard,4.982,120.0,24.085,233.42,694,469,139.29,94.13,0.3256,0.3625,0.1774,43,6.74,2.871,10.003,42,0.21,0.144,42,0.5074,9.634,,,,0.401,,,0.401,0.0,3.613,4.58,0.803,0.0092,
3790,Switchboard,4.953,160.0,32.303,266.5,716,604,144.56,121.94,0.3659,0.3825,0.124,53,5.885,4.627,5.497,52,-0.283,-0.133,52,0.5107,6.259,,,,2.019,,,1.615,0.404,7.47,14.6,3.23,0.0228,
3791,Switchboard,4.986,132.0,26.473,163.25,600,214,120.33,42.92,0.4017,0.5234,0.2068,47,6.085,2.61,8.587,46,0.279,0.235,46,0.621,6.819,,,,0.602,,,0.602,0.0,3.008,6.28,4.613,0.027,2.006
3792,Switchboard,4.971,166.0,33.396,191.72,339,614,68.2,123.52,0.4543,0.3876,0.1551,56,5.369,2.288,7.746,55,-0.057,0.181,55,0.4257,7.041,,,,2.213,,,2.012,0.201,5.231,10.49,3.42,0.0721,
3793,Switchboard,4.979,127.0,25.506,210.88,470,580,94.39,116.48,0.3957,0.4362,0.1246,60,5.017,2.768,6.044,59,-0.042,0.077,59,0.4681,5.021,,,,1.607,,,1.607,0.0,5.222,11.48,2.008,0.0081,
3794,Switchboard,4.976,117.0,23.513,175.84,444,431,89.23,86.62,0.4032,0.464,0.1511,57,5.205,2.677,5.729,56,0.033,0.178,56,0.4703,4.421,,,,0.804,,,0.804,0.0,4.019,10.07,2.211,0.0075,
3795,Switchboard,4.974,142.0,28.546,205.05,498,522,100.11,104.94,0.4558,0.4559,0.1024,40,7.372,4.959,6.815,39,0.073,0.124,39,0.4829,4.423,,,,1.005,,,1.005,0.0,3.417,7.79,0.0,0.1145,
3796,Switchboard,4.981,114.0,22.888,219.64,598,496,120.06,99.58,0.4064,0.3448,0.071,43,7.33,4.796,6.132,42,-0.397,-0.167,42,0.5206,2.208,,,,1.405,,,1.405,0.0,6.425,13.85,0.402,0.0383,1.606
3797,Switchboard,4.969,71.0,14.288,184.54,304,613,61.18,123.36,0.4507,0.4258,0.1451,18,16.322,8.408,23.485,17,0.254,0.141,17,0.2825,2.616,,,,0.201,,,0.201,0.0,1.409,1.22,0.805,0.0627,1.207
3798,Switchboard,4.979,197.0,39.564,219.11,302,789,60.65,158.46,0.4172,0.294,0.14,68,4.563,1.71,7.993,67,-0.174,-0.137,67,0.3372,7.632,,,,1.808,,,1.406,0.402,8.636,16.75,2.008,0.078,1.004
3799,Switchboard,4.982,101.0,20.271,174.41,434,435,87.11,87.31,0.3871,0.469,0.1937,41,7.137,2.948,8.844,40,0.135,0.187,40,0.4894,7.225,,,,1.204,,,1.204,0.0,3.011,7.85,1.004,0.0051,
3800,Switchboard,4.972,100.0,20.114,232.51,586,570,117.87,114.65,0.3601,0.3632,0.156,38,8.44,5.986,8.354,37,-0.608,-0.026,37,0.4516,5.632,,,,1.609,,,1.207,0.402,4.626,12.75,1.006,0.0069,
3801,Switchboard,4.996,100.0,20.015,171.13,380,475,76.06,95.07,0.4579,0.4632,0.172,54,5.464,3.049,6.601,53,0.067,0.138,53,0.402,3.002,,,,0.4,,,0.4,0.0,4.403,7.86,1.401,0.0021,2.402
3802,Switchboard,4.974,95.0,19.098,227.16,493,637,99.11,128.05,0.4178,0.3878,0.1366,38,7.897,3.435,8.7,37,-0.052,0.034,37,0.4056,2.01,,,,1.005,,,0.804,0.201,4.222,9.23,2.211,0.0305,0.603
3803,Switchboard,4.974,49.0,9.85,203.44,294,718,59.1,144.34,0.5068,0.3273,0.2151,14,20.894,20.83,14.925,13,0.43,0.319,13,0.3404,2.814,,,,0.0,,,0.0,0.0,0.804,0.71,0.201,0.0237,1.407
3804,Switchboard,4.992,131.0,26.242,180.89,499,404,99.96,80.93,0.3747,0.3861,0.1091,53,5.813,2.473,8.346,52,-0.167,-0.049,52,0.4945,3.606,,,,1.402,,,1.202,0.2,6.41,14.79,1.603,0.0268,1.002
3805,Switchboard,4.993,76.0,15.223,205.51,791,235,158.44,47.07,0.354,0.5191,0.1019,39,7.791,2.939,11.185,38,-0.128,0.038,38,0.7325,1.001,,,,1.001,,,1.001,0.0,3.806,8.13,0.401,0.0104,0.801
3806,Switchboard,4.977,87.0,17.48,174.4,317,551,63.69,110.71,0.4984,0.3956,0.3107,36,7.991,3.257,10.021,35,0.311,0.421,35,0.3621,5.224,,,,0.402,,,0.402,0.0,2.21,4.62,1.206,0.0121,
3807,Switchboard,4.979,179.0,35.949,188.38,610,328,122.51,65.87,0.3787,0.4604,0.1068,87,3.661,1.74,4.131,86,-0.231,-0.043,86,0.6379,5.423,,,,1.808,,,1.808,0.0,10.644,25.04,1.205,0.0046,
3808,Switchboard,4.99,74.0,14.83,165.94,397,431,79.56,86.37,0.4685,0.4316,0.2274,44,6.222,4.122,7.249,43,0.576,0.521,43,0.4946,2.806,,,,0.401,,,0.401,0.0,1.804,3.02,1.002,0.002,
3809,Switchboard,4.992,81.0,16.226,194.11,547,422,109.57,84.53,0.4241,0.4455,0.2043,39,7.54,3.794,10.369,38,0.132,0.2,38,0.5271,2.204,,,,0.801,,,0.801,0.0,3.005,4.5,1.402,0.0102,1.002
3810,Switchboard,4.993,97.0,19.429,192.09,530,429,106.16,85.93,0.4226,0.4476,0.1236,35,8.509,3.065,11.056,34,0.04,-0.028,34,0.5694,4.407,,,,0.601,,,0.601,0.0,3.405,4.55,0.401,0.0228,1.602
3811,Switchboard,4.976,87.0,17.484,187.1,349,582,70.14,116.96,0.51,0.4038,0.1865,28,10.668,3.245,15.997,27,-0.008,0.241,27,0.3942,6.833,,,,1.005,,,1.005,0.0,2.01,5.87,0.0,0.0206,1.206
3812,Switchboard,4.994,98.0,19.625,184.03,477,442,95.52,88.51,0.4403,0.3937,0.2178,48,5.906,2.191,7.236,47,0.339,0.236,47,0.543,4.005,,,,0.2,,,0.2,0.0,2.804,4.33,1.802,0.0113,
3813,Switchboard,4.992,81.0,16.226,191.71,350,607,70.11,121.59,0.4371,0.3904,0.1537,32,9.226,3.827,11.667,31,0.123,0.128,31,0.3667,2.404,,,,0.801,,,0.801,0.0,2.404,5.6,1.402,0.033,0.601
3814,Switchboard,4.206,149.0,35.422,212.53,305,589,72.51,140.02,0.4787,0.416,0.1724,71,3.47,1.508,4.44,70,0.061,0.174,70,0.3872,4.279,,,,0.951,,,0.951,0.0,7.132,11.36,1.189,0.0443,
3815,Switchboard,4.988,104.0,20.849,174.21,441,428,88.41,85.8,0.3991,0.3995,0.1559,34,8.586,3.985,10.529,33,0.217,0.229,33,0.4872,3.809,,,,0.401,,,0.401,0.0,2.005,2.75,2.807,0.0362,2.406
3816,Switchboard,4.992,148.0,29.647,244.99,516,707,103.36,141.63,0.3605,0.3197,0.1233,62,4.997,2.177,6.201,61,-0.169,-0.116,61,0.3923,6.611,,,,1.402,,,1.402,0.0,7.011,15.67,1.202,0.0159,
3817,Switchboard,4.992,96.0,19.231,198.12,334,655,66.91,131.21,0.506,0.3939,0.1409,42,7.008,4.224,7.545,41,0.124,0.153,41,0.3926,1.603,,,,0.801,,,0.801,0.0,3.005,8.13,2.404,0.0187,
3818,Switchboard,4.99,135.0,27.055,196.6,448,533,89.78,106.82,0.433,0.4015,0.1334,56,5.261,2.863,7.029,55,0.085,0.047,55,0.4864,5.01,,,,1.002,,,1.002,0.0,5.01,9.97,4.209,0.0166,
3819,Switchboard,4.976,44.0,8.842,181.27,541,361,108.72,72.55,0.3789,0.4321,0.2012,21,14.28,10.845,12.047,20,-0.111,0.123,20,0.6393,1.809,,,,0.603,,,0.603,0.0,1.809,3.3,0.402,0.0083,
3820,Switchboard,4.977,55.0,11.051,186.45,437,491,87.8,98.65,0.3982,0.4236,0.2086,22,13.463,2.815,17.774,21,0.102,0.105,21,0.4936,2.21,,,,0.0,,,0.0,0.0,1.808,2.03,0.0,0.0294,
3821,Switchboard,4.975,103.0,20.701,221.89,551,553,110.74,111.14,0.3521,0.3418,0.1613,38,7.765,3.897,10.742,37,0.075,0.119,37,0.5569,4.824,,,,1.206,,,1.206,0.0,3.216,5.03,2.211,0.0185,0.603
3822,Switchboard,4.974,96.0,19.299,192.99,262,698,52.67,140.32,0.5534,0.3582,0.1747,47,6.263,3.13,8.142,46,0.087,0.125,46,0.3034,3.82,,,,1.005,,,1.005,0.0,3.619,7.27,1.809,0.0079,
3823,Switchboard,4.985,76.0,15.247,202.22,257,751,51.56,150.67,0.5214,0.3782,0.152,34,8.587,3.174,12.005,33,0.196,0.142,33,0.276,3.009,,,,0.401,,,0.401,0.0,1.806,3.81,3.009,0.0028,
3824,Switchboard,4.977,132.0,26.521,244.32,535,681,107.49,136.83,0.3888,0.3436,0.0935,43,7.149,5.085,8.301,42,-0.215,-0.25,42,0.3986,9.041,,,,1.206,,,1.005,0.201,5.626,12.5,0.603,0.0241,
3825,Switchboard,4.973,58.0,11.662,176.14,475,401,95.51,80.63,0.4147,0.4713,0.2381,27,10.706,3.424,14.89,26,0.325,0.412,26,0.561,2.212,,,,0.402,,,0.402,0.0,1.609,3.37,1.005,0.0067,1.407
3826,Switchboard,4.976,104.0,20.9,205.59,275,748,55.26,150.32,0.5091,0.3824,0.1206,54,5.663,2.441,8.876,53,-0.175,-0.066,53,0.261,2.01,,,,1.206,,,1.005,0.201,6.23,11.31,1.206,0.005,
3827,Switchboard,4.985,59.0,11.837,177.75,428,458,85.87,91.88,0.4369,0.4672,0.2068,29,9.889,5.053,12.809,28,0.438,0.333,28,0.5469,2.809,,,,0.602,,,0.602,0.0,1.806,2.66,0.802,0.0075,
3828,Switchboard,4.99,58.0,11.623,195.19,570,404,114.23,80.96,0.4193,0.4579,0.1831,30,9.795,6.264,12.665,29,0.17,0.106,29,0.5228,1.202,,,,0.401,,,0.401,0.0,2.605,4.6,0.802,0.0147,0.2
3829,Switchboard,4.977,80.0,16.074,212.98,314,746,63.09,149.89,0.449,0.382,0.1667,43,6.892,2.156,8.859,42,0.054,0.086,42,0.2922,3.014,,,,0.402,,,0.402,0.0,2.813,5.14,0.603,0.0084,
3830,Switchboard,4.992,139.0,27.844,203.72,471,546,94.35,109.37,0.3376,0.4231,0.1899,65,4.589,1.94,6.824,64,0.018,0.012,64,0.5046,4.407,,,,2.003,,,1.803,0.2,6.41,15.33,0.601,0.0294,1.402
3831,Switchboard,4.976,116.0,23.312,210.41,433,614,87.02,123.39,0.4042,0.3681,0.1567,50,6.233,2.292,12.723,49,-0.283,-0.191,49,0.5091,4.421,,,,2.412,,,2.01,0.402,7.235,19.0,0.201,0.0064,
3832,Switchboard,5.012,142.0,28.333,223.47,611,509,121.91,101.56,0.365,0.3438,0.0726,66,4.544,2.603,4.252,65,0.009,0.046,65,0.5155,6.185,,,,0.399,,,0.399,0.0,5.786,11.57,2.594,0.0034,
3833,Switchboard,4.99,93.0,18.638,177.96,396,492,79.36,98.6,0.3788,0.3984,0.1995,36,8.192,3.12,14.689,35,0.104,0.16,35,0.4453,7.014,,,,1.002,,,1.002,0.0,2.605,3.98,0.802,0.0115,
3834,Switchboard,5.003,73.0,14.592,214.88,229,846,45.78,169.11,0.5459,0.3262,0.1856,34,9.025,2.852,15.514,33,-0.216,-0.026,33,0.2252,2.599,,,,0.999,,,0.999,0.0,3.798,7.77,0.4,0.0064,
3835,Switchboard,4.999,136.0,27.206,206.44,542,490,108.42,98.02,0.3782,0.3918,0.1421,61,5.234,2.596,6.969,60,-0.327,-0.112,60,0.5298,4.001,,,,2.0,,,2.0,0.0,7.402,15.89,2.0,0.0119,
3836,Switchboard,5.002,38.0,7.598,156.75,306,478,61.18,95.57,0.5425,0.4854,0.2189,11,26.682,20.044,23.536,10,0.543,0.501,10,0.351,4.199,,,,0.2,,,0.2,0.0,0.4,1.94,0.0,0.0293,
3837,Switchboard,4.985,94.0,18.858,186.38,519,410,104.12,82.25,0.3796,0.4732,0.1467,45,6.371,2.81,5.688,44,0.245,0.263,44,0.5341,5.015,,,,0.201,,,0.201,0.0,2.608,3.8,1.404,0.0036,
3838,Switchboard,4.972,80.0,16.091,184.44,407,510,81.86,102.58,0.4005,0.4549,0.2204,33,8.889,5.556,8.351,32,0.151,0.423,32,0.4712,3.62,,,,0.603,,,0.402,0.201,2.615,4.37,2.212,0.0046,2.615
3839,Switchboard,4.976,95.0,19.092,196.94,440,540,88.42,108.52,0.4568,0.4815,0.1636,46,6.34,2.58,7.608,45,0.15,0.09,45,0.4649,3.416,,,,0.201,,,0.201,0.0,2.813,3.06,1.407,0.0196,
3840,Switchboard,4.974,55.0,11.057,181.73,324,580,65.13,116.6,0.4784,0.3828,0.1763,18,16.497,3.321,20.81,17,0.061,-0.142,17,0.3631,1.809,,,,0.0,,,0.0,0.0,2.01,2.61,0.201,0.0225,
3841,Switchboard,4.974,40.0,8.041,196.81,507,472,101.92,94.89,0.4339,0.4153,0.201,17,17.31,5.62,23.2,16,0.237,0.187,16,0.4352,1.407,,,,0.0,,,0.0,0.0,1.005,0.66,0.603,0.0076,0.402
3842,Switchboard,4.978,93.0,18.682,192.04,721,235,144.83,47.21,0.4022,0.434,0.2453,35,8.419,3.42,10.983,34,0.113,0.347,34,0.712,5.825,,,,1.205,,,1.004,0.201,2.21,6.23,1.607,0.0259,
3843,Switchboard,4.977,81.0,16.275,244.32,741,475,148.88,95.44,0.3198,0.4168,0.1973,32,9.089,5.015,9.407,31,0.25,0.127,31,0.5749,6.429,,,,0.0,,,0.0,0.0,2.21,4.02,0.201,0.0056,
3844,Switchboard,4.991,81.0,16.229,186.74,633,299,126.83,59.91,0.357,0.4515,0.1444,21,14.51,3.629,19.254,20,-0.263,0.111,20,0.6455,8.415,,,,1.002,,,0.801,0.2,2.204,5.62,1.002,0.0009,
3845,Switchboard,4.992,142.0,28.445,227.36,604,531,120.99,106.37,0.3907,0.3427,0.0869,63,4.972,2.526,5.448,62,-0.229,-0.156,62,0.4983,4.006,,,,1.202,,,1.202,0.0,7.612,17.63,2.804,0.0095,1.202
3846,Switchboard,4.992,153.0,30.649,198.12,497,492,99.56,98.56,0.4326,0.4146,0.1541,79,3.955,2.48,4.534,78,-0.173,-0.013,78,0.5005,3.405,,,,1.803,,,1.803,0.0,8.814,17.63,1.002,0.0151,
3847,Switchboard,4.992,101.0,20.232,195.91,444,534,88.94,106.97,0.3716,0.4026,0.1475,38,7.939,2.599,11.869,37,-0.073,0.136,37,0.4547,6.21,,,,0.801,,,0.801,0.0,3.205,5.97,1.803,0.0085,1.202
3848,Switchboard,4.978,51.0,10.245,176.17,452,425,90.8,85.37,0.4292,0.4282,0.2241,23,12.608,3.704,15.887,22,0.284,0.263,22,0.4698,2.21,,,,0.402,,,0.402,0.0,1.406,2.95,1.205,0.0076,
3849,Switchboard,4.975,64.0,12.863,167.22,556,276,111.75,55.47,0.3813,0.442,0.2442,23,12.489,8.999,15.815,22,0.51,0.399,22,0.6525,5.226,,,,0.201,,,0.201,0.0,1.608,3.42,0.402,0.0051,
3850,Switchboard,4.98,94.0,18.876,154.22,394,374,79.12,75.1,0.4162,0.3904,0.3864,47,5.965,3.656,6.325,46,0.384,0.327,46,0.543,4.217,,,,0.201,,,0.201,0.0,2.41,5.15,2.008,0.0048,3.414
3851,Switchboard,4.976,103.0,20.699,211.82,298,756,59.89,151.93,0.4597,0.2937,0.1586,50,5.93,2.662,7.303,49,0.038,0.16,49,0.2696,5.426,,,,0.603,,,0.603,0.0,4.019,5.96,0.201,0.0065,
3852,Switchboard,4.977,92.0,18.485,227.24,530,601,106.49,120.75,0.4358,0.4043,0.134,43,6.882,2.346,10.334,42,0.063,0.056,42,0.4716,3.416,,,,0.603,,,0.603,0.0,4.018,5.6,1.808,0.0046,2.612
3853,Switchboard,4.973,127.0,25.536,216.96,394,685,79.22,137.73,0.4619,0.308,0.151,62,5.03,2.779,5.574,61,-0.224,0.046,61,0.3769,3.619,,,,2.011,,,2.011,0.0,5.831,17.79,2.413,0.0183,
3854,Switchboard,4.966,77.0,15.504,197.32,664,316,133.7,63.63,0.3554,0.443,0.1826,27,11.056,4.804,15.282,26,-0.021,0.012,26,0.6085,5.235,,,,0.403,,,0.403,0.0,2.819,6.4,0.805,0.0062,
3855,Switchboard,4.987,82.0,16.442,211.54,456,599,91.43,120.11,0.3596,0.3472,0.1699,35,8.298,4.95,9.208,34,0.257,0.099,34,0.4338,5.213,,,,0.201,,,0.201,0.0,2.607,2.86,0.602,0.0074,1.003
3856,Switchboard,4.979,41.0,8.235,158.27,355,433,71.3,86.97,0.3915,0.418,0.2488,16,18.316,10.99,21.312,15,0.308,0.211,15,0.4122,2.209,,,,0.201,,,0.201,0.0,1.004,2.06,0.402,0.007,
3857,Switchboard,4.963,85.0,17.128,196.06,529,444,106.6,89.47,0.4102,0.4595,0.174,42,6.747,3.929,7.158,41,0.35,0.344,41,0.5284,4.433,,,,0.806,,,0.806,0.0,1.411,4.67,2.217,0.0032,
3858,Switchboard,4.95,177.0,35.758,242.83,624,578,126.06,116.77,0.3638,0.3651,0.1565,103,2.756,1.826,3.012,102,0.115,0.177,102,0.5551,2.626,,,,1.212,,,1.212,0.0,6.869,11.11,3.03,0.0143,
3859,Switchboard,4.982,98.0,19.669,234.83,582,588,116.81,118.01,0.3832,0.381,0.1031,39,8.273,5.188,8.303,38,-0.626,-0.122,38,0.5132,5.018,,,,1.606,,,1.405,0.201,6.021,10.19,0.602,0.0046,
3860,Switchboard,4.982,28.0,5.62,156.95,424,358,85.1,71.85,0.3986,0.4581,0.224,9,33.269,18.314,34.598,8,-0.063,0.233,8,0.5108,2.609,,,,0.201,,,0.201,0.0,0.401,0.67,0.201,0.016,
3861,Switchboard,4.986,52.0,10.429,203.36,241,773,48.33,155.03,0.5145,0.3454,0.1753,14,21.306,6.766,40.889,13,-0.099,0.054,13,0.2446,2.808,,,,0.201,,,0.201,0.0,1.003,1.72,1.805,0.0157,
3862,Switchboard,4.988,72.0,14.434,146.54,438,293,87.81,58.74,0.3927,0.4812,0.257,22,12.947,3.417,17.842,21,0.67,0.217,21,0.5345,4.811,,,,0.2,,,0.2,0.0,0.401,1.73,0.401,0.0331,1.002
3863,Switchboard,4.976,108.0,21.704,189.11,541,400,108.72,80.39,0.4288,0.4425,0.1534,46,6.59,3.586,8.414,45,-0.102,0.118,45,0.5508,4.421,,,,1.407,,,1.407,0.0,4.622,10.1,1.407,0.0106,
3864,Switchboard,4.992,64.0,12.82,187.9,466,472,93.35,94.55,0.4742,0.4047,0.2014,28,10.661,8.016,9.103,27,0.037,0.159,27,0.5305,3.405,,,,0.601,,,0.601,0.0,2.204,4.55,0.401,0.0112,
3865,Switchboard,4.993,122.0,24.436,189.28,291,654,58.29,130.99,0.4914,0.367,0.1448,50,5.887,2.77,8.312,49,0.104,0.138,49,0.3145,6.209,,,,1.602,,,1.602,0.0,4.407,12.38,3.605,0.0002,
3866,Switchboard,4.99,72.0,14.429,225.46,339,786,67.94,157.52,0.5074,0.2952,0.2034,34,8.991,5.454,9.817,33,-0.195,-0.027,33,0.3297,2.004,,,,1.403,,,1.403,0.0,3.808,9.45,0.601,0.0094,
3867,Switchboard,4.987,61.0,12.231,187.08,397,536,79.6,107.47,0.4081,0.4328,0.211,31,9.419,3.87,10.596,30,0.236,0.116,30,0.4309,2.206,,,,0.201,,,0.201,0.0,2.005,3.88,1.003,0.0052,
3868,Switchboard,4.982,193.0,38.736,215.56,430,644,86.3,129.25,0.4349,0.3851,0.1517,110,2.704,1.716,2.672,109,0.013,0.152,109,0.4099,3.613,,,,2.609,,,2.609,0.0,7.426,14.42,4.416,0.0086,
3869,Switchboard,4.991,74.0,14.827,201.36,581,424,116.41,84.95,0.401,0.4552,0.1643,32,9.32,3.714,12.019,31,0.027,0.295,31,0.5804,4.408,,,,1.202,,,1.202,0.0,2.204,6.22,0.401,0.0071,
3870,Switchboard,4.975,35.0,7.034,183.5,233,680,46.83,136.67,0.5579,0.3926,0.1603,18,16.477,6.928,21.382,17,0.113,0.246,17,0.2467,1.005,,,,0.402,,,0.402,0.0,1.407,2.64,0.0,0.004,0.603
3871,Switchboard,4.976,62.0,12.46,225.88,369,755,74.16,151.73,0.4038,0.3272,0.1791,25,11.903,7.61,10.904,24,0.02,0.175,24,0.3573,4.421,,,,0.603,,,0.603,0.0,1.809,3.85,0.402,0.0041,
3872,Switchboard,4.992,120.0,24.038,202.92,564,449,112.98,89.94,0.3635,0.412,0.1356,45,6.791,2.86,9.378,44,-0.153,-0.14,44,0.5494,3.005,,,,1.002,,,1.002,0.0,5.409,11.22,1.002,0.049,
3873,Switchboard,4.981,48.0,9.637,190.73,343,607,68.86,121.87,0.4402,0.3526,0.2169,29,10.017,5.456,12.114,28,0.298,0.298,28,0.3325,2.008,,,,0.0,,,0.0,0.0,0.803,0.8,0.803,0.0001,
3874,Switchboard,4.992,80.0,16.026,205.93,540,488,108.17,97.76,0.4111,0.4242,0.1555,31,9.477,5.338,9.837,30,0.191,0.187,30,0.5193,4.006,,,,0.601,,,0.601,0.0,2.604,3.35,1.202,0.0109,
3875,Switchboard,4.997,110.0,22.012,229.32,628,518,125.67,103.65,0.2755,0.3475,0.134,46,6.566,2.576,9.163,45,-0.055,0.108,45,0.596,5.203,,,,0.4,,,0.4,0.0,2.801,6.81,3.002,0.0154,
3876,Switchboard,4.976,82.0,16.479,228.29,816,320,163.99,64.31,0.3395,0.4594,0.1801,42,7.082,4.194,7.789,41,0.021,0.204,41,0.7439,4.22,,,,1.206,,,1.206,0.0,3.215,4.45,0.201,0.001,1.407
3877,Switchboard,4.976,142.0,28.537,224.28,307,809,61.7,162.58,0.5049,0.3832,0.1401,66,4.489,2.398,6.294,65,0.035,0.113,65,0.3013,4.421,,,,1.809,,,1.608,0.201,5.426,11.42,4.019,0.0082,
3878,Switchboard,4.976,113.0,22.709,191.92,372,583,74.76,117.16,0.4194,0.4014,0.1712,61,4.745,2.649,5.799,60,0.15,0.193,60,0.407,5.627,,,,0.804,,,0.804,0.0,2.813,6.39,1.206,0.0063,
3879,Switchboard,4.988,68.0,13.632,189.64,435,511,87.2,102.44,0.4138,0.4481,0.2421,36,8.392,2.484,14.237,35,-0.082,-0.016,35,0.4176,1.604,,,,0.802,,,0.802,0.0,3.608,9.05,0.0,0.005,
3880,Switchboard,4.992,123.0,24.639,208.53,594,447,118.99,89.54,0.3973,0.4116,0.214,65,4.609,2.283,5.606,64,-0.002,0.11,64,0.5592,2.804,,,,1.202,,,1.202,0.0,6.41,11.83,1.202,0.0105,
3881,Switchboard,4.99,45.0,9.018,177.36,403,482,80.76,96.6,0.3896,0.4606,0.204,25,11.737,5.15,11.418,24,0.243,0.458,24,0.4227,1.804,,,,0.601,,,0.601,0.0,1.603,2.59,0.2,0.0022,
3882,Switchboard,4.999,102.0,20.404,200.64,471,532,94.22,106.42,0.3864,0.3722,0.13,45,7.037,3.375,8.447,44,-0.399,-0.076,44,0.478,3.801,,,,2.601,,,2.4,0.2,5.601,11.53,0.6,0.0134,
3883,Switchboard,5.001,99.0,19.796,185.96,336,594,67.19,118.77,0.4345,0.3805,0.188,48,6.212,3.15,8.98,47,0.037,0.134,47,0.362,2.799,,,,0.8,,,0.8,0.0,3.799,6.27,2.2,0.008,1.6
3884,Switchboard,4.991,67.0,13.424,190.74,563,389,112.8,77.94,0.325,0.4447,0.1116,30,9.906,5.323,10.143,29,0.044,0.039,29,0.5807,2.204,,,,0.401,,,0.401,0.0,2.204,3.27,0.0,0.0235,
3885,Switchboard,4.975,118.0,23.716,214.25,571,495,114.76,99.49,0.4238,0.4242,0.1986,62,4.772,2.197,6.277,61,0.043,0.066,61,0.5676,2.412,,,,1.608,,,1.608,0.0,5.427,12.41,2.211,0.0188,
3886,Switchboard,4.976,87.0,17.484,214.43,362,705,72.75,141.68,0.4006,0.3631,0.1247,41,7.421,2.766,9.365,40,-0.145,0.061,40,0.3732,3.617,,,,0.603,,,0.603,0.0,4.019,8.2,0.804,0.0019,
3887,Switchboard,4.963,66.0,13.299,188.0,394,539,79.39,108.61,0.4416,0.4212,0.2036,30,9.701,3.518,14.706,29,0.209,0.27,29,0.3986,3.224,,,,0.806,,,0.806,0.0,2.418,4.03,0.0,0.0049,0.202
3888,Switchboard,4.959,140.0,28.232,207.3,385,643,77.64,129.66,0.4052,0.3733,0.1058,56,6.203,3.931,7.619,55,-0.914,-0.322,55,0.4171,4.638,,,,5.243,,,3.831,1.412,10.284,29.43,0.403,0.0066,
3889,Switchboard,4.976,52.0,10.45,181.27,317,585,63.71,117.56,0.4763,0.3761,0.2241,19,15.546,2.67,21.403,18,0.151,0.281,18,0.3612,4.019,,,,0.402,,,0.402,0.0,1.005,2.45,0.603,0.0059,
3890,Switchboard,4.977,100.0,20.092,208.35,466,571,93.63,114.73,0.4034,0.3468,0.1567,41,7.51,2.666,10.22,40,-0.25,0.009,40,0.5052,5.023,,,,1.607,,,1.607,0.0,4.621,10.99,0.201,0.0173,
3891,Switchboard,4.992,88.0,17.628,205.13,454,570,90.94,114.18,0.3987,0.4316,0.1672,37,7.927,2.837,9.043,36,0.171,0.247,36,0.4496,5.208,,,,0.401,,,0.401,0.0,1.803,3.09,1.402,0.0175,
3892,Switchboard,4.997,82.0,16.409,184.5,547,375,109.46,75.04,0.3949,0.392,0.1973,23,13.086,5.279,15.835,22,-0.068,0.156,22,0.5709,7.204,,,,0.6,,,0.6,0.0,2.001,4.2,1.801,0.0049,
3893,Switchboard,4.965,126.0,25.376,230.6,492,653,99.09,131.51,0.4309,0.3492,0.1262,54,5.567,2.245,8.481,53,-0.052,0.008,53,0.4529,4.431,,,,1.41,,,1.41,0.0,6.042,9.49,3.021,0.0078,
3894,Switchboard,4.979,83.0,16.669,209.87,346,699,69.49,140.38,0.4624,0.3891,0.1595,37,8.224,4.152,8.611,36,-0.157,-0.052,36,0.3485,2.008,,,,1.406,,,1.406,0.0,4.619,7.9,0.201,0.0183,
3895,Switchboard,4.985,89.0,17.855,195.0,569,403,114.15,80.85,0.3691,0.4789,0.1426,38,7.916,3.682,9.01,37,-0.064,-0.011,37,0.5804,3.411,,,,0.401,,,0.401,0.0,4.012,6.86,1.404,0.007,
3896,Switchboard,4.979,75.0,15.064,186.39,389,539,78.13,108.26,0.4293,0.3748,0.2243,30,9.584,7.645,8.85,29,0.34,0.267,29,0.4227,4.017,,,,1.004,,,0.803,0.201,2.41,4.76,1.406,0.0069,
3897,Switchboard,4.981,110.0,22.085,209.8,488,557,97.98,111.83,0.375,0.377,0.1236,37,8.273,2.679,15.274,36,-0.202,-0.014,36,0.4491,5.622,,,,1.807,,,1.606,0.201,5.421,10.14,0.201,0.0282,
3898,Switchboard,4.974,109.0,21.912,200.63,453,545,91.07,109.56,0.415,0.3798,0.2064,63,4.577,1.612,6.307,62,0.162,0.151,62,0.4671,2.814,,,,0.402,,,0.402,0.0,4.021,4.82,1.005,0.0122,3.82
3899,Switchboard,4.99,131.0,26.253,205.62,389,637,77.96,127.66,0.3959,0.3485,0.1256,59,5.294,2.88,5.669,58,-0.227,-0.027,58,0.372,2.806,,,,2.004,,,1.603,0.401,7.816,15.27,0.802,0.0163,
3900,Switchboard,4.999,69.0,13.803,207.24,533,503,106.62,100.62,0.3996,0.4314,0.1494,31,9.473,4.286,10.111,30,0.208,0.151,30,0.4992,1.4,,,,0.4,,,0.4,0.0,2.4,2.24,0.0,0.0302,
3901,Switchboard,5.001,90.0,17.996,187.36,658,279,131.57,55.79,0.3632,0.4444,0.1431,23,13.192,2.71,26.067,22,-0.153,-0.037,22,0.6683,6.199,,,,0.6,,,0.6,0.0,2.999,5.15,1.4,0.0235,
3902,Switchboard,4.981,67.0,13.452,208.4,595,443,119.46,88.94,0.4101,0.4312,0.153,32,9.655,4.259,13.049,31,-0.342,0.005,31,0.5442,2.811,,,,1.405,,,1.205,0.201,3.614,8.17,0.402,0.0001,0.201
3903,Switchboard,4.345,99.0,22.787,198.87,516,348,118.77,80.1,0.4012,0.4655,0.154,43,5.984,1.913,10.888,42,0.002,0.037,42,0.6084,3.222,,,,0.691,,,0.691,0.0,4.834,6.84,2.762,0.0205,1.381
3904,Switchboard,4.981,89.0,17.868,181.7,212,693,42.56,139.13,0.6274,0.3781,0.1686,38,7.703,2.058,11.119,37,0.126,0.126,37,0.2767,2.208,,,,0.201,,,0.201,0.0,3.413,4.7,3.212,0.0078,
3905,Switchboard,4.997,62.0,12.407,153.08,337,428,67.44,85.65,0.4332,0.4533,0.2455,35,8.228,2.181,13.237,34,0.298,0.401,34,0.4033,1.601,,,,0.8,,,0.8,0.0,1.801,3.77,0.4,0.0119,
3906,Switchboard,4.989,65.0,13.029,188.82,432,510,86.59,102.23,0.3981,0.4118,0.2262,29,9.939,5.955,9.575,28,0.394,0.389,28,0.4338,3.408,,,,1.002,,,1.002,0.0,1.403,1.94,1.403,0.0342,
3907,Switchboard,4.992,65.0,13.021,194.91,810,163,162.26,32.65,0.363,0.5951,0.1358,29,10.528,4.811,11.042,28,-0.236,-0.068,28,0.8119,0.801,,,,0.601,,,0.601,0.0,3.405,5.57,1.002,0.0285,
3908,Switchboard,4.992,60.0,12.019,229.77,524,623,104.97,124.8,0.4485,0.3772,0.1599,27,10.878,8.926,8.9,26,0.212,0.216,26,0.5072,3.405,,,,0.801,,,0.801,0.0,1.803,3.57,0.2,0.0068,2.003
3909,Switchboard,4.977,74.0,14.868,192.68,473,486,95.04,97.65,0.3869,0.4115,0.1013,22,13.356,3.769,17.209,21,0.223,0.068,21,0.4611,4.621,,,,0.201,,,0.201,0.0,1.607,3.41,0.603,0.0285,
3910,Switchboard,5.009,127.0,25.354,242.36,635,579,126.77,115.59,0.3669,0.3282,0.1128,56,5.755,2.948,7.396,55,-0.401,-0.157,55,0.5332,3.993,,,,1.996,,,1.797,0.2,7.187,16.36,0.799,0.0136,
3911,Switchboard,4.995,72.0,14.414,204.39,574,447,114.91,89.49,0.3502,0.3982,0.1463,30,10.155,4.216,12.541,29,-0.205,0.085,29,0.5575,4.404,,,,1.201,,,1.201,0.0,2.803,5.66,0.4,0.0052,1.401
3912,Switchboard,4.979,79.0,15.866,191.39,579,374,116.28,75.11,0.3402,0.4171,0.1345,30,10.109,4.64,11.542,29,-0.156,0.069,29,0.6268,4.619,,,,1.004,,,1.004,0.0,3.013,8.7,1.406,0.0039,
3913,Switchboard,4.999,78.0,15.603,203.44,493,524,98.62,104.82,0.4057,0.4008,0.1759,31,9.746,2.998,14.245,30,-0.074,0.168,30,0.4817,3.001,,,,0.8,,,0.8,0.0,3.201,5.42,2.0,0.0118,
3914,Switchboard,4.985,66.0,13.241,198.01,427,560,85.66,112.35,0.4614,0.3839,0.1258,21,14.325,4.37,21.477,20,-0.089,-0.038,20,0.4398,2.407,,,,0.201,,,0.201,0.0,2.407,3.45,1.806,0.0172,
3915,Switchboard,4.99,94.0,18.838,182.57,632,279,126.66,55.91,0.3687,0.491,0.1934,57,5.166,2.908,6.89,56,0.086,0.162,56,0.7202,2.806,,,,0.401,,,0.401,0.0,3.006,4.15,0.2,0.0067,
3916,Switchboard,4.969,88.0,17.709,202.65,298,709,59.97,142.68,0.5067,0.3456,0.1692,33,9.328,3.699,9.703,32,-0.305,-0.158,32,0.3117,4.025,,,,1.61,,,1.61,0.0,3.824,14.01,0.402,0.0162,
3917,Switchboard,4.982,107.0,21.475,201.11,647,355,129.86,71.25,0.3725,0.4085,0.1342,41,7.434,2.401,9.772,40,-0.155,-0.088,40,0.6333,5.62,,,,0.401,,,0.401,0.0,5.62,8.17,1.004,0.0062,1.204
3918,Switchboard,4.997,169.0,33.818,218.52,427,665,85.45,133.07,0.3981,0.3549,0.0856,86,3.605,1.878,4.614,85,-0.125,-0.054,85,0.384,5.003,,,,1.401,,,1.401,0.0,9.805,20.04,0.8,0.0059,
3919,Switchboard,4.991,108.0,21.639,236.43,654,526,131.04,105.39,0.3746,0.3688,0.1274,40,7.456,3.537,8.828,39,0.029,-0.113,39,0.5796,5.61,,,,0.401,,,0.401,0.0,4.608,8.26,1.603,0.0077,
3920,Switchboard,5.001,47.0,9.398,176.76,506,378,101.18,75.58,0.419,0.4709,0.1692,12,24.945,19.319,22.498,11,-0.016,-0.04,11,0.5779,3.799,,,,0.2,,,0.2,0.0,1.4,1.98,0.4,0.0194,
3921,Switchboard,5.005,85.0,16.984,190.62,354,600,70.73,119.88,0.3983,0.36,0.1842,40,7.27,3.097,8.91,39,0.242,0.218,39,0.38,3.996,,,,0.799,,,0.799,0.0,2.398,3.83,1.798,0.0052,3.597
3922,Switchboard,4.988,117.0,23.455,174.61,543,328,108.85,65.75,0.3665,0.4421,0.187,47,6.382,1.704,9.976,46,-0.02,0.0,46,0.5702,5.613,,,,1.203,,,1.203,0.0,4.811,12.41,1.604,0.0175,
3923,Switchboard,4.976,130.0,26.125,190.11,353,593,70.94,119.17,0.4901,0.3272,0.1541,61,4.822,2.316,6.626,60,0.061,0.122,60,0.3309,3.617,,,,1.407,,,1.206,0.201,4.823,8.08,4.22,0.0056,
3924,Switchboard,4.976,67.0,13.465,182.68,573,336,115.15,67.52,0.3752,0.4732,0.2325,28,10.535,3.361,14.187,27,0.125,0.108,27,0.6141,3.416,,,,0.201,,,0.201,0.0,2.412,4.3,1.206,0.008,1.608
3925,Switchboard,4.963,76.0,15.314,190.62,602,344,121.3,69.32,0.397,0.4913,0.2331,35,8.041,6.989,6.875,34,0.451,0.409,34,0.6322,2.217,,,,0.403,,,0.403,0.0,2.217,3.95,1.209,0.0319,2.217
3926,Switchboard,4.982,60.0,12.042,206.53,427,602,85.7,120.82,0.4473,0.3754,0.1545,30,9.804,4.62,13.699,29,0.134,0.155,29,0.4204,3.211,,,,0.602,,,0.602,0.0,1.606,2.54,0.401,0.0024,1.806
3927,Switchboard,4.953,92.0,18.574,192.4,511,442,103.17,89.24,0.4462,0.4412,0.1255,41,7.384,3.071,9.7,40,-0.14,-0.025,40,0.5035,3.23,,,,1.211,,,1.211,0.0,4.24,8.76,2.625,0.001,
3928,Switchboard,4.976,62.0,12.46,187.3,605,327,121.58,65.71,0.3884,0.4893,0.1692,23,12.827,7.144,14.497,22,0.157,0.174,22,0.6322,2.412,,,,0.201,,,0.201,0.0,1.608,3.4,2.412,0.0056,
3929,Switchboard,4.981,67.0,13.452,164.63,417,403,83.72,80.91,0.4317,0.4318,0.1774,31,9.662,2.28,18.151,30,-0.025,0.163,30,0.5266,3.815,,,,1.004,,,1.004,0.0,3.012,5.19,0.201,0.0011,
3930,Switchboard,5.001,64.0,12.797,186.36,700,232,139.97,46.39,0.3329,0.431,0.1776,28,10.758,4.474,12.022,27,-0.043,0.004,27,0.7602,2.799,,,,0.6,,,0.6,0.0,2.799,2.56,0.2,0.0183,
3931,Switchboard,4.963,165.0,33.248,210.97,489,558,98.54,112.44,0.3742,0.4014,0.0956,72,3.994,2.613,3.943,71,0.135,0.121,71,0.4381,6.851,,,,0.605,,,0.605,0.0,5.038,9.0,5.239,0.0113,
3932,Switchboard,4.992,104.0,20.833,179.89,318,580,63.7,116.19,0.4874,0.3362,0.2241,51,5.958,1.734,8.874,50,-0.09,0.109,50,0.3614,3.005,,,,0.801,,,0.801,0.0,4.607,8.16,0.601,0.0186,
3933,Switchboard,4.991,73.0,14.626,203.97,520,498,104.19,99.78,0.4192,0.3855,0.1365,32,9.356,4.191,9.537,31,-0.04,0.14,31,0.5337,3.406,,,,1.002,,,1.002,0.0,2.605,7.47,0.401,0.0221,
3934,Switchboard,4.991,168.0,33.661,234.02,503,665,100.78,133.24,0.3479,0.3534,0.0928,82,3.868,2.21,4.304,81,-0.222,-0.04,81,0.4566,3.807,,,,2.004,,,1.603,0.401,9.818,20.71,1.403,0.0183,
3935,Switchboard,4.976,95.0,19.092,209.0,603,437,121.18,87.82,0.398,0.3913,0.153,31,10.013,5.679,12.243,30,-0.399,-0.086,30,0.5535,6.632,,,,1.005,,,1.005,0.0,3.818,7.63,0.201,0.0219,
3936,Switchboard,4.96,63.0,12.702,184.68,507,409,102.22,82.46,0.4181,0.4548,0.2068,23,12.466,9.8,9.263,22,0.483,0.261,22,0.5249,3.629,,,,0.0,,,0.0,0.0,1.21,1.41,0.202,0.0195,1.008
3937,Switchboard,4.992,59.0,11.819,194.31,543,427,108.77,85.54,0.3425,0.4496,0.1527,24,12.375,4.472,13.903,23,0.101,-0.024,23,0.5748,3.005,,,,0.0,,,0.0,0.0,2.804,1.49,0.2,0.0087,
3938,Switchboard,4.98,84.0,16.868,225.31,606,516,121.69,103.62,0.363,0.4031,0.1095,34,9.069,4.419,9.05,33,-0.316,-0.306,33,0.5103,3.414,,,,0.602,,,0.602,0.0,4.82,11.66,1.205,0.0029,
3939,Switchboard,4.992,85.0,17.027,172.88,457,406,91.55,81.33,0.4179,0.4458,0.2085,36,8.018,2.119,11.296,35,0.265,0.144,35,0.5068,5.609,,,,0.401,,,0.401,0.0,1.803,4.63,2.003,0.0046,
3940,Switchboard,4.976,75.0,15.072,182.68,644,265,129.42,53.26,0.3773,0.4679,0.1627,35,8.253,3.636,8.404,34,0.283,0.077,34,0.6595,2.412,,,,0.201,,,0.201,0.0,2.813,4.78,1.407,0.0154,
3941,Switchboard,4.991,62.0,12.422,183.33,638,277,127.83,55.5,0.3652,0.4585,0.2049,32,9.092,4.264,11.991,31,0.266,0.223,31,0.7264,2.404,,,,0.401,,,0.401,0.0,1.803,2.86,0.801,0.0138,
3942,Switchboard,4.976,127.0,25.522,179.66,655,239,131.63,48.03,0.3664,0.4603,0.1133,34,8.997,1.768,17.239,33,-0.239,-0.183,33,0.7978,6.632,,,,1.005,,,1.005,0.0,5.024,8.91,1.005,0.0451,0.0
3943,Switchboard,4.991,104.0,20.838,184.13,436,483,87.36,96.77,0.5183,0.501,0.1098,42,7.761,4.17,10.029,41,-0.647,-0.148,41,0.4492,2.605,,,,3.005,,,2.404,0.601,6.211,19.09,1.803,0.0364,
3944,Switchboard,4.991,75.0,15.027,170.91,333,520,66.72,104.19,0.4775,0.4038,0.232,44,6.085,3.196,6.804,43,0.737,0.665,43,0.3962,1.403,,,,0.401,,,0.401,0.0,2.204,2.95,1.002,0.0228,
3945,Switchboard,4.988,75.0,15.035,212.9,410,652,82.19,130.71,0.3634,0.3589,0.1528,35,8.569,2.394,12.551,34,-0.019,0.037,34,0.3893,2.606,,,,0.601,,,0.601,0.0,3.809,6.59,0.0,0.0326,
3946,Switchboard,5.008,73.0,14.577,203.47,524,495,104.63,98.84,0.3836,0.4505,0.1549,29,10.407,7.608,10.801,28,-0.048,0.235,28,0.5218,5.391,,,,0.399,,,0.399,0.0,2.396,3.95,0.599,0.0033,0.399
3947,Switchboard,4.982,98.0,19.669,236.03,518,658,103.97,132.06,0.4517,0.4073,0.1159,43,7.169,2.913,8.979,42,-0.227,0.03,42,0.4419,4.616,,,,1.204,,,1.204,0.0,4.215,7.61,1.204,0.0075,
3948,Switchboard,4.968,60.0,12.077,192.23,301,654,60.59,131.64,0.5183,0.3624,0.1589,22,13.704,3.261,18.918,21,-0.185,0.019,21,0.3207,3.019,,,,0.604,,,0.604,0.0,2.415,4.17,1.812,0.0014,
3949,Switchboard,4.97,53.0,10.665,163.39,594,218,119.53,43.87,0.3838,0.578,0.2314,23,12.3,8.25,12.07,22,0.648,0.65,22,0.7114,2.616,,,,0.0,,,0.0,0.0,1.409,2.45,0.805,0.0162,
3950,Switchboard,5.003,73.0,14.592,180.5,619,284,123.73,56.77,0.3877,0.4754,0.2258,26,11.426,6.033,11.769,25,0.121,0.182,25,0.6437,5.397,,,,0.4,,,0.4,0.0,1.799,4.38,1.199,0.0075,
3951,Switchboard,4.972,115.0,23.131,205.96,451,573,90.71,115.25,0.3548,0.3752,0.2181,55,4.947,2.259,6.235,54,0.482,0.18,54,0.4717,6.235,,,,0.201,,,0.201,0.0,3.419,3.49,1.609,0.0058,
3952,Switchboard,3.62,83.0,22.93,203.6,515,222,142.27,61.33,0.3495,0.4775,0.1352,30,7.089,1.719,10.691,29,0.08,0.116,29,0.6569,6.63,,,,0.0,,,0.0,0.0,3.039,2.55,2.486,0.0241,0.829
3953,Switchboard,4.977,111.0,22.302,179.02,426,465,85.59,93.43,0.4554,0.3871,0.17,49,5.826,2.858,6.964,48,0.274,0.116,48,0.4523,3.014,,,,1.808,,,1.808,0.0,4.219,13.06,1.607,0.0941,
3954,Switchboard,5.008,83.0,16.573,206.27,252,781,50.32,155.95,0.496,0.3419,0.1234,36,8.251,2.645,10.544,35,0.096,0.005,35,0.2344,2.995,,,,0.998,,,0.998,0.0,3.594,4.09,1.997,0.0047,
3955,Switchboard,4.97,62.0,12.476,179.29,694,197,139.65,39.64,0.3357,0.5431,0.1995,21,13.834,3.032,19.15,20,0.312,0.361,20,0.7931,5.232,,,,0.201,,,0.201,0.0,1.61,2.04,0.402,0.0086,
3956,Switchboard,4.99,69.0,13.828,193.39,527,438,105.61,87.78,0.3795,0.4726,0.1381,29,10.396,6.206,10.848,28,-0.092,-0.0,28,0.569,2.806,,,,1.002,,,1.002,0.0,3.206,8.11,1.002,0.0053,1.002
3957,Switchboard,4.991,97.0,19.435,191.75,279,678,55.9,135.85,0.509,0.3805,0.164,43,6.82,2.459,9.421,42,0.122,0.223,42,0.291,2.004,,,,0.801,,,0.801,0.0,2.605,6.65,1.403,0.0653,
3958,Switchboard,4.981,107.0,21.482,229.08,433,708,86.93,142.14,0.4457,0.3588,0.0923,37,8.431,5.315,8.845,36,-0.369,-0.211,36,0.3786,4.216,,,,1.606,,,1.405,0.201,6.023,11.67,3.012,0.0036,
3959,Switchboard,4.968,163.0,32.81,195.45,511,460,102.86,92.59,0.3933,0.4174,0.0661,64,5.469,3.105,8.953,63,-0.826,-0.431,63,0.5652,4.227,,,,4.831,,,4.026,0.805,12.279,35.45,0.201,0.0288,
3960,Switchboard,4.959,47.0,9.478,162.94,359,449,72.39,90.54,0.4568,0.4388,0.2792,19,15.019,8.0,15.213,18,0.621,0.271,18,0.4041,3.025,,,,0.202,,,0.202,0.0,1.008,1.99,1.21,0.004,
3961,Switchboard,4.99,87.0,17.435,196.0,348,630,69.74,126.26,0.4483,0.3651,0.189,40,7.452,2.32,10.424,39,0.032,0.154,39,0.4094,2.405,,,,0.601,,,0.601,0.0,3.206,4.85,1.804,0.037,
3962,Switchboard,4.993,91.0,18.227,175.26,426,449,85.33,89.93,0.4577,0.392,0.224,48,5.826,2.294,6.778,47,0.388,0.382,47,0.4579,2.804,,,,0.401,,,0.401,0.0,2.404,3.12,1.001,0.0185,2.404
3963,Switchboard,4.979,107.0,21.489,243.81,401,813,80.53,163.28,0.3541,0.2977,0.1314,37,8.11,2.596,12.571,36,-0.042,-0.042,36,0.3898,8.033,,,,0.603,,,0.603,0.0,4.017,7.41,1.004,0.004,
3964,Switchboard,4.99,81.0,16.233,207.22,403,631,80.76,126.46,0.4144,0.3582,0.123,30,9.968,2.461,13.797,29,0.009,0.023,29,0.3487,4.609,,,,0.2,,,0.2,0.0,3.006,4.53,1.804,0.0113,
3965,Switchboard,4.979,139.0,27.916,190.39,609,339,122.31,68.08,0.353,0.3805,0.1224,48,6.255,2.49,8.315,47,-0.038,-0.123,47,0.5824,8.234,,,,0.603,,,0.603,0.0,5.824,9.87,2.41,0.0192,2.008
3966,Switchboard,4.992,120.0,24.038,186.5,425,506,85.14,101.36,0.4424,0.3597,0.1646,53,5.832,1.962,9.59,52,-0.198,0.017,52,0.4298,4.808,,,,2.003,,,2.003,0.0,6.41,14.04,1.002,0.0058,
3967,Switchboard,4.979,98.0,19.682,200.23,584,413,117.29,82.94,0.3699,0.414,0.1281,40,7.846,3.489,11.774,39,-0.387,-0.128,39,0.5747,4.017,,,,1.808,,,1.808,0.0,5.623,11.17,1.004,0.0038,
3968,Switchboard,4.976,123.0,24.718,209.6,494,549,99.28,110.33,0.3279,0.3953,0.1764,54,5.426,2.426,6.484,53,0.091,0.083,53,0.4771,6.431,,,,0.402,,,0.402,0.0,4.22,8.19,1.407,0.0276,1.005
3969,Switchboard,4.981,105.0,21.081,209.0,552,489,110.82,98.18,0.3623,0.362,0.1433,41,7.469,3.949,9.176,40,-0.186,-0.153,40,0.5351,4.818,,,,0.402,,,0.402,0.0,5.22,8.07,1.807,0.004,
3970,Switchboard,4.99,83.0,16.634,179.56,656,240,131.47,48.1,0.3735,0.5375,0.2129,40,7.527,2.114,12.951,39,-0.053,0.101,39,0.7021,3.206,,,,0.601,,,0.601,0.0,3.808,8.03,0.601,0.0124,
3971,Switchboard,4.977,131.0,26.321,228.45,278,859,55.86,172.59,0.4388,0.305,0.1184,58,5.266,2.594,7.124,57,-0.124,-0.117,57,0.3283,4.42,,,,0.603,,,0.603,0.0,7.032,12.38,2.411,0.0054,1.808
3972,Switchboard,4.973,36.0,7.239,165.68,589,235,118.43,47.25,0.3226,0.5021,0.2049,15,19.716,18.608,16.099,14,0.16,0.233,14,0.718,2.815,,,,0.0,,,0.0,0.0,0.804,1.22,0.0,0.002,
3973,Switchboard,4.977,75.0,15.069,188.46,252,686,50.63,137.83,0.5516,0.3382,0.1287,32,9.292,3.228,12.678,31,-0.003,0.215,31,0.2696,3.416,,,,0.804,,,0.804,0.0,2.009,4.95,2.411,0.0019,
3974,Switchboard,4.968,153.0,30.797,216.18,489,585,98.43,117.75,0.3272,0.3368,0.1325,72,4.149,1.772,5.293,71,-0.01,0.077,71,0.4324,5.435,,,,0.604,,,0.604,0.0,5.435,7.6,3.422,0.0282,
3975,Switchboard,4.966,140.0,28.189,197.93,576,407,115.98,81.95,0.3854,0.4079,0.0858,58,5.3,2.514,7.902,57,-0.197,-0.086,57,0.5155,6.242,,,,1.007,,,1.007,0.0,6.846,14.45,0.403,0.0372,
3976,Switchboard,4.979,149.0,29.924,193.8,385,580,77.32,116.48,0.4338,0.3793,0.1315,71,4.45,2.105,8.712,70,-0.249,-0.079,70,0.4029,2.209,,,,2.611,,,2.41,0.201,8.837,19.42,3.213,0.0398,
3977,Switchboard,4.964,150.0,30.216,216.55,397,678,79.97,136.58,0.4358,0.3761,0.1334,68,4.283,1.926,5.865,67,0.098,0.119,67,0.3916,3.626,,,,1.41,,,1.209,0.201,6.043,9.93,2.82,0.0284,
3978,Switchboard,4.982,92.0,18.467,205.95,419,607,84.1,121.84,0.4439,0.4415,0.1741,37,8.126,3.556,10.592,36,-0.061,0.144,36,0.4101,5.62,,,,1.004,,,1.004,0.0,2.208,4.59,1.807,0.0107,
3979,Switchboard,5.001,48.0,9.598,146.77,405,329,80.98,65.79,0.4543,0.4833,0.2314,25,11.847,4.415,14.522,24,0.141,0.242,24,0.4792,1.6,,,,0.4,,,0.4,0.0,1.6,3.13,0.2,0.005,2.0
3980,Switchboard,4.986,169.0,33.897,215.22,415,658,83.24,131.98,0.3928,0.3435,0.0595,78,3.967,1.969,4.067,77,-0.138,0.077,77,0.3729,3.811,,,,2.006,,,2.006,0.0,7.622,21.18,1.805,0.149,
3981,Switchboard,4.981,88.0,17.668,240.72,229,970,45.98,194.75,0.4847,0.2928,0.207,33,8.911,2.77,13.456,32,0.135,0.159,32,0.2134,6.425,,,,0.0,,,0.0,0.0,2.811,3.47,1.004,0.0028,
3982,Switchboard,4.986,70.0,14.04,180.32,389,510,78.02,102.29,0.4447,0.3824,0.1614,28,10.609,6.596,9.48,27,0.06,0.199,27,0.4399,3.009,,,,0.401,,,0.401,0.0,1.404,3.14,1.805,0.0291,
3983,Switchboard,4.976,109.0,21.905,179.06,362,529,72.75,106.31,0.4088,0.4556,0.1621,39,7.682,5.486,7.528,38,-0.081,0.17,38,0.4705,4.622,,,,1.206,,,1.005,0.201,3.617,9.97,3.416,0.0207,2.412
3984,Switchboard,4.995,103.0,20.622,188.4,605,336,121.13,67.27,0.3388,0.4405,0.2057,53,5.245,2.088,6.416,52,0.38,0.233,52,0.5996,4.405,,,,0.0,,,0.0,0.0,1.802,3.8,2.803,0.0076,
3985,Switchboard,4.979,65.0,13.054,198.62,328,661,65.87,132.75,0.4848,0.3525,0.1277,34,8.445,4.844,10.003,33,0.278,0.204,33,0.3319,2.41,,,,0.803,,,0.803,0.0,2.209,5.16,0.603,0.0145,1.808
3986,Switchboard,4.995,103.0,20.622,247.26,442,793,88.49,158.77,0.4548,0.3279,0.1878,42,7.195,1.97,9.06,41,-0.063,-0.041,41,0.3854,6.807,,,,0.801,,,0.801,0.0,4.605,8.79,0.4,0.0021,
3987,Switchboard,4.97,93.0,18.714,184.12,271,644,54.53,129.59,0.476,0.3727,0.1386,30,9.875,3.636,13.429,29,0.017,0.135,29,0.3242,6.842,,,,0.402,,,0.402,0.0,2.012,3.58,0.604,0.0364,
3988,Switchboard,4.992,129.0,25.841,196.31,346,634,69.31,127.0,0.4017,0.3612,0.1202,42,7.103,2.963,9.295,41,0.024,0.019,41,0.3668,6.611,,,,0.601,,,0.601,0.0,4.407,5.45,2.604,0.0419,1.402
3989,Switchboard,4.981,89.0,17.868,181.9,442,464,88.74,93.16,0.4186,0.3966,0.2406,37,7.789,2.842,9.462,36,0.295,0.203,36,0.4464,6.826,,,,0.201,,,0.201,0.0,2.61,4.3,0.803,0.0,
3990,Switchboard,4.977,133.0,26.722,215.79,606,468,121.76,94.03,0.335,0.4124,0.1449,54,5.466,2.295,7.965,53,0.061,0.154,53,0.5234,5.224,,,,0.804,,,0.804,0.0,3.817,6.35,3.817,0.0275,
3991,Switchboard,4.967,88.0,17.717,195.89,305,668,61.41,134.49,0.4361,0.3757,0.2357,36,8.076,3.506,11.956,35,0.153,0.229,35,0.2893,6.644,,,,0.403,,,0.403,0.0,1.611,3.97,1.208,0.003,
3992,Switchboard,4.992,76.0,15.224,183.29,378,537,75.72,107.57,0.4365,0.3296,0.1645,26,11.493,7.552,11.571,25,-0.014,0.118,25,0.4261,5.609,,,,0.401,,,0.401,0.0,2.404,3.28,1.202,0.0037,
3993,Switchboard,4.992,117.0,23.437,170.87,374,479,74.92,95.95,0.4492,0.3987,0.2622,58,4.898,3.53,4.85,57,0.264,0.278,57,0.3769,4.006,,,,0.2,,,0.2,0.0,3.205,4.2,3.405,0.005,4.006
3994,Switchboard,4.482,172.0,38.374,214.41,314,647,70.06,144.35,0.4459,0.357,0.0921,72,3.672,2.004,5.478,71,0.014,0.08,71,0.3952,2.9,,,,0.669,,,0.669,0.0,7.363,6.48,8.478,0.0387,3.123
3995,Switchboard,4.975,109.0,21.907,211.03,511,539,102.7,108.33,0.3933,0.3729,0.1803,41,7.134,2.715,10.219,40,0.074,0.142,40,0.4532,7.034,,,,0.402,,,0.402,0.0,3.819,7.45,1.206,0.0119,
3996,Switchboard,4.979,58.0,11.65,177.56,158,726,31.74,145.82,0.5506,0.3223,0.3266,16,17.608,5.141,26.933,15,1.047,0.664,15,0.1896,5.222,,,,0.0,,,0.0,0.0,0.803,1.21,0.603,0.0119,
3997,Switchboard,4.99,105.0,21.043,200.4,483,517,96.8,103.61,0.4265,0.3907,0.1525,46,6.375,2.562,7.495,45,0.134,0.128,45,0.4947,4.81,,,,0.802,,,0.802,0.0,2.806,5.67,3.407,0.008,
3998,Switchboard,4.988,78.0,15.637,178.22,631,258,126.5,51.72,0.2853,0.4302,0.263,40,6.921,2.628,10.456,39,0.571,0.4,39,0.6572,4.21,,,,0.0,,,0.0,0.0,1.403,2.31,1.002,0.0038,
3999,Switchboard,4.99,65.0,13.026,172.15,495,364,99.2,72.95,0.4505,0.4615,0.1959,28,10.551,5.198,14.245,27,0.115,0.105,27,0.54,3.607,,,,0.401,,,0.401,0.0,2.405,4.37,1.202,0.0004,
4000,Switchboard,4.974,59.0,11.861,178.71,587,302,118.0,60.71,0.3833,0.4834,0.208,20,14.617,4.962,19.82,19,0.302,0.417,19,0.6329,2.211,,,,0.201,,,0.201,0.0,1.005,1.58,1.407,0.0292,
4001,Switchboard,4.974,195.0,39.2,222.94,417,692,83.83,139.11,0.3789,0.3179,0.1334,90,3.387,1.558,4.519,89,-0.072,0.044,89,0.4156,5.629,,,,1.407,,,1.407,0.0,8.845,13.59,2.613,0.0399,
4002,Switchboard,4.992,56.0,11.218,139.62,491,206,98.36,41.27,0.4094,0.5534,0.3392,18,16.169,3.96,18.887,17,0.385,0.47,17,0.7074,4.808,,,,0.401,,,0.401,0.0,1.002,1.59,1.202,0.0028,0.801
4003,Switchboard,4.992,113.0,22.636,181.89,203,705,40.66,141.23,0.5123,0.3206,0.1617,36,8.469,3.223,12.55,35,-0.215,-0.076,35,0.2955,6.21,,,,1.002,,,1.002,0.0,4.207,7.86,1.402,0.0436,
4004,Switchboard,3.673,92.0,25.051,171.81,296,335,80.6,91.22,0.3986,0.4716,0.1944,33,6.147,2.519,7.292,32,0.421,0.371,32,0.4004,4.357,,,,0.272,,,0.272,0.0,2.995,3.35,0.545,0.0694,3.267
4005,Switchboard,4.974,67.0,13.469,173.29,446,416,89.66,83.63,0.4664,0.4351,0.1676,29,10.256,3.89,13.396,28,0.026,0.145,28,0.5236,3.417,,,,0.201,,,0.201,0.0,2.211,3.34,0.603,0.0081,
4006,Switchboard,4.994,88.0,17.622,185.84,638,290,127.76,58.07,0.384,0.5138,0.1363,39,7.836,2.27,10.856,38,-0.168,-0.045,38,0.7382,2.003,,,,1.202,,,1.202,0.0,4.606,9.09,1.202,0.0115,
4007,Switchboard,4.974,71.0,14.273,206.25,461,565,92.67,113.58,0.4295,0.3628,0.1424,20,14.706,5.687,16.429,19,0.22,0.123,19,0.4654,6.031,,,,0.0,,,0.0,0.0,1.206,1.84,1.809,0.0023,
4008,Switchboard,4.994,79.0,15.82,213.87,604,464,120.95,92.92,0.3328,0.4418,0.2383,37,7.633,5.66,7.724,36,0.476,0.373,36,0.5311,4.406,,,,0.601,,,0.601,0.0,1.202,1.94,1.402,0.0135,2.003
4009,Switchboard,3.165,64.0,20.222,204.12,367,279,115.96,88.16,0.4441,0.4875,0.1777,34,5.225,2.576,5.516,33,0.291,0.169,33,0.5811,3.476,,,,0.0,,,0.0,0.0,2.528,1.67,1.58,0.0196,
4010,Switchboard,4.981,94.0,18.872,210.41,452,596,90.75,119.66,0.4115,0.3607,0.1846,35,8.315,3.643,9.342,34,0.229,0.161,34,0.4614,6.224,,,,0.201,,,0.201,0.0,2.811,3.36,1.807,0.0041,
4011,Switchboard,4.977,57.0,11.452,176.21,439,438,88.2,88.0,0.4442,0.4132,0.1764,22,13.203,7.964,15.357,21,0.289,0.3,21,0.5388,3.215,,,,0.201,,,0.201,0.0,1.607,5.37,0.804,0.0227,
4012,Switchboard,4.977,85.0,17.078,179.42,408,485,81.98,97.45,0.3848,0.3794,0.2275,43,6.751,3.082,7.872,42,0.186,0.134,42,0.4456,3.817,,,,0.402,,,0.201,0.201,3.014,4.4,0.402,0.0111,
4013,Switchboard,4.986,117.0,23.467,187.14,485,448,97.28,89.86,0.3608,0.4621,0.1671,45,6.822,3.539,8.589,44,-0.194,0.057,44,0.5715,4.212,,,,1.203,,,1.003,0.201,5.215,9.59,1.805,0.0423,2.607
4014,Switchboard,4.976,66.0,13.264,195.14,568,403,114.15,80.99,0.3961,0.4839,0.2196,29,10.117,3.005,12.717,28,-0.001,0.257,28,0.5328,3.215,,,,0.402,,,0.402,0.0,2.412,4.45,1.005,0.0035,
4015,Switchboard,4.974,117.0,23.52,216.11,670,405,134.69,81.42,0.3075,0.4519,0.2352,48,5.863,2.281,7.947,47,0.354,0.253,47,0.596,8.242,,,,0.0,,,0.0,0.0,2.211,2.57,3.015,0.0034,
4016,Switchboard,5.008,147.0,29.353,178.91,343,553,68.49,110.42,0.4461,0.4069,0.1409,56,5.491,2.066,7.122,55,-0.129,-0.11,55,0.4493,5.391,,,,1.398,,,1.398,0.0,7.188,14.06,3.994,0.0179,
4017,Switchboard,4.972,45.0,9.051,176.8,462,417,92.92,83.87,0.4589,0.4269,0.1921,21,14.028,7.932,14.168,20,0.15,0.224,20,0.5144,1.609,,,,0.402,,,0.402,0.0,1.81,5.28,0.603,0.0051,
4018,Switchboard,4.976,49.0,9.847,154.54,439,330,88.22,66.32,0.3964,0.4848,0.1547,23,12.86,3.435,15.405,22,0.078,0.142,22,0.5286,2.813,,,,0.201,,,0.201,0.0,1.809,3.03,0.201,0.002,
4019,Switchboard,4.966,129.0,25.977,180.83,511,387,102.9,77.93,0.4031,0.4238,0.1528,53,5.766,2.827,6.749,52,-0.152,0.032,52,0.6247,5.437,,,,1.812,,,1.812,0.0,5.437,8.47,2.819,0.0115,3.021
4020,Switchboard,4.975,114.0,22.912,188.72,408,531,82.0,106.72,0.4167,0.3766,0.1495,52,5.787,3.133,6.643,51,-0.056,0.058,51,0.4664,6.03,,,,1.407,,,1.206,0.201,5.226,9.96,0.201,0.0093,
4021,Switchboard,5.004,119.0,23.78,201.63,474,535,94.72,106.91,0.3565,0.4224,0.2343,69,4.029,1.72,4.843,68,0.313,0.278,68,0.4451,3.797,,,,0.2,,,0.2,0.0,2.398,2.6,0.999,0.0175,
4022,Switchboard,4.986,98.0,19.654,234.25,582,586,116.72,117.53,0.4038,0.3498,0.1599,40,7.945,4.464,10.131,39,-0.513,0.059,39,0.5248,4.613,,,,1.404,,,1.404,0.0,4.212,6.91,1.203,0.0497,0.401
4023,Switchboard,4.976,95.0,19.092,202.17,433,573,87.02,115.15,0.3903,0.3874,0.2557,36,7.591,4.335,6.989,35,0.709,0.49,35,0.4152,7.034,,,,0.402,,,0.402,0.0,2.211,3.37,1.809,0.0084,2.412
4024,Switchboard,4.976,128.0,25.723,192.52,421,537,84.61,107.92,0.4014,0.3966,0.1309,46,6.458,3.263,8.284,45,-0.006,0.087,45,0.5339,6.029,,,,0.804,,,0.804,0.0,3.617,6.04,6.431,0.0055,
4025,Switchboard,4.981,41.0,8.232,191.13,647,305,129.9,61.23,0.3308,0.4623,0.1799,17,17.441,1.799,29.915,16,0.144,0.159,16,0.6652,2.811,,,,0.201,,,0.201,0.0,0.803,2.01,0.0,0.0081,
4026,Switchboard,4.974,61.0,12.263,171.07,320,531,64.33,106.75,0.5125,0.3936,0.2255,32,9.039,4.899,9.322,31,0.277,0.184,31,0.3886,1.809,,,,0.201,,,0.201,0.0,1.608,1.56,1.206,0.0041,2.01
4027,Switchboard,4.991,84.0,16.83,191.15,525,429,105.19,85.96,0.4229,0.4289,0.2309,21,13.855,7.305,17.013,20,0.183,0.228,20,0.5731,4.408,,,,0.601,,,0.601,0.0,1.403,2.6,1.002,0.0349,
4028,Switchboard,4.973,67.0,13.472,188.6,332,606,66.76,121.85,0.4729,0.3977,0.2231,23,12.851,7.514,14.673,22,0.12,0.157,22,0.3331,4.826,,,,0.804,,,0.603,0.201,2.212,2.91,0.201,0.0109,1.206
4029,Switchboard,4.973,77.0,15.482,178.15,279,607,56.1,122.05,0.4803,0.3954,0.2293,30,9.615,4.851,11.408,29,0.343,0.352,29,0.3167,3.619,,,,0.402,,,0.402,0.0,1.609,3.17,3.418,0.0027,
4030,Switchboard,4.99,86.0,17.235,181.57,505,401,101.2,80.36,0.4317,0.384,0.1741,31,9.913,4.877,10.811,30,-0.275,-0.176,30,0.5513,4.409,,,,1.603,,,1.403,0.2,4.209,10.14,2.204,0.0009,
4031,Switchboard,4.978,54.0,10.847,190.43,641,307,128.76,61.67,0.3463,0.4495,0.2176,21,14.083,7.42,17.878,20,0.142,0.139,20,0.7149,3.214,,,,0.0,,,0.0,0.0,1.205,1.36,0.0,0.0372,
4032,Switchboard,4.991,93.0,18.634,179.72,498,399,99.78,79.94,0.4177,0.4486,0.1962,35,8.387,4.42,10.449,34,0.165,0.09,34,0.5967,5.61,,,,0.401,,,0.401,0.0,3.206,5.17,1.803,0.0075,2.605
4033,Switchboard,4.979,89.0,17.874,225.94,556,569,111.66,114.27,0.3633,0.3726,0.1616,42,7.072,2.74,8.273,41,0.035,0.133,41,0.5279,3.414,,,,1.205,,,1.205,0.0,3.816,7.11,1.004,0.0056,1.004
4034,Switchboard,4.982,46.0,9.233,172.83,391,470,78.48,94.34,0.4604,0.3702,0.3148,22,13.276,7.328,16.059,21,0.295,0.213,21,0.4832,2.81,,,,0.201,,,0.201,0.0,1.204,1.92,0.0,0.003,
4035,Switchboard,4.995,93.0,18.618,223.61,402,715,80.48,143.14,0.4055,0.3497,0.1775,38,7.826,3.348,10.65,37,0.053,0.136,37,0.316,3.804,,,,0.4,,,0.4,0.0,3.003,4.88,0.601,0.0328,
4036,Switchboard,4.994,82.0,16.421,195.85,560,418,112.14,83.71,0.3321,0.39,0.2407,44,6.715,4.07,7.778,43,0.081,0.192,43,0.5775,3.805,,,,0.801,,,0.801,0.0,2.403,4.0,0.0,0.0044,3.004
4037,Switchboard,4.98,71.0,14.258,201.82,452,553,90.77,111.05,0.4204,0.3906,0.1472,19,15.293,6.267,17.091,18,0.415,0.143,18,0.4741,5.824,,,,0.201,,,0.201,0.0,0.803,1.34,0.602,0.0252,0.803
4038,Switchboard,4.997,65.0,13.007,190.5,419,533,83.84,106.66,0.4558,0.3752,0.1959,31,9.368,4.64,10.769,30,0.298,0.247,30,0.4622,3.402,,,,0.2,,,0.2,0.0,1.601,1.49,0.6,0.0131,2.601
4039,Switchboard,4.104,112.0,27.29,208.58,539,317,131.33,77.24,0.4267,0.47,0.1487,49,4.844,1.84,7.857,48,0.137,0.215,48,0.6183,3.655,,,,0.244,,,0.244,0.0,3.899,4.72,2.924,0.0388,
4040,Switchboard,4.998,79.0,15.805,204.06,384,636,76.82,127.24,0.3984,0.3805,0.1481,35,8.19,3.64,17.535,34,0.387,0.183,34,0.4126,4.401,,,,0.0,,,0.0,0.0,2.201,3.13,1.0,0.0082,
4041,Switchboard,4.985,86.0,17.253,218.67,656,434,131.61,87.07,0.3506,0.3986,0.1444,37,8.325,7.094,7.65,36,-0.256,-0.097,36,0.6559,4.414,,,,1.404,,,1.204,0.201,4.213,7.8,0.602,0.0193,
4042,Switchboard,4.974,87.0,17.489,179.12,272,619,54.68,124.44,0.5221,0.399,0.2132,41,7.311,2.135,10.909,40,-0.034,0.117,40,0.295,3.417,,,,0.804,,,0.804,0.0,3.216,4.14,0.603,0.0157,
4043,Switchboard,4.992,141.0,28.245,216.34,502,578,100.56,115.78,0.3386,0.391,0.1189,58,5.286,2.101,7.131,57,-0.124,0.006,57,0.4957,5.008,,,,2.003,,,1.803,0.2,6.01,13.24,1.603,0.0244,
4044,Switchboard,4.994,36.0,7.209,151.19,315,440,63.08,88.11,0.5238,0.4295,0.2888,12,24.264,21.522,22.101,11,0.722,0.546,11,0.4807,1.001,,,,0.0,,,0.0,0.0,0.2,0.22,0.601,0.022,
4045,Switchboard,4.962,97.0,19.548,220.47,425,669,85.65,134.82,0.3906,0.3901,0.0942,28,10.775,5.267,12.908,27,-0.157,-0.063,27,0.3485,5.643,,,,0.806,,,0.806,0.0,3.224,4.77,1.814,0.0184,
4046,Switchboard,4.985,112.0,22.469,207.84,517,519,103.72,104.12,0.4391,0.4297,0.1771,52,5.851,4.003,5.706,51,-0.109,0.059,51,0.4906,6.42,,,,0.602,,,0.602,0.0,4.614,7.27,0.401,0.0034,
4047,Switchboard,4.537,46.0,10.14,188.03,563,290,124.1,63.92,0.4174,0.431,0.2107,22,11.816,11.05,8.946,21,0.465,0.284,21,0.6265,2.866,,,,0.0,,,0.0,0.0,0.661,1.2,0.441,0.013,
4048,Switchboard,4.997,87.0,17.409,197.9,306,683,61.23,136.67,0.4542,0.3572,0.1993,41,7.251,4.01,9.458,40,0.057,0.111,40,0.3139,2.601,,,,0.4,,,0.4,0.0,2.801,3.34,2.001,0.008,1.801
4049,Switchboard,4.99,52.0,10.421,215.44,311,764,62.33,153.11,0.4566,0.3259,0.1472,20,14.694,9.617,14.699,19,0.246,0.348,19,0.2944,2.806,,,,0.601,,,0.601,0.0,0.802,1.51,0.401,0.012,0.802
4050,Switchboard,4.97,116.0,23.342,170.44,313,534,62.98,107.45,0.4696,0.4345,0.1707,44,6.557,2.839,8.806,43,0.223,0.114,43,0.469,4.427,,,,0.201,,,0.201,0.0,4.024,5.29,4.829,0.01,2.415
4051,Switchboard,4.992,40.0,8.013,163.66,93,724,18.63,145.03,0.6237,0.395,0.1835,8,37.178,20.733,46.541,7,0.295,-0.093,7,0.1148,3.205,,,,0.2,,,0.2,0.0,1.202,1.63,0.401,0.0205,0.601
4052,Switchboard,4.966,106.0,21.346,197.35,498,482,100.28,97.06,0.4297,0.4253,0.219,52,5.394,3.177,6.915,51,0.34,0.278,51,0.5013,5.638,,,,0.201,,,0.201,0.0,2.215,3.22,2.215,0.0018,
4053,Switchboard,4.975,55.0,11.054,175.46,515,358,103.51,71.95,0.3262,0.4469,0.2584,29,10.036,2.364,13.586,28,0.267,0.324,28,0.6231,2.01,,,,0.0,,,0.0,0.0,1.206,2.11,1.407,0.001,
4054,Switchboard,4.997,65.0,13.007,151.88,363,396,72.64,79.24,0.5124,0.4369,0.2346,18,16.424,6.188,17.93,17,0.161,0.266,17,0.4674,3.002,,,,0.0,,,0.0,0.0,1.001,2.14,2.601,0.0304,
4055,Switchboard,4.989,86.0,17.238,173.59,414,452,82.99,90.6,0.4251,0.4181,0.1964,31,9.315,4.777,10.956,30,0.313,0.233,30,0.5491,5.212,,,,0.401,,,0.401,0.0,1.403,2.03,2.205,0.0252,2.806
4056,Switchboard,4.986,62.0,12.434,201.76,528,478,105.89,95.87,0.4167,0.3849,0.1737,22,13.456,9.956,12.578,21,0.129,0.173,21,0.5161,6.017,,,,0.0,,,0.0,0.0,1.203,1.15,0.201,0.0044,1.203
4057,Switchboard,5.008,65.0,12.979,188.7,408,537,81.47,107.23,0.4461,0.4078,0.2474,37,7.845,3.06,10.014,36,0.27,0.249,36,0.4562,2.396,,,,0.399,,,0.399,0.0,1.597,2.94,1.198,0.0007,
4058,Switchboard,4.986,40.0,8.022,162.65,371,440,74.41,88.24,0.4582,0.4182,0.176,9,33.088,39.316,29.377,8,0.161,0.307,8,0.4957,3.409,,,,0.0,,,0.0,0.0,0.401,0.64,0.802,0.0108,
4059,Switchboard,4.973,64.0,12.869,155.63,364,410,73.19,82.44,0.4533,0.3756,0.3336,24,11.88,5.345,12.491,23,0.574,0.471,23,0.4583,4.424,,,,0.201,,,0.201,0.0,0.402,0.69,0.201,0.0263,
4060,Switchboard,4.996,64.0,12.809,174.13,506,364,101.27,72.85,0.4091,0.4341,0.2078,27,10.806,5.956,12.821,26,0.229,0.182,26,0.6378,4.203,,,,0.2,,,0.2,0.0,2.001,2.97,0.0,0.0067,0.801
4062,Switchboard,4.992,72.0,14.423,201.32,722,283,144.63,56.69,0.3837,0.4806,0.1537,36,7.987,3.052,10.324,35,0.315,0.27,35,0.6867,1.603,,,,0.401,,,0.401,0.0,1.803,4.45,2.003,0.0166,
4063,Switchboard,4.99,71.0,14.229,183.57,313,603,62.73,120.84,0.4377,0.3964,0.1931,32,9.151,3.233,13.276,31,0.191,0.152,31,0.371,3.006,,,,0.401,,,0.401,0.0,1.603,3.87,1.603,0.01,
4064,Switchboard,4.976,79.0,15.876,162.58,399,410,80.18,82.39,0.391,0.4659,0.2041,27,10.56,5.0,12.494,26,0.51,0.268,26,0.3996,4.421,,,,0.201,,,0.201,0.0,1.407,1.52,2.613,0.0144,1.206
4065,Switchboard,4.985,104.0,20.864,211.45,323,731,64.8,146.65,0.4644,0.3352,0.1559,34,9.168,3.135,11.07,33,-0.386,-0.358,33,0.3753,3.411,,,,1.003,,,1.003,0.0,5.417,12.26,2.006,0.0299,
4066,Switchboard,4.992,65.0,13.021,191.1,449,505,89.94,101.16,0.3808,0.3941,0.1795,27,10.885,5.487,13.837,26,0.186,0.179,26,0.5224,3.005,,,,0.601,,,0.601,0.0,2.204,5.04,1.202,0.01,
4067,Switchboard,4.979,53.0,10.644,169.5,241,603,48.4,121.1,0.4896,0.3682,0.2757,18,16.53,6.986,20.365,17,-0.003,0.019,17,0.2952,2.41,,,,0.603,,,0.402,0.201,1.808,3.79,0.603,0.0137,
4068,Switchboard,4.982,64.0,12.847,175.84,528,348,105.98,69.85,0.3902,0.408,0.281,28,10.425,3.436,13.874,27,0.256,0.201,27,0.5986,3.613,,,,0.0,,,0.0,0.0,1.606,2.76,0.201,0.0374,
4069,Switchboard,4.985,142.0,28.488,219.88,613,483,122.98,96.9,0.3883,0.3996,0.1276,71,4.456,2.441,5.84,70,-0.25,-0.091,70,0.5819,2.407,,,,2.207,,,1.806,0.401,9.429,16.04,1.605,0.0048,
4070,Switchboard,4.98,25.0,5.02,171.69,554,301,111.25,60.44,0.4116,0.4352,0.2118,15,19.523,8.252,20.666,14,0.413,0.298,14,0.6415,0.803,,,,0.201,,,0.201,0.0,0.803,1.73,0.201,0.0005,
4071,Switchboard,4.986,97.0,19.454,187.92,697,240,139.79,48.13,0.3788,0.4625,0.1578,38,7.586,2.018,11.605,37,0.29,0.257,37,0.7175,5.014,,,,0.602,,,0.602,0.0,3.008,4.85,1.805,0.0196,1.203
4072,Switchboard,5.001,85.0,16.996,190.96,451,504,90.18,100.78,0.4257,0.3948,0.1941,32,8.9,6.918,7.112,31,0.465,0.339,31,0.516,5.399,,,,0.2,,,0.2,0.0,1.6,3.08,0.2,0.0131,1.4
4073,Switchboard,4.985,50.0,10.031,180.96,202,700,40.53,140.43,0.4752,0.3414,0.1827,18,16.178,9.423,18.218,17,0.413,0.417,17,0.2192,4.012,,,,0.401,,,0.401,0.0,1.003,2.35,0.401,0.0029,
4074,Switchboard,4.977,78.0,15.672,179.82,329,566,66.1,113.72,0.5167,0.3675,0.2166,29,9.937,2.13,18.221,28,0.37,0.384,28,0.3733,4.822,,,,0.201,,,0.201,0.0,1.206,2.14,2.612,0.0084,1.607
4075,Switchboard,4.977,54.0,10.85,164.15,234,583,47.02,117.14,0.4658,0.4134,0.187,21,14.021,6.334,19.009,20,0.154,0.106,20,0.3002,3.817,,,,0.402,,,0.402,0.0,1.607,2.12,0.402,0.0073,
4076,Switchboard,4.993,80.0,16.024,215.72,462,615,92.54,123.18,0.4307,0.3659,0.165,30,9.953,6.428,9.509,29,0.02,0.073,29,0.4504,5.809,,,,0.401,,,0.401,0.0,2.203,4.22,1.202,0.0095,
4077,Switchboard,4.995,80.0,16.015,242.63,778,434,155.75,86.88,0.3226,0.3548,0.1987,32,8.929,4.813,10.78,31,0.45,0.46,31,0.6414,5.405,,,,0.2,,,0.2,0.0,1.001,2.01,0.801,0.0118,1.602
4078,Switchboard,4.973,77.0,15.482,215.15,359,711,72.18,142.96,0.3593,0.3558,0.1265,28,10.523,3.464,13.43,27,0.137,0.143,27,0.3212,5.027,,,,0.201,,,0.201,0.0,2.011,3.42,0.603,0.0189,1.407
4079,Switchboard,4.99,54.0,10.822,215.44,399,676,79.96,135.47,0.416,0.3417,0.1846,17,16.799,11.848,16.988,16,0.815,0.411,16,0.3694,4.81,,,,0.0,,,0.0,0.0,0.401,0.73,1.202,0.0079,0.601
4080,Switchboard,5.001,102.0,20.396,204.55,776,247,155.17,49.39,0.317,0.498,0.2263,43,6.825,2.654,10.705,42,0.141,0.143,42,0.714,5.799,,,,0.4,,,0.4,0.0,2.599,6.09,2.0,0.014,2.399
4081,Switchboard,4.975,80.0,16.079,190.53,300,648,60.3,130.24,0.41,0.358,0.1741,35,8.539,4.868,10.003,34,-0.027,0.151,34,0.3185,3.216,,,,0.804,,,0.804,0.0,3.618,6.51,1.005,0.0079,
4082,Switchboard,4.959,92.0,18.552,198.43,429,555,86.51,111.92,0.3893,0.409,0.2458,36,8.304,3.945,9.853,35,-0.042,0.018,35,0.437,1.815,,,,0.605,,,0.605,0.0,3.831,6.58,0.202,0.0316,2.823
4083,Switchboard,4.984,54.0,10.835,182.98,324,588,65.01,117.98,0.463,0.3776,0.2335,26,11.26,6.964,11.691,25,0.201,0.325,25,0.3404,2.809,,,,0.201,,,0.201,0.0,1.404,1.5,0.201,0.0097,
4084,Switchboard,4.973,48.0,9.652,200.09,597,398,120.05,80.03,0.3417,0.4472,0.1822,12,24.637,6.65,33.446,11,0.24,0.258,11,0.6281,4.022,,,,0.201,,,0.201,0.0,0.603,1.59,0.804,0.0101,
4085,Switchboard,4.966,85.0,17.117,198.76,299,688,60.21,138.54,0.4548,0.3692,0.1364,41,7.118,3.765,10.112,40,0.15,0.308,40,0.3238,3.021,,,,0.403,,,0.403,0.0,3.021,6.75,1.812,0.0053,
4086,Switchboard,4.992,99.0,19.832,206.93,501,532,100.36,106.57,0.4232,0.3947,0.1461,36,8.206,3.198,10.599,35,0.111,0.067,35,0.4803,5.208,,,,0.601,,,0.601,0.0,4.006,6.43,1.803,0.0129,
4087,Switchboard,5.001,74.0,14.797,202.16,611,400,122.17,79.98,0.347,0.4025,0.1643,29,10.149,5.56,13.442,28,0.203,0.131,28,0.5923,4.199,,,,0.0,,,0.0,0.0,1.4,1.11,1.6,0.0058,
4088,Switchboard,4.977,52.0,10.448,179.02,375,516,75.35,103.67,0.4613,0.4109,0.1711,17,17.445,3.76,22.986,16,0.123,0.159,16,0.3937,4.621,,,,0.603,,,0.603,0.0,0.804,3.09,1.005,0.0024,
4089,Switchboard,4.992,73.0,14.623,198.52,473,518,94.75,103.77,0.3953,0.3919,0.2566,31,9.675,2.954,14.549,30,-0.017,0.182,30,0.4477,4.607,,,,0.801,,,0.601,0.2,2.404,3.21,0.401,0.0069,
4090,Switchboard,4.974,92.0,18.495,164.44,448,370,90.06,74.38,0.4107,0.427,0.2137,34,8.791,3.084,11.909,33,-0.038,0.197,33,0.5503,3.417,,,,1.005,,,1.005,0.0,2.613,5.92,2.412,0.0305,1.206
4091,Switchboard,4.966,77.0,15.506,222.72,730,376,147.0,75.72,0.3397,0.4468,0.1783,37,7.754,2.354,10.232,36,0.29,0.205,36,0.642,3.625,,,,0.403,,,0.403,0.0,1.812,3.29,0.0,0.0153,
4092,Switchboard,4.999,160.0,32.007,186.64,434,499,86.82,99.82,0.4585,0.3226,0.2084,74,3.888,2.518,3.969,73,0.166,0.22,73,0.4372,4.201,,,,1.4,,,1.0,0.4,5.001,11.18,5.401,0.0241,4.401
4093,Switchboard,4.995,75.0,15.016,198.21,568,422,113.72,84.49,0.3433,0.3934,0.1819,26,11.451,4.332,13.757,25,0.078,0.154,25,0.6129,4.605,,,,0.0,,,0.0,0.0,1.802,2.49,1.602,0.0101,
4094,Switchboard,4.992,85.0,17.027,208.13,469,570,93.95,114.18,0.4712,0.3965,0.1593,38,7.864,4.134,8.358,37,0.014,0.091,37,0.4407,3.205,,,,1.603,,,1.402,0.2,3.405,6.36,0.801,0.0169,
4095,Switchboard,4.985,107.0,21.466,200.82,736,265,147.66,53.16,0.303,0.4792,0.1622,45,6.526,1.775,8.806,44,0.12,0.104,44,0.6936,5.417,,,,0.802,,,0.802,0.0,3.21,5.25,2.608,0.0044,
4096,Switchboard,4.972,57.0,11.465,167.34,593,239,119.27,48.07,0.398,0.5356,0.2354,25,11.341,3.007,16.193,24,0.598,0.56,24,0.6695,3.017,,,,0.201,,,0.201,0.0,1.207,2.23,0.402,0.009,0.603
4097,Switchboard,4.968,62.0,12.48,192.23,607,348,122.18,70.05,0.3921,0.4885,0.1557,20,14.76,11.332,14.496,19,0.149,0.252,19,0.6303,4.63,,,,0.201,,,0.201,0.0,1.208,3.2,1.61,0.0092,
4098,Switchboard,4.992,139.0,27.844,209.13,591,453,118.39,90.74,0.3976,0.3775,0.1807,77,3.786,1.282,6.201,76,0.104,0.135,76,0.5021,3.606,,,,0.401,,,0.401,0.0,6.41,9.98,1.603,0.0049,
4099,Switchboard,4.992,117.0,23.437,229.97,366,782,73.32,156.65,0.4563,0.3261,0.1504,60,5.09,2.826,5.164,59,-0.101,0.1,59,0.3459,3.606,,,,1.402,,,1.402,0.0,4.607,9.8,2.404,0.0048,4.607
4100,Switchboard,4.981,40.0,8.031,183.5,451,463,90.55,92.96,0.5011,0.4341,0.1842,16,18.78,12.417,17.276,15,-0.152,0.108,15,0.4798,1.606,,,,0.402,,,0.201,0.201,1.405,5.33,0.803,0.0046,
4101,Switchboard,4.97,47.0,9.457,162.59,540,268,108.66,53.93,0.4056,0.5037,0.1986,12,24.718,25.719,20.504,11,0.139,0.214,11,0.7283,1.207,,,,0.201,,,0.201,0.0,0.604,1.0,0.201,0.0383,1.409
4102,Switchboard,4.981,59.0,11.845,173.46,449,415,90.15,83.32,0.441,0.4458,0.2172,23,12.331,3.904,16.059,22,0.685,0.533,22,0.5301,5.019,,,,0.0,,,0.0,0.0,0.402,0.44,0.402,0.0067,1.205
4103,Switchboard,4.99,53.0,10.621,177.36,517,368,103.61,73.75,0.4139,0.4783,0.3487,21,13.335,12.743,10.647,20,0.93,0.897,20,0.5351,4.609,,,,0.2,,,0.2,0.0,0.601,0.59,0.0,0.0059,1.403
4104,Switchboard,4.992,68.0,13.622,176.48,314,567,62.9,113.58,0.4873,0.3933,0.1785,33,8.828,2.636,12.831,32,0.255,0.288,32,0.4078,2.204,,,,0.601,,,0.601,0.0,1.603,2.53,1.603,0.0159,2.204
4105,Switchboard,4.982,49.0,9.835,174.41,320,549,64.23,110.19,0.4938,0.3807,0.1493,16,18.484,13.479,20.079,15,0.208,0.224,15,0.3974,1.806,,,,0.201,,,0.201,0.0,0.602,0.89,2.81,0.0068,
4106,Switchboard,4.986,56.0,11.232,212.21,777,281,155.85,56.36,0.3501,0.5409,0.1293,26,11.286,6.069,12.205,25,0.223,0.311,25,0.7153,3.41,,,,0.401,,,0.401,0.0,1.805,2.75,0.401,0.0016,
4107,Switchboard,4.993,65.0,13.019,193.89,587,381,117.57,76.31,0.3458,0.5066,0.2348,27,10.612,7.485,9.285,26,0.418,0.409,26,0.5502,2.203,,,,0.601,,,0.601,0.0,1.402,1.66,1.803,0.0143,
4108,Switchboard,4.972,97.0,19.51,185.25,422,499,84.88,100.37,0.4171,0.3527,0.1748,42,7.343,3.637,9.03,41,-0.247,0.053,41,0.4324,3.822,,,,1.609,,,1.408,0.201,4.023,7.65,0.0,0.0237,0.402
4109,Switchboard,4.977,51.0,10.247,186.65,705,224,141.65,45.01,0.3404,0.5268,0.22,19,15.26,3.311,21.411,18,0.423,0.278,18,0.7684,3.416,,,,0.402,,,0.402,0.0,1.206,1.34,0.402,0.0063,0.804
4110,Switchboard,4.981,84.0,16.865,204.58,364,655,73.08,131.5,0.4725,0.3725,0.1818,35,8.51,2.64,10.241,34,0.029,0.107,34,0.4372,2.409,,,,0.201,,,0.201,0.0,3.212,4.76,3.212,0.0082,
4111,Switchboard,4.257,44.0,10.337,176.43,588,163,138.14,38.29,0.3639,0.6074,0.2501,25,9.923,2.17,11.599,24,0.161,0.161,24,0.7944,0.94,,,,0.47,,,0.47,0.0,2.349,3.39,0.235,0.004,
4112,Switchboard,4.982,69.0,13.85,171.62,240,615,48.17,123.45,0.4667,0.3984,0.1848,20,14.378,6.403,17.837,19,0.57,0.432,19,0.2862,8.029,,,,0.201,,,0.201,0.0,0.602,0.5,0.401,0.0056,
4113,Switchboard,4.994,47.0,9.412,196.85,313,670,62.68,134.17,0.4569,0.3687,0.2356,14,20.807,12.615,18.907,13,0.607,0.708,13,0.3171,5.006,,,,0.0,,,0.0,0.0,0.401,0.35,0.401,0.0057,0.601
4114,Switchboard,4.992,78.0,15.625,205.73,575,452,115.18,90.54,0.3791,0.4646,0.163,35,8.637,6.53,7.558,34,-0.1,0.176,34,0.5585,3.806,,,,0.401,,,0.401,0.0,3.405,6.18,0.801,0.0031,0.601
4115,Switchboard,4.979,63.0,12.654,174.95,231,640,46.4,128.55,0.5108,0.3234,0.2277,28,10.205,2.905,13.783,27,0.465,0.531,27,0.2491,2.41,,,,0.402,,,0.402,0.0,1.004,1.61,1.004,0.0623,
4116,Switchboard,1.872,12.0,6.412,183.28,304,39,162.44,20.84,0.4243,0.7692,0.2296,4,27.48,18.44,25.549,3,0.779,0.795,3,0.8819,0.534,,,,0.0,,,0.0,0.0,0.0,0,0.534,0.0248,
4117,Switchboard,4.982,46.0,9.232,200.1,689,308,138.29,61.82,0.3338,0.4708,0.1478,15,19.882,3.296,25.274,14,0.05,0.032,14,0.6148,1.606,,,,0.201,,,0.201,0.0,1.204,1.85,2.609,0.005,
4118,Switchboard,4.976,53.0,10.651,180.87,646,254,129.82,51.04,0.3173,0.4764,0.2317,15,19.617,15.365,24.972,14,0.218,0.209,14,0.6901,5.024,,,,0.402,,,0.402,0.0,0.804,1.26,0.804,0.0068,
4119,Switchboard,4.977,25.0,5.023,195.09,475,496,95.44,99.66,0.4211,0.4556,0.18,16,18.233,8.813,18.775,15,0.458,0.327,15,0.463,0.804,,,,0.0,,,0.0,0.0,0.603,0.9,0.0,0.0013,
4120,Switchboard,4.985,39.0,7.824,156.68,450,331,90.28,66.4,0.4622,0.4381,0.2155,17,17.482,11.129,21.815,16,0.079,0.282,16,0.6204,2.207,,,,0.401,,,0.401,0.0,0.802,1.52,0.401,0.0064,
4121,Switchboard,4.976,73.0,14.67,191.72,662,292,133.04,58.68,0.3927,0.4384,0.1406,28,10.587,3.652,12.035,27,0.067,0.134,27,0.6827,5.225,,,,1.206,,,1.206,0.0,1.809,2.92,1.809,0.0003,
4122,Switchboard,4.985,104.0,20.864,182.76,490,421,98.3,84.46,0.4041,0.3658,0.2498,54,5.321,3.305,5.853,53,0.205,0.175,53,0.505,5.417,,,,0.401,,,0.401,0.0,3.411,3.47,0.602,0.005,
4123,Switchboard,4.959,70.0,14.116,191.77,502,449,101.23,90.54,0.4064,0.4009,0.1348,29,10.097,5.211,10.288,28,0.165,0.156,28,0.5336,2.823,,,,0.403,,,0.403,0.0,2.017,2.71,0.807,0.0086,0.807
4124,Switchboard,4.976,26.0,5.225,159.56,503,291,101.08,58.48,0.5089,0.5395,0.195,12,24.368,23.746,21.262,11,0.554,0.518,11,0.5479,1.005,,,,0.0,,,0.0,0.0,0.603,0.94,0.804,0.0012,
4125,Switchboard,4.986,50.0,10.028,168.87,307,535,61.57,107.3,0.4919,0.3888,0.2009,26,11.228,5.307,14.684,25,0.285,0.158,25,0.3452,1.203,,,,0.201,,,0.201,0.0,1.604,3.49,1.404,0.0045,
4126,Switchboard,4.981,123.0,24.695,188.12,580,357,116.45,71.67,0.3397,0.395,0.2126,52,5.554,3.679,5.678,51,0.165,0.195,51,0.5761,6.625,,,,1.004,,,1.004,0.0,3.012,4.53,2.811,0.0167,
4127,Switchboard,4.98,79.0,15.864,183.94,379,537,76.11,107.84,0.4327,0.3557,0.2153,35,8.456,4.039,8.324,34,-0.031,0.094,34,0.3833,4.016,,,,1.406,,,1.205,0.201,3.414,7.48,0.803,0.0051,1.004
4128,Switchboard,4.973,37.0,7.44,179.15,176,715,35.39,143.77,0.5739,0.3175,0.2542,19,15.406,3.386,20.418,18,0.283,0.294,18,0.2143,1.407,,,,0.402,,,0.402,0.0,0.804,1.18,0.402,0.0755,
4129,Switchboard,4.981,88.0,17.668,187.12,250,682,50.19,136.92,0.504,0.371,0.2873,48,5.954,2.794,8.64,47,0.227,0.129,47,0.3027,3.815,,,,0.803,,,0.803,0.0,3.614,6.89,0.402,0.001,1.205
4130,Switchboard,4.981,64.0,12.849,175.47,350,524,70.27,105.2,0.42,0.3645,0.2801,23,11.99,9.508,14.721,22,0.987,0.491,22,0.3756,5.622,,,,0.0,,,0.0,0.0,1.004,1.57,0.803,0.0121,1.004
4131,Switchboard,4.997,59.0,11.806,194.3,577,394,115.46,78.84,0.4073,0.4289,0.2321,26,11.179,3.45,12.409,25,0.362,0.257,25,0.6109,4.202,,,,0.0,,,0.0,0.0,1.201,1.78,0.2,0.0067,
4132,Switchboard,4.966,76.0,15.303,151.22,450,301,90.61,60.61,0.3889,0.4485,0.1983,27,10.543,2.67,14.949,26,0.507,0.387,26,0.5941,1.611,,,,0.0,,,0.0,0.0,1.208,1.86,2.416,0.041,
4133,Switchboard,4.974,56.0,11.258,216.31,749,327,150.57,65.74,0.3912,0.4801,0.2353,28,10.288,6.5,9.921,27,0.359,0.49,27,0.6905,2.01,,,,0.201,,,0.201,0.0,1.608,3.93,0.0,0.0152,0.402
4134,Switchboard,4.973,52.0,10.456,176.14,474,402,95.31,80.83,0.4599,0.398,0.2357,29,10.115,5.679,11.913,28,0.163,0.222,28,0.5463,1.407,,,,0.201,,,0.201,0.0,2.011,4.38,0.201,0.0046,
4135,Switchboard,4.97,68.0,13.683,214.1,445,619,89.54,124.56,0.3573,0.3893,0.1442,25,12.082,4.704,13.013,24,-0.173,-0.046,24,0.4489,4.226,,,,0.805,,,0.805,0.0,2.616,5.31,0.805,0.0041,
4136,Switchboard,4.988,72.0,14.434,197.46,606,379,121.48,75.98,0.3614,0.4591,0.2332,31,9.547,3.038,15.092,30,0.11,0.197,30,0.6187,2.807,,,,0.802,,,0.802,0.0,2.205,4.2,2.406,0.0035,
4137,Switchboard,4.992,108.0,21.634,190.7,587,365,117.59,73.12,0.3782,0.4904,0.2296,58,5.023,2.05,6.999,57,0.142,0.201,57,0.6305,2.604,,,,1.202,,,1.202,0.0,3.806,6.68,2.404,0.0054,1.803
4138,Switchboard,4.991,64.0,12.823,177.32,393,492,78.74,98.58,0.3944,0.4085,0.2372,33,8.747,3.096,11.714,32,0.336,0.246,32,0.3922,2.204,,,,0.601,,,0.601,0.0,2.404,3.41,0.801,0.0022,0.0
4139,Switchboard,4.999,95.0,19.004,209.84,663,386,132.63,77.22,0.3032,0.4145,0.144,37,8.123,4.997,7.919,36,-0.024,0.058,36,0.6275,3.801,,,,0.4,,,0.4,0.0,3.601,5.42,3.001,0.0089,
4140,Switchboard,4.991,18.0,3.607,163.09,330,484,66.12,96.98,0.4667,0.4215,0.194,9,32.877,35.061,21.642,8,0.231,0.605,8,0.4241,0.0,,,,0.2,,,0.2,0.0,0.601,1.17,0.0,0.1284,
4141,Switchboard,4.949,93.0,18.792,194.59,508,455,102.65,91.94,0.4331,0.4286,0.1252,33,8.867,3.486,9.277,32,0.133,0.147,32,0.5441,3.637,,,,0.404,,,0.404,0.0,2.627,3.54,5.052,0.002,
4142,Switchboard,4.981,64.0,12.849,198.96,151,840,30.32,168.65,0.5364,0.3405,0.168,26,11.444,5.003,13.481,25,0.038,0.234,25,0.1661,4.216,,,,0.402,,,0.402,0.0,1.606,3.86,1.205,0.0026,
4143,Switchboard,4.999,33.0,6.601,183.04,384,531,76.82,106.22,0.4089,0.4275,0.219,10,29.585,22.349,28.916,9,0.443,0.419,9,0.4116,3.601,,,,0.0,,,0.0,0.0,0.2,0.52,0.4,0.0024,
4144,Switchboard,4.154,84.0,20.221,190.17,452,338,108.81,81.36,0.4115,0.4645,0.1833,44,5.364,3.419,5.547,43,0.253,0.287,43,0.506,0.963,,,,1.204,,,1.204,0.0,3.611,4.57,1.444,0.0202,
4145,Switchboard,4.993,132.0,26.439,204.3,327,693,65.5,138.81,0.4587,0.3521,0.1481,59,5.152,1.457,7.03,58,-0.082,0.109,58,0.3382,6.41,,,,1.402,,,1.402,0.0,4.807,9.06,0.0,0.0187,
4146,Switchboard,4.981,32.0,6.425,174.47,515,354,103.4,71.07,0.4427,0.4209,0.1299,10,29.765,16.662,32.071,9,0.129,0.08,9,0.5766,1.405,,,,0.0,,,0.0,0.0,0.803,0.95,2.008,0.0005,
4147,Switchboard,4.986,75.0,15.042,191.73,538,418,107.9,83.83,0.4015,0.3923,0.2284,23,13.099,4.482,14.341,22,-0.104,0.147,22,0.5484,4.813,,,,1.003,,,0.802,0.201,2.407,3.1,0.201,0.0183,0.602
4148,Switchboard,4.995,32.0,6.406,179.97,417,482,83.48,96.49,0.4652,0.4025,0.2012,19,15.332,13.414,12.19,18,0.448,0.534,18,0.4634,1.201,,,,0.4,,,0.4,0.0,0.601,0.85,0.0,0.016,0.801
4149,Switchboard,4.959,100.0,20.165,193.79,643,318,129.66,64.13,0.3437,0.4811,0.1496,45,6.653,2.049,17.247,44,-0.046,0.116,44,0.6308,3.428,,,,1.21,,,1.21,0.0,3.025,4.71,3.025,0.0083,1.412
4150,Switchboard,4.961,113.0,22.78,203.81,261,750,52.61,151.19,0.4981,0.388,0.2182,38,7.628,2.581,13.824,37,0.199,0.258,37,0.2907,4.838,,,,0.806,,,0.605,0.202,2.822,4.75,2.621,0.0417,2.016
4151,Switchboard,4.984,24.0,4.815,164.93,446,376,89.49,75.44,0.4193,0.4468,0.1974,10,29.255,34.666,20.165,9,0.682,0.704,9,0.446,1.204,,,,0.0,,,0.0,0.0,0.401,0.42,0.602,0.0024,0.803
4152,Switchboard,4.982,68.0,13.648,177.62,652,233,130.86,46.76,0.3528,0.5408,0.1377,28,10.671,4.782,13.638,27,0.005,0.083,27,0.6963,3.011,,,,0.401,,,0.401,0.0,2.408,5.84,0.0,0.0305,1.204
4153,Switchboard,4.974,79.0,15.881,196.4,502,475,100.92,95.49,0.3805,0.3621,0.1892,28,10.868,4.385,13.168,27,-0.234,-0.077,27,0.5414,4.825,,,,1.608,,,1.407,0.201,3.417,8.07,0.402,0.0108,0.402
4154,Switchboard,4.982,63.0,12.644,174.01,546,321,109.59,64.43,0.381,0.4922,0.3361,23,12.301,7.077,11.301,22,0.726,0.544,22,0.6065,5.018,,,,0.201,,,0.201,0.0,1.004,1.77,0.201,0.0096,1.405
4155,Switchboard,4.976,93.0,18.69,174.44,245,623,49.24,125.2,0.4898,0.3868,0.2318,38,7.554,1.622,13.375,37,0.291,0.304,37,0.3463,4.823,,,,0.402,,,0.402,0.0,2.211,2.89,2.211,0.0202,3.416
4156,Switchboard,4.985,110.0,22.068,216.07,326,751,65.4,150.67,0.3988,0.2996,0.1421,47,6.207,3.59,6.914,46,0.158,0.109,46,0.335,6.821,,,,0.201,,,0.201,0.0,3.812,5.47,1.204,0.0025,
4157,Switchboard,4.981,35.0,7.027,175.87,495,381,99.38,76.49,0.3596,0.4016,0.1676,9,33.083,2.604,44.825,8,0.025,0.033,8,0.6125,2.61,,,,0.0,,,0.0,0.0,0.803,1.1,0.0,0.0083,0.402
4158,Switchboard,4.97,86.0,17.305,170.84,483,366,97.19,73.65,0.3913,0.4344,0.2509,33,8.989,3.506,10.806,32,0.045,0.205,32,0.4659,4.226,,,,0.604,,,0.604,0.0,2.616,4.06,1.006,0.0233,0.805
4159,Switchboard,4.997,64.0,12.807,199.91,198,801,39.62,160.28,0.5556,0.367,0.1432,22,13.792,7.972,19.638,21,-0.188,-0.093,21,0.1832,4.202,,,,1.001,,,1.001,0.0,2.801,5.44,0.4,0.0104,1.001
4160,Switchboard,4.988,49.0,9.823,185.83,551,376,110.46,75.38,0.3702,0.4707,0.1859,22,13.002,10.099,12.899,21,0.624,0.399,21,0.5482,2.606,,,,0.2,,,0.2,0.0,1.203,2.41,1.002,0.0042,
4161,Switchboard,4.982,57.0,11.44,176.22,336,542,67.44,108.78,0.4494,0.393,0.2965,18,16.099,4.98,23.592,17,0.479,0.368,17,0.3785,2.208,,,,0.0,,,0.0,0.0,0.803,0.89,1.204,0.0333,
4162,Switchboard,4.98,121.0,24.298,192.58,596,363,119.68,72.89,0.3557,0.3994,0.1686,47,6.454,2.226,8.535,46,-0.112,-0.075,46,0.5689,8.033,,,,1.406,,,1.205,0.201,5.824,10.02,0.0,0.008,
4163,Switchboard,4.993,68.0,13.62,219.93,636,462,127.39,92.54,0.3538,0.3658,0.2071,27,10.615,6.45,11.842,26,0.446,0.29,26,0.5605,4.206,,,,0.0,,,0.0,0.0,1.001,1.24,1.602,0.0082,
4164,Switchboard,4.975,83.0,16.682,208.42,611,426,122.8,85.62,0.3961,0.4014,0.1734,32,9.193,5.378,10.218,31,0.12,0.166,31,0.5882,4.824,,,,0.402,,,0.402,0.0,2.01,5.57,1.005,0.0149,
4165,Switchboard,4.989,54.0,10.824,174.59,499,372,100.02,74.57,0.3607,0.4301,0.2356,12,24.666,5.193,31.727,11,0.258,0.328,11,0.5416,3.408,,,,0.0,,,0.0,0.0,0.802,1.08,0.401,0.0262,0.401
4166,Switchboard,5.0,58.0,11.6,194.8,431,543,86.2,108.6,0.413,0.3849,0.1481,22,13.265,8.547,17.917,21,0.35,0.223,21,0.5005,5.4,,,,0.0,,,0.0,0.0,1.4,0.82,0.2,0.0003,0.6
4167,Switchboard,4.986,41.0,8.224,190.95,283,669,56.76,134.19,0.4876,0.3812,0.1712,11,26.904,24.386,21.166,10,0.269,0.157,10,0.3118,3.41,,,,0.0,,,0.0,0.0,1.003,1.28,1.203,0.0013,0.602
4168,Switchboard,4.968,171.0,34.42,231.08,493,655,99.23,131.84,0.3773,0.3328,0.1441,79,3.83,1.982,4.059,78,-0.06,0.074,78,0.4817,4.63,,,,1.812,,,1.812,0.0,8.253,12.77,1.61,0.0234,3.422
4169,Switchboard,4.975,64.0,12.863,180.48,365,533,73.36,107.12,0.474,0.4296,0.1206,20,14.88,6.428,15.259,19,0.004,-0.024,19,0.3967,3.819,,,,0.201,,,0.201,0.0,2.211,3.44,1.809,0.0163,
4170,Switchboard,4.963,76.0,15.314,175.51,315,556,63.47,112.04,0.4063,0.3903,0.1872,23,12.31,10.365,11.837,22,0.656,0.718,22,0.3807,3.627,,,,0.0,,,0.0,0.0,1.008,1.42,1.612,0.0801,
4171,Switchboard,4.981,77.0,15.459,196.75,566,414,113.64,83.12,0.3852,0.4324,0.172,32,9.254,6.165,8.98,31,0.066,0.399,31,0.6099,1.606,,,,0.602,,,0.602,0.0,2.008,3.12,2.008,0.0224,1.405
4172,Switchboard,4.964,115.0,23.165,219.16,385,703,77.55,141.61,0.3948,0.3428,0.1218,44,6.901,2.333,8.162,43,-0.137,-0.001,43,0.3391,4.23,,,,1.612,,,1.41,0.201,4.835,11.29,2.417,0.0114,
4173,Switchboard,4.973,39.0,7.842,192.02,605,350,121.65,70.37,0.3471,0.4314,0.1737,10,29.674,10.788,33.151,9,-0.028,-0.08,9,0.6111,2.011,,,,0.0,,,0.0,0.0,1.005,2.01,0.201,0.0157,
4174,Switchboard,4.975,60.0,12.059,169.83,293,552,58.89,110.94,0.4539,0.4022,0.2651,12,24.352,15.786,23.981,11,0.493,0.244,11,0.3152,5.427,,,,0.0,,,0.0,0.0,0.603,0.62,0.804,0.0227,0.402
4175,Switchboard,4.976,160.0,32.154,204.78,481,538,96.66,108.12,0.395,0.4238,0.2072,79,3.419,1.566,4.73,78,0.356,0.223,78,0.5134,4.22,,,,0.0,,,0.0,0.0,5.024,8.02,2.813,0.0386,3.617
4176,Switchboard,4.995,107.0,21.423,207.42,670,366,134.14,73.28,0.3313,0.4536,0.1152,49,6.075,2.248,10.557,48,0.031,0.069,48,0.6691,3.003,,,,1.001,,,0.801,0.2,3.804,8.93,3.203,0.0127,
4177,Switchboard,4.977,72.0,14.466,199.71,677,317,136.02,63.69,0.3811,0.489,0.2331,37,7.702,5.027,9.226,36,0.366,0.362,36,0.6789,2.21,,,,0.603,,,0.603,0.0,1.607,3.64,1.607,0.0116,1.406
4178,Switchboard,4.973,61.0,12.265,191.02,415,535,83.44,107.57,0.4506,0.4,0.1748,20,15.347,9.433,14.883,19,-0.506,0.048,19,0.4866,3.217,,,,0.804,,,0.804,0.0,2.212,5.46,1.206,0.0169,
4179,Switchboard,4.977,116.0,23.307,203.53,754,259,151.49,52.04,0.3687,0.5328,0.1737,54,5.574,2.395,7.49,53,-0.045,0.09,53,0.6957,3.215,,,,1.206,,,1.005,0.201,4.621,5.94,2.411,0.0089,2.813
4180,Switchboard,4.968,72.0,14.493,185.18,314,606,63.2,121.98,0.5064,0.3432,0.2293,37,7.855,6.663,6.58,36,0.204,0.297,36,0.3492,3.221,,,,0.403,,,0.403,0.0,2.214,3.83,0.604,0.0058,
4181,Switchboard,4.977,92.0,18.485,238.49,678,509,136.22,102.27,0.3614,0.4224,0.1303,41,7.228,2.421,8.333,40,0.007,0.088,40,0.5213,5.224,,,,0.603,,,0.603,0.0,3.416,5.86,0.0,0.0057,0.402
4182,Switchboard,4.981,31.0,6.224,204.99,275,746,55.21,149.77,0.4836,0.3552,0.191,15,19.836,5.303,26.001,14,0.077,0.132,14,0.2617,1.004,,,,0.201,,,0.201,0.0,0.803,1.07,0.402,0.0095,
4183,Switchboard,4.992,83.0,16.626,208.73,410,632,82.13,126.6,0.4098,0.4225,0.1714,39,7.496,3.98,8.69,38,0.183,0.26,38,0.4109,3.606,,,,0.601,,,0.601,0.0,1.803,2.83,2.003,0.0062,
4184,Switchboard,4.964,148.0,29.813,194.99,489,479,98.5,96.49,0.3988,0.4154,0.1743,75,4.047,2.132,5.191,74,-0.09,0.187,74,0.4941,2.82,,,,2.216,,,2.216,0.0,6.647,13.7,3.424,0.0063,1.41
4185,Switchboard,4.963,120.0,24.18,185.38,323,597,65.09,120.3,0.4675,0.3685,0.121,46,6.493,1.988,10.188,45,-0.04,0.062,45,0.3631,5.844,,,,1.209,,,1.209,0.0,3.829,6.62,3.426,0.0111,
4186,Switchboard,5.003,81.0,16.191,164.11,421,400,84.15,79.96,0.4489,0.4625,0.2692,41,6.681,3.076,11.24,40,0.653,0.417,40,0.518,4.198,,,,0.4,,,0.4,0.0,1.599,2.42,0.8,0.0129,
4187,Switchboard,5.006,97.0,19.375,178.57,255,639,50.93,127.64,0.498,0.4006,0.2658,36,7.832,1.53,14.933,35,0.516,0.271,35,0.3083,3.196,,,,0.2,,,0.2,0.0,2.597,3.54,2.597,0.0269,
4188,Switchboard,4.992,51.0,10.216,153.04,553,211,110.78,42.27,0.3779,0.4834,0.2675,20,14.435,4.43,17.219,19,0.165,0.041,19,0.8078,2.804,,,,0.2,,,0.2,0.0,1.803,3.99,0.2,0.0081,
4189,Switchboard,4.985,92.0,18.457,168.12,334,504,67.01,101.11,0.4311,0.4425,0.2088,32,8.843,6.909,7.517,31,0.513,0.345,31,0.3929,4.012,,,,0.201,,,0.201,0.0,2.006,3.72,3.812,0.0123,
4190,Switchboard,4.999,51.0,10.202,173.84,558,311,111.62,62.21,0.3853,0.5241,0.1913,14,20.93,14.766,23.601,13,0.423,0.184,13,0.6196,4.601,,,,0.2,,,0.2,0.0,0.6,1.17,0.0,0.0097,
4191,Switchboard,4.973,52.0,10.456,151.81,238,517,47.85,103.95,0.5252,0.4004,0.213,15,18.515,7.979,21.481,14,1.401,1.469,14,0.2286,4.021,,,,0.201,,,0.201,0.0,0.201,0.38,0.804,0.0123,
4192,Switchboard,4.977,41.0,8.238,228.65,450,688,90.41,138.23,0.4333,0.3692,0.1484,10,29.488,32.279,21.91,9,0.375,0.535,9,0.3918,4.42,,,,0.201,,,0.201,0.0,0.402,0.55,0.603,0.0147,
4193,Switchboard,4.991,68.0,13.625,214.39,144,926,28.85,185.54,0.4514,0.3315,0.1502,13,22.63,10.889,29.023,12,0.348,0.221,12,0.1947,8.215,,,,0.2,,,0.2,0.0,0.601,0.47,1.002,0.0113,
4194,Switchboard,4.982,71.0,14.25,202.51,498,511,99.95,102.56,0.4659,0.4344,0.1393,31,9.268,4.36,11.314,30,0.236,0.273,30,0.4878,1.606,,,,0.602,,,0.602,0.0,1.806,4.41,3.011,0.014,
4195,Switchboard,4.984,153.0,30.698,192.21,422,536,84.67,107.54,0.4526,0.3862,0.1809,78,3.854,1.622,5.031,77,-0.023,0.059,77,0.3902,5.618,,,,1.404,,,1.404,0.0,7.223,11.2,1.204,0.0041,
4196,Switchboard,4.991,57.0,11.421,161.89,267,541,53.5,108.4,0.4719,0.3993,0.2291,22,13.348,3.264,16.225,21,0.274,0.272,21,0.3186,4.408,,,,0.801,,,0.801,0.0,1.603,2.42,0.2,0.0043,
4197,Switchboard,4.995,73.0,14.615,193.2,433,532,86.69,106.51,0.3926,0.4154,0.2369,25,11.817,2.324,18.475,24,0.168,0.203,24,0.4767,4.204,,,,0.2,,,0.2,0.0,2.002,2.31,2.002,0.0072,
4198,Switchboard,4.976,29.0,5.828,153.94,366,400,73.55,80.39,0.4672,0.4225,0.2155,10,29.166,16.913,32.099,9,0.702,0.569,9,0.4839,1.407,,,,0.0,,,0.0,0.0,0.201,0.11,0.804,0.0101,
4199,Switchboard,4.979,132.0,26.51,249.24,412,829,82.74,166.49,0.4563,0.3534,0.1201,58,5.164,2.44,6.836,57,-0.014,0.076,57,0.3928,3.615,,,,0.803,,,0.803,0.0,5.423,8.11,3.816,0.0113,
4200,Switchboard,4.966,77.0,15.506,180.43,287,609,57.79,122.64,0.4704,0.381,0.2287,34,8.55,3.048,10.689,33,0.213,0.181,33,0.2981,4.43,,,,0.403,,,0.403,0.0,1.812,4.07,0.805,0.0109,
4201,Switchboard,4.968,52.0,10.467,170.49,511,336,102.86,67.63,0.3953,0.4315,0.2367,29,9.649,7.046,8.255,28,0.65,0.43,28,0.5678,2.617,,,,0.0,,,0.0,0.0,0.201,0.4,0.805,0.0092,
4202,Switchboard,4.992,64.0,12.82,149.84,520,228,104.17,45.67,0.425,0.5702,0.2236,20,14.275,5.434,19.401,19,0.712,0.389,19,0.6451,5.609,,,,0.2,,,0.2,0.0,1.002,1.71,0.801,0.0101,
4203,Switchboard,4.992,60.0,12.019,180.09,365,534,73.12,106.97,0.3836,0.397,0.2264,14,20.849,16.733,19.702,13,0.552,0.529,13,0.341,4.207,,,,0.2,,,0.2,0.0,0.2,0.18,1.803,0.0201,
4204,Switchboard,4.998,109.0,21.807,193.06,683,282,136.64,56.42,0.3924,0.5,0.1929,53,5.469,3.34,5.865,52,0.185,0.264,52,0.6636,2.401,,,,1.2,,,1.2,0.0,3.601,8.19,2.801,0.0154,
4205,Switchboard,4.977,49.0,9.845,139.44,246,448,49.43,90.01,0.4837,0.4286,0.3195,17,16.653,16.032,15.179,16,0.948,0.562,16,0.4181,3.416,,,,0.0,,,0.0,0.0,0.603,0.53,0.0,0.0135,
4206,Switchboard,4.961,134.0,27.013,234.45,579,584,116.72,117.73,0.342,0.2997,0.2154,61,4.975,1.9,8.448,60,-0.099,0.031,60,0.5007,5.241,,,,2.016,,,1.814,0.202,6.854,12.23,0.806,0.0338,
4207,Switchboard,4.975,66.0,13.265,183.5,448,465,90.04,93.46,0.3862,0.4,0.1741,23,12.858,6.376,13.944,22,0.123,0.258,22,0.5109,1.206,,,,0.402,,,0.402,0.0,2.01,3.54,2.211,0.0207,
4208,Switchboard,4.993,103.0,20.631,205.51,482,544,96.54,108.96,0.3942,0.4173,0.1625,47,6.407,2.029,8.482,46,-0.036,0.112,46,0.4472,4.807,,,,0.601,,,0.601,0.0,3.405,5.58,1.803,0.0047,
4209,Switchboard,4.976,69.0,13.866,188.5,398,540,79.98,108.52,0.4246,0.4333,0.1361,27,10.882,4.452,14.903,26,0.181,0.16,26,0.3905,2.211,,,,0.804,,,0.804,0.0,1.608,4.26,3.617,0.0108,
4210,Switchboard,4.984,88.0,17.656,164.93,360,462,72.23,92.7,0.4583,0.4632,0.2012,53,5.223,3.334,5.398,52,0.409,0.382,52,0.4442,3.01,,,,0.201,,,0.201,0.0,1.605,2.4,1.003,0.0113,
4211,Switchboard,4.985,44.0,8.827,174.74,318,553,63.8,110.94,0.4403,0.34,0.1781,14,20.962,10.912,24.594,13,0.424,0.159,13,0.3602,4.213,,,,0.0,,,0.0,0.0,0.602,1.21,0.0,0.0072,
4212,Switchboard,4.961,51.0,10.281,190.3,363,581,73.18,117.12,0.4545,0.3821,0.2321,15,19.438,17.481,17.175,14,0.383,0.317,14,0.4449,2.419,,,,0.403,,,0.403,0.0,0.806,1.67,0.202,0.0319,
4213,Switchboard,4.985,94.0,18.858,162.3,258,551,51.76,110.54,0.4457,0.3721,0.2397,38,7.133,3.288,7.767,37,0.75,0.329,37,0.3684,5.015,,,,0.201,,,0.201,0.0,2.407,2.51,1.404,0.0228,
4214,Switchboard,4.984,109.0,21.87,206.26,308,720,61.8,144.46,0.5162,0.3458,0.1603,38,7.811,2.126,12.053,37,0.046,0.129,37,0.3484,3.21,,,,0.602,,,0.602,0.0,3.411,6.2,6.019,0.0098,
4215,Switchboard,5.008,106.0,21.166,234.42,528,646,105.43,128.99,0.3845,0.3529,0.1787,63,4.716,1.974,6.313,62,0.033,0.139,62,0.4384,2.796,,,,1.198,,,1.198,0.0,4.193,5.56,0.2,0.0099,
4216,Switchboard,4.99,99.0,19.84,206.02,483,545,96.8,109.22,0.4182,0.4037,0.1114,38,7.977,2.203,12.028,37,-0.134,-0.046,37,0.5166,5.611,,,,1.202,,,1.202,0.0,4.609,7.95,0.401,0.0183,
4217,Switchboard,4.982,48.0,9.635,164.6,508,312,101.97,62.63,0.372,0.5288,0.2078,22,13.424,7.436,14.578,21,0.111,0.14,21,0.626,1.405,,,,0.201,,,0.201,0.0,1.606,2.89,0.0,0.0167,
4218,Switchboard,4.986,67.0,13.437,179.1,426,467,85.44,93.66,0.4648,0.4304,0.2697,35,7.963,3.59,8.414,34,0.594,0.531,34,0.5107,2.407,,,,0.0,,,0.0,0.0,1.404,2.77,0.602,0.0083,
4219,Switchboard,4.987,90.0,18.046,195.1,479,494,96.05,99.05,0.4008,0.3725,0.2042,37,7.864,2.48,11.421,36,0.219,0.208,36,0.4469,4.812,,,,0.602,,,0.602,0.0,2.206,5.18,2.206,0.0125,
4220,Switchboard,5.003,65.0,12.993,173.71,438,431,87.55,86.15,0.3881,0.4524,0.2575,29,9.981,5.975,12.081,28,0.302,0.264,28,0.4766,1.799,,,,0.0,,,0.0,0.0,1.399,2.61,0.6,0.0533,
4221,Switchboard,4.993,128.0,25.638,227.94,509,629,101.95,125.99,0.3851,0.3736,0.1543,43,6.79,3.91,6.426,42,0.18,0.138,42,0.4308,5.809,,,,1.402,,,1.402,0.0,3.405,6.7,4.407,0.032,
4222,Switchboard,4.982,39.0,7.828,164.78,279,542,56.0,108.78,0.4803,0.4207,0.2727,15,18.472,8.461,29.42,14,1.528,0.952,14,0.3082,2.408,,,,0.0,,,0.0,0.0,0.0,0,0.0,0.02,
4223,Switchboard,4.974,54.0,10.856,216.91,670,409,134.69,82.22,0.3507,0.4401,0.1267,28,10.588,5.355,10.03,27,0.073,0.228,27,0.6385,2.814,,,,0.402,,,0.402,0.0,1.407,3.51,0.603,0.0013,
4224,Switchboard,4.986,67.0,13.437,190.13,543,405,108.9,81.22,0.3996,0.4247,0.2199,29,10.045,5.31,12.315,28,0.277,0.274,28,0.535,2.607,,,,0.201,,,0.201,0.0,2.006,2.79,1.404,0.0095,
4225,Switchboard,4.964,66.0,13.295,221.38,634,465,127.71,93.67,0.3738,0.4538,0.2268,39,7.515,4.0,8.739,38,0.1,0.355,38,0.5399,2.014,,,,1.007,,,1.007,0.0,2.619,5.3,0.0,0.0011,
4226,Switchboard,4.988,61.0,12.229,177.82,401,486,80.39,97.43,0.4239,0.3704,0.3307,33,8.364,2.313,11.883,32,0.713,0.465,32,0.5031,2.606,,,,0.601,,,0.601,0.0,1.604,2.84,0.802,0.003,
4227,Switchboard,4.982,110.0,22.08,174.23,480,388,96.35,77.88,0.3896,0.451,0.2481,59,4.578,2.235,6.605,58,0.496,0.338,58,0.6353,3.412,,,,0.401,,,0.401,0.0,2.208,3.81,4.015,0.0089,
4228,Switchboard,4.97,96.0,19.317,206.05,311,713,62.58,143.47,0.4662,0.3745,0.1411,51,5.695,3.37,7.411,50,0.153,0.333,50,0.3372,1.61,,,,1.006,,,1.006,0.0,4.427,5.79,2.012,0.0023,
4229,Switchboard,4.972,90.0,18.102,189.47,419,523,84.28,105.19,0.4129,0.4168,0.1483,38,7.831,3.18,11.206,37,0.019,0.115,37,0.4409,5.23,,,,0.402,,,0.402,0.0,2.816,4.4,1.006,0.0065,
4230,Switchboard,4.95,43.0,8.687,134.95,257,411,51.92,83.03,0.5875,0.4355,0.2526,22,12.985,11.067,11.453,21,0.532,0.343,21,0.3182,2.424,,,,0.404,,,0.404,0.0,1.01,1.0,0.404,0.002,
4231,Switchboard,4.964,159.0,32.029,194.39,495,470,99.71,94.68,0.4061,0.4128,0.1403,73,4.13,2.096,4.736,72,-0.073,0.091,72,0.48,6.245,,,,0.806,,,0.806,0.0,6.245,9.27,4.029,0.0039,
4232,Switchboard,4.995,52.0,10.41,174.37,681,190,136.33,38.04,0.442,0.5895,0.1845,28,10.254,4.146,12.161,27,0.413,0.246,27,0.7195,1.602,,,,0.0,,,0.0,0.0,1.602,2.87,1.201,0.0063,
4233,Switchboard,4.961,55.0,11.087,187.48,440,490,88.7,98.78,0.4318,0.4592,0.169,24,12.226,6.559,12.74,23,0.175,0.183,23,0.48,2.217,,,,0.202,,,0.202,0.0,1.814,2.93,1.613,0.0023,
4234,Switchboard,4.994,74.0,14.819,216.48,592,489,118.55,97.92,0.3885,0.4274,0.2598,41,7.115,2.079,8.985,40,0.196,0.182,40,0.5234,3.605,,,,0.2,,,0.2,0.0,1.802,2.05,0.401,0.0057,
4235,Switchboard,4.976,68.0,13.666,196.54,364,614,73.15,123.39,0.522,0.3876,0.1111,26,11.582,8.576,11.202,25,-0.104,0.081,25,0.3697,4.019,,,,0.804,,,0.804,0.0,2.01,5.88,1.608,0.0126,
4236,Switchboard,4.975,117.0,23.515,192.95,589,371,118.38,74.57,0.3548,0.3908,0.2384,51,5.543,1.675,7.568,50,0.303,0.199,50,0.5485,7.436,,,,0.0,,,0.0,0.0,2.613,2.79,1.608,0.013,
4237,Switchboard,4.992,35.0,7.011,176.08,474,405,94.95,81.13,0.3797,0.4025,0.3362,13,22.663,16.309,21.78,12,0.328,0.391,12,0.4965,2.003,,,,0.0,,,0.0,0.0,0.801,1.36,0.2,0.0125,
4238,Switchboard,4.981,85.0,17.065,191.53,490,464,98.38,93.16,0.4327,0.4375,0.1587,41,7.309,2.05,10.683,40,-0.022,0.072,40,0.5161,1.606,,,,1.205,,,1.205,0.0,4.417,8.18,1.606,0.0087,
4239,Switchboard,4.966,66.0,13.289,207.59,304,727,61.21,146.38,0.5559,0.37,0.1415,26,11.304,2.958,14.011,25,0.146,0.195,25,0.3291,3.624,,,,0.0,,,0.0,0.0,1.409,2.95,1.208,0.0186,
4240,Switchboard,4.992,56.0,11.218,165.86,380,448,76.12,89.74,0.5053,0.4576,0.2375,26,10.931,8.307,11.499,25,0.549,0.644,25,0.4286,3.005,,,,0.401,,,0.401,0.0,1.402,2.68,0.0,0.0201,
4241,Switchboard,4.973,90.0,18.096,192.22,593,363,119.24,72.99,0.3811,0.5289,0.1463,29,10.481,5.273,12.213,28,-0.221,-0.073,28,0.6208,5.831,,,,0.603,,,0.603,0.0,3.418,6.26,2.413,0.0062,
4242,Switchboard,4.968,108.0,21.739,207.73,647,385,130.23,77.5,0.374,0.4649,0.1465,48,6.298,3.865,6.682,47,-0.093,0.023,47,0.5851,5.032,,,,1.409,,,1.409,0.0,5.233,9.04,0.201,0.0116,
4243,Switchboard,4.97,48.0,9.659,183.72,435,478,87.53,96.18,0.4184,0.4644,0.1766,22,13.384,11.852,12.241,21,0.168,0.166,21,0.4196,2.012,,,,0.201,,,0.201,0.0,1.207,2.2,1.006,0.0068,
4244,Switchboard,5.0,27.0,5.4,146.8,183,551,36.6,110.2,0.6066,0.4265,0.2212,14,20.657,7.632,23.722,13,0.767,0.25,13,0.1823,1.6,,,,0.0,,,0.0,0.0,0.2,0.47,0.0,0.0071,
4245,Switchboard,4.977,56.0,11.252,172.39,427,431,85.79,86.6,0.4169,0.464,0.2387,23,12.622,6.375,20.673,22,0.371,0.374,22,0.5159,1.808,,,,0.0,,,0.0,0.0,1.607,2.24,1.808,0.0134,
4246,Switchboard,4.99,61.0,12.225,189.18,457,487,91.59,97.6,0.4376,0.4271,0.2055,31,9.591,3.99,15.057,30,0.067,0.196,30,0.4816,3.206,,,,1.202,,,1.002,0.2,1.804,5.49,0.401,0.0017,
4247,Switchboard,3.326,79.0,23.749,167.15,310,246,93.19,73.95,0.4935,0.5081,0.2578,38,4.926,2.603,5.83,37,0.273,0.24,37,0.6456,2.104,,,,0.601,,,0.601,0.0,3.908,3.99,4.209,0.0248,
4248,Switchboard,4.968,142.0,28.583,241.14,655,543,131.84,109.3,0.3725,0.3757,0.0823,43,7.202,2.137,9.814,42,-0.281,-0.089,42,0.6198,9.259,,,,1.208,,,1.208,0.0,5.837,11.57,3.623,0.0059,
4249,Switchboard,4.979,62.0,12.453,193.83,318,647,63.87,129.95,0.4119,0.3138,0.1618,23,12.776,6.904,16.041,22,0.209,0.237,22,0.4017,5.222,,,,0.201,,,0.201,0.0,1.808,2.96,0.0,0.0022,
4250,Switchboard,5.003,86.0,17.191,218.48,705,388,140.92,77.56,0.3163,0.4665,0.1476,39,7.859,6.766,6.673,38,-0.168,-0.028,38,0.6184,3.598,,,,0.999,,,0.999,0.0,4.398,8.63,0.2,0.0044,
4251,Switchboard,4.982,108.0,21.678,184.87,487,434,97.75,87.12,0.386,0.447,0.2163,49,5.567,3.206,6.173,48,0.544,0.164,48,0.4479,2.409,,,,0.401,,,0.401,0.0,3.613,4.58,2.81,0.0226,
4252,Switchboard,4.985,123.0,24.676,238.14,406,781,81.45,156.68,0.4384,0.3534,0.1481,50,6.06,2.042,8.044,49,-0.088,0.083,49,0.3565,4.815,,,,0.802,,,0.802,0.0,4.614,7.52,2.608,0.0153,
4253,Switchboard,4.973,38.0,7.641,184.78,265,654,53.28,131.5,0.4453,0.3364,0.2964,11,26.626,15.329,31.414,10,0.487,0.481,10,0.2924,1.609,,,,0.0,,,0.0,0.0,0.201,0.12,1.206,0.0163,
4254,Switchboard,4.981,77.0,15.459,172.66,502,358,100.79,71.88,0.4283,0.4609,0.307,38,7.426,4.068,10.245,37,0.414,0.38,37,0.5494,2.008,,,,0.0,,,0.0,0.0,1.807,2.34,0.0,0.0329,
4255,Switchboard,4.977,75.0,15.069,170.58,474,375,95.24,75.35,0.4241,0.488,0.1225,25,11.61,3.735,18.545,24,0.338,0.289,24,0.5595,6.63,,,,0.201,,,0.201,0.0,1.005,0.86,2.009,0.0019,
4256,Switchboard,4.994,104.0,20.827,206.26,590,440,118.15,88.11,0.3847,0.4455,0.1884,55,5.208,2.904,4.634,54,0.221,0.21,54,0.5653,2.403,,,,0.2,,,0.2,0.0,3.204,4.91,2.403,0.0149,
4257,Switchboard,4.984,87.0,17.456,189.2,415,528,83.27,105.94,0.4217,0.3788,0.1837,34,8.766,2.247,11.418,33,-0.016,0.145,33,0.4342,3.812,,,,0.602,,,0.602,0.0,3.21,6.28,1.404,0.0127,
4258,Switchboard,4.982,68.0,13.648,149.73,324,422,65.03,84.7,0.5062,0.4218,0.2201,26,11.148,3.275,16.741,25,0.303,0.185,25,0.3767,4.416,,,,0.602,,,0.602,0.0,1.806,2.48,1.405,0.0042,
4259,Switchboard,4.977,92.0,18.485,194.89,601,369,120.75,74.14,0.4226,0.5176,0.1795,42,7.104,3.46,9.0,41,0.003,0.127,41,0.6263,4.621,,,,0.201,,,0.201,0.0,2.009,5.31,1.406,0.0123,
4260,Switchboard,4.977,105.0,21.097,215.99,346,729,69.52,146.47,0.5029,0.3786,0.1332,58,4.986,1.895,6.617,57,0.165,0.146,57,0.327,2.21,,,,0.0,,,0.0,0.0,3.215,3.1,2.411,0.0077,
4261,Switchboard,4.965,54.0,10.875,194.95,381,587,76.73,118.22,0.4751,0.3765,0.172,29,10.161,8.88,7.411,28,0.021,0.208,28,0.3936,1.007,,,,0.604,,,0.403,0.201,2.417,5.19,0.201,0.0062,
4262,Switchboard,4.968,53.0,10.668,167.07,361,469,72.66,94.4,0.4155,0.3987,0.235,23,12.307,5.171,16.37,22,0.679,0.357,22,0.4155,4.026,,,,0.403,,,0.403,0.0,0.805,1.27,0.0,0.0055,
4263,Switchboard,4.988,76.0,15.236,188.04,380,558,76.18,111.86,0.4184,0.4086,0.1394,26,11.632,2.354,17.56,25,-0.137,0.025,25,0.3604,5.413,,,,0.2,,,0.2,0.0,2.205,3.48,1.203,0.0085,
4264,Switchboard,4.982,110.0,22.078,216.36,615,463,123.43,92.93,0.3659,0.3672,0.2402,64,4.456,1.901,6.012,63,0.217,0.214,63,0.5833,3.412,,,,0.803,,,0.803,0.0,3.412,3.93,1.004,0.0071,
4265,Switchboard,4.972,97.0,19.51,209.99,246,798,49.48,160.51,0.5081,0.3835,0.1916,40,7.365,2.525,14.708,39,0.093,0.073,39,0.2811,3.218,,,,0.805,,,0.805,0.0,2.414,6.95,3.218,0.0139,
4266,Switchboard,4.995,32.0,6.406,190.58,499,453,99.9,90.69,0.3587,0.4437,0.2236,12,24.275,20.876,19.091,11,0.69,0.533,11,0.4596,2.202,,,,0.0,,,0.0,0.0,0.2,0.32,0.801,0.0068,
4267,Switchboard,4.967,76.0,15.301,219.65,391,700,78.72,140.93,0.4552,0.3271,0.1451,26,11.381,8.296,11.622,25,0.05,0.251,25,0.3524,6.443,,,,1.007,,,1.007,0.0,2.013,2.34,0.604,0.0177,
4268,Switchboard,4.988,24.0,4.811,173.41,468,397,93.82,79.59,0.4295,0.4081,0.1862,15,19.789,2.349,29.289,14,0.141,0.253,14,0.5823,0.2,,,,0.2,,,0.2,0.0,0.802,1.44,0.2,0.0028,
4269,Switchboard,5.008,65.0,12.979,168.33,339,504,67.69,100.64,0.4425,0.371,0.216,29,10.418,1.954,18.218,28,-0.069,0.137,28,0.4262,2.995,,,,0.599,,,0.599,0.0,1.797,3.9,1.198,0.0115,
4270,Switchboard,4.982,80.0,16.056,193.68,507,458,101.76,91.92,0.3787,0.4367,0.1969,29,10.269,2.965,16.326,28,0.026,0.123,28,0.5451,4.416,,,,1.004,,,1.004,0.0,2.81,5.74,1.004,0.0183,
4271,Switchboard,4.977,69.0,13.863,219.61,424,669,85.19,134.42,0.4269,0.3348,0.1565,32,9.103,3.814,11.089,31,0.228,0.285,31,0.3519,1.808,,,,0.0,,,0.0,0.0,2.009,3.98,2.813,0.0055,
4272,Switchboard,4.966,63.0,12.687,176.0,381,493,76.72,99.28,0.4488,0.4828,0.293,31,9.074,3.648,12.108,30,0.541,0.498,30,0.4452,2.618,,,,0.201,,,0.201,0.0,1.41,1.03,1.007,0.01,
4273,Switchboard,4.992,96.0,19.231,221.55,221,885,44.27,177.28,0.4751,0.3051,0.1438,40,7.651,2.872,10.822,39,-0.171,0.121,39,0.2154,4.407,,,,0.401,,,0.401,0.0,3.606,5.61,1.002,0.0146,
4274,Switchboard,4.976,44.0,8.842,177.05,589,292,118.37,58.68,0.348,0.4418,0.291,21,13.916,5.74,16.147,20,0.312,0.387,20,0.6549,2.211,,,,0.603,,,0.603,0.0,1.206,1.66,0.201,0.0039,
4275,Switchboard,4.979,76.0,15.263,173.52,165,699,33.14,140.38,0.4788,0.3805,0.215,23,12.674,1.448,21.218,22,0.299,0.227,22,0.2142,7.632,,,,0.201,,,0.201,0.0,1.004,0.82,0.603,0.0135,
4276,Switchboard,4.968,59.0,11.876,195.65,519,453,104.47,91.18,0.447,0.4547,0.1919,25,11.676,8.579,9.945,24,0.255,0.29,24,0.5352,3.221,,,,0.0,,,0.0,0.0,1.208,1.03,1.61,0.0041,
4277,Switchboard,4.981,101.0,20.278,214.02,567,499,113.84,100.18,0.3545,0.3928,0.177,44,6.607,2.424,7.393,43,0.187,0.211,43,0.5141,4.618,,,,0.803,,,0.803,0.0,3.212,3.34,2.208,0.0134,
4278,Switchboard,4.995,47.0,9.41,217.43,683,403,136.74,80.69,0.3133,0.4814,0.1339,24,12.847,7.538,12.773,23,-0.378,0.162,23,0.5846,1.201,,,,1.401,,,1.201,0.2,2.603,7.26,0.4,0.0021,
4279,Switchboard,4.975,114.0,22.912,226.91,548,581,110.14,116.77,0.4033,0.3993,0.1113,52,5.846,4.012,5.745,51,-0.108,0.121,51,0.4846,5.226,,,,1.206,,,1.206,0.0,5.025,7.77,1.005,0.0092,
4280,Switchboard,4.985,47.0,9.429,177.15,438,445,87.87,89.28,0.4726,0.4022,0.2751,18,16.246,8.569,19.68,17,0.378,0.353,17,0.442,3.611,,,,0.401,,,0.401,0.0,1.003,0.91,0.602,0.0033,
4281,Switchboard,4.957,63.0,12.71,171.28,395,454,79.69,91.59,0.3797,0.4317,0.2662,34,8.159,5.577,8.479,33,0.566,0.582,33,0.4419,2.623,,,,0.403,,,0.403,0.0,1.614,2.81,1.21,0.0022,
4282,Switchboard,4.986,156.0,31.29,229.66,429,716,86.05,143.61,0.3963,0.3589,0.1014,65,4.876,2.272,5.733,64,-0.287,-0.193,64,0.2997,3.61,,,,1.203,,,1.003,0.201,9.427,18.5,2.407,0.0259,
4283,Switchboard,4.994,58.0,11.615,183.63,765,152,153.2,30.44,0.3882,0.5461,0.2539,25,11.741,3.554,16.511,24,0.206,0.186,24,0.8323,4.205,,,,0.2,,,0.2,0.0,1.602,3.74,0.401,0.0007,
4284,Switchboard,4.977,28.0,5.626,154.91,232,539,46.61,108.3,0.4483,0.4082,0.2603,17,16.933,9.45,13.72,16,0.668,0.602,16,0.3124,0.603,,,,0.402,,,0.201,0.201,0.402,1.48,0.0,0.0038,
4285,Switchboard,4.973,90.0,18.098,186.82,344,585,69.18,117.64,0.4012,0.3538,0.1517,44,6.802,3.274,8.207,43,-0.023,0.098,43,0.3414,5.43,,,,0.804,,,0.804,0.0,2.815,4.51,0.0,0.0036,
4286,Switchboard,4.995,93.0,18.618,194.19,553,417,110.71,83.48,0.3978,0.4077,0.1321,44,6.988,2.058,10.651,43,-0.182,-0.023,43,0.5998,3.203,,,,1.401,,,1.401,0.0,5.205,12.79,1.201,0.0001,
4287,Switchboard,4.997,105.0,21.011,203.71,457,561,91.45,112.26,0.372,0.4492,0.1596,47,6.167,2.368,9.837,46,0.19,0.092,46,0.4447,4.602,,,,0.4,,,0.4,0.0,4.202,5.83,1.401,0.0084,
4288,Switchboard,5.003,38.0,7.596,195.09,559,417,111.74,83.35,0.3703,0.4652,0.2511,16,18.019,15.987,12.742,15,0.725,0.614,15,0.5618,2.399,,,,0.0,,,0.0,0.0,0.6,0.7,0.4,0.0047,
4289,Switchboard,4.968,112.0,22.544,174.11,343,522,69.04,105.07,0.4257,0.4157,0.2378,51,5.531,2.587,9.024,50,0.315,0.374,50,0.4302,3.019,,,,0.201,,,0.201,0.0,2.214,4.52,2.013,0.053,
4290,Switchboard,4.991,96.0,19.235,231.82,601,556,120.42,111.4,0.3444,0.3867,0.1375,36,8.351,4.169,10.182,35,-0.036,0.185,35,0.5142,4.809,,,,1.002,,,0.801,0.2,3.005,5.73,3.206,0.0042,
4291,Switchboard,4.974,54.0,10.856,206.46,548,479,110.16,96.29,0.3796,0.3695,0.1504,11,26.822,14.324,29.807,10,0.107,0.131,10,0.5808,7.036,,,,0.201,,,0.201,0.0,0.804,1.38,0.201,0.0012,
4292,Switchboard,4.995,127.0,25.424,190.18,431,519,86.28,103.9,0.4153,0.4528,0.1363,51,5.806,2.105,8.496,50,0.072,0.11,50,0.4925,5.806,,,,0.801,,,0.801,0.0,4.204,6.63,4.004,0.0104,
4293,Switchboard,5.001,81.0,16.196,185.56,495,433,98.98,86.58,0.4303,0.4434,0.2015,31,8.837,7.404,7.699,30,0.832,0.572,30,0.5067,3.199,,,,0.4,,,0.4,0.0,0.6,0.92,4.599,0.0145,
4294,Switchboard,4.985,26.0,5.216,193.2,201,762,40.32,152.87,0.5224,0.4199,0.1869,18,16.083,7.584,18.748,17,0.534,0.308,17,0.2015,0.401,,,,0.0,,,0.0,0.0,0.201,0.14,0.401,0.004,
4295,Switchboard,4.982,47.0,9.433,218.97,360,731,72.25,146.72,0.525,0.394,0.0888,18,17.186,10.15,14.977,17,-0.616,-0.558,17,0.3588,1.606,,,,1.004,,,1.004,0.0,2.408,6.33,0.401,0.0042,
4296,Switchboard,4.981,80.0,16.062,229.08,804,337,161.42,67.66,0.3483,0.4214,0.1599,36,8.586,3.534,13.19,35,-0.295,-0.069,35,0.6865,2.208,,,,1.004,,,1.004,0.0,5.019,7.83,0.602,0.0072,
4297,Switchboard,4.981,63.0,12.648,166.64,489,341,98.18,68.46,0.4172,0.4516,0.269,26,10.382,7.683,10.136,25,1.12,0.826,25,0.6224,3.012,,,,0.402,,,0.402,0.0,0.602,1.62,1.606,0.0175,
4298,Switchboard,4.955,78.0,15.741,156.6,556,220,112.2,44.4,0.3831,0.5818,0.2355,36,8.05,3.586,10.638,35,0.2,0.103,35,0.6878,1.211,,,,0.605,,,0.605,0.0,3.431,7.0,2.22,0.0123,
4299,Switchboard,4.985,115.0,23.071,182.76,274,637,54.97,127.79,0.4599,0.3595,0.1719,44,6.711,3.073,9.836,43,0.083,0.022,43,0.3536,6.42,,,,1.204,,,1.204,0.0,3.812,5.94,2.809,0.0122,
4300,Switchboard,4.992,121.0,24.239,214.54,750,321,150.24,64.3,0.3627,0.3863,0.1163,51,6.018,2.97,6.139,50,-0.161,-0.124,50,0.6298,5.008,,,,1.202,,,1.202,0.0,6.21,11.6,0.801,0.0253,
4301,Switchboard,4.973,72.0,14.477,191.62,420,533,84.45,107.17,0.4714,0.4371,0.1888,34,8.472,5.071,8.704,33,0.311,0.243,33,0.4779,2.011,,,,0.603,,,0.603,0.0,2.011,2.61,2.614,0.0087,
4302,Switchboard,4.978,50.0,10.044,192.64,301,658,60.46,132.18,0.4153,0.3708,0.2667,16,18.685,3.053,27.832,15,-0.168,0.079,15,0.3077,4.62,,,,0.402,,,0.201,0.201,1.406,2.47,0.0,0.0022,
4303,Switchboard,4.971,40.0,8.047,172.21,350,506,70.41,101.8,0.4229,0.417,0.2363,16,18.097,7.343,22.436,15,0.576,0.538,15,0.3873,3.42,,,,0.201,,,0.201,0.0,1.006,1.5,0.201,0.0,
4304,Switchboard,4.999,77.0,15.403,166.83,443,391,88.62,78.22,0.4153,0.4629,0.2617,37,7.835,2.46,10.865,36,0.276,0.28,36,0.516,2.4,,,,0.0,,,0.0,0.0,2.0,2.59,1.6,0.0131,
4305,Switchboard,4.973,65.0,13.07,195.44,401,571,80.63,114.81,0.4638,0.387,0.1582,24,12.484,3.318,16.53,23,-0.071,-0.078,23,0.4128,3.619,,,,0.603,,,0.603,0.0,3.418,3.83,0.402,0.0046,
4306,Switchboard,4.975,38.0,7.637,164.41,397,421,79.79,84.61,0.461,0.4466,0.2573,24,12.134,10.497,9.997,23,0.29,0.346,23,0.4377,1.608,,,,0.402,,,0.402,0.0,0.603,2.16,0.402,0.0001,
4307,Switchboard,4.981,46.0,9.235,188.72,360,580,72.28,116.45,0.4722,0.481,0.1305,24,12.441,6.209,15.093,23,0.002,0.173,23,0.3996,1.004,,,,0.602,,,0.602,0.0,1.606,4.57,0.402,0.0066,
4308,Switchboard,4.977,68.0,13.663,171.38,313,540,62.89,108.5,0.4696,0.4167,0.1575,17,17.025,5.725,18.902,16,0.574,0.515,16,0.4541,4.822,,,,0.201,,,0.201,0.0,1.005,1.65,3.014,0.0162,
4309,Switchboard,4.992,42.0,8.413,176.48,557,324,111.58,64.9,0.3627,0.4475,0.2102,11,26.617,10.834,33.332,10,0.591,0.311,10,0.6341,2.404,,,,0.0,,,0.0,0.0,0.401,0.44,0.601,0.0189,
4310,Switchboard,4.984,56.0,11.236,173.75,383,483,76.85,96.91,0.4491,0.4534,0.188,18,16.393,12.497,16.221,17,0.229,0.176,17,0.4875,4.414,,,,0.0,,,0.0,0.0,1.003,1.58,0.0,0.0196,
4311,Switchboard,4.948,58.0,11.722,156.23,376,397,75.99,80.24,0.4574,0.3879,0.1884,21,13.833,10.278,13.417,20,0.209,0.146,20,0.4405,1.415,,,,0.202,,,0.202,0.0,1.415,1.62,0.606,0.0335,0.202
4312,Switchboard,4.992,59.0,11.819,149.04,239,505,47.88,101.16,0.477,0.4535,0.1745,22,13.154,4.745,14.835,21,0.475,0.279,21,0.2818,2.003,,,,0.2,,,0.2,0.0,1.202,2.21,3.606,0.0072,0.801
4313,Switchboard,4.992,70.0,14.022,193.11,478,486,95.75,97.36,0.4414,0.4012,0.1868,36,8.03,4.246,11.699,35,0.297,0.343,35,0.4594,2.204,,,,1.002,,,1.002,0.0,2.404,4.96,1.202,0.0035,
4314,Switchboard,4.958,134.0,27.028,217.23,734,343,148.05,69.18,0.312,0.4606,0.1933,76,3.767,1.674,5.107,75,0.136,0.189,75,0.6868,3.429,,,,0.403,,,0.403,0.0,5.648,6.64,1.412,0.0105,3.832
4315,Switchboard,4.981,81.0,16.262,233.5,470,693,94.36,139.13,0.4723,0.3362,0.2407,45,6.471,3.15,7.106,44,0.135,0.124,44,0.4326,2.61,,,,1.205,,,1.205,0.0,3.413,5.41,0.402,0.0027,
4316,Switchboard,4.956,87.0,17.553,208.83,689,346,139.01,69.81,0.3643,0.4393,0.182,45,6.581,3.91,7.692,44,0.027,0.168,44,0.6155,2.219,,,,1.009,,,1.009,0.0,3.43,6.69,1.009,0.0174,1.412
4317,Switchboard,4.982,92.0,18.465,188.66,347,593,69.64,119.02,0.4121,0.3862,0.159,34,8.428,5.845,9.137,33,0.374,0.36,33,0.4193,3.412,,,,0.201,,,0.201,0.0,1.405,1.68,3.613,0.0216,
4318,Switchboard,4.977,83.0,16.676,222.42,588,519,118.14,104.28,0.3912,0.3044,0.2078,35,8.368,5.088,9.148,34,0.168,0.181,34,0.5159,5.023,,,,0.804,,,0.804,0.0,2.813,5.47,0.201,0.0091,0.603
4319,Switchboard,4.986,75.0,15.042,201.16,511,492,102.48,98.67,0.3738,0.4065,0.2007,24,12.59,2.763,23.176,23,-0.139,0.026,23,0.5463,5.616,,,,0.602,,,0.602,0.0,2.407,4.03,0.602,0.0136,1.003
4320,Switchboard,4.986,83.0,16.646,194.94,637,335,127.75,67.19,0.383,0.5164,0.1552,22,13.727,9.165,13.912,21,-0.145,-0.03,21,0.6645,4.011,,,,0.201,,,0.201,0.0,2.808,4.02,2.006,0.0324,0.401
4321,Switchboard,4.999,22.0,4.401,152.43,139,623,27.81,124.63,0.554,0.3981,0.3072,16,17.686,11.039,19.254,15,1.035,0.648,15,0.2086,0.8,,,,0.0,,,0.0,0.0,0.2,0.18,0.0,0.0007,1.2
4322,Switchboard,4.982,56.0,11.239,195.09,594,378,119.22,75.87,0.3805,0.4339,0.1452,25,11.707,6.566,12.855,24,0.254,0.167,24,0.5855,1.806,,,,0.602,,,0.602,0.0,2.208,4.95,1.405,0.0041,
4323,Switchboard,4.985,122.0,24.476,183.17,410,503,82.25,100.91,0.4268,0.3539,0.1668,43,6.919,3.05,10.665,42,0.036,0.048,42,0.4788,6.62,,,,0.802,,,0.802,0.0,3.411,6.29,4.213,0.0124,
4324,Switchboard,4.978,112.0,22.498,212.13,714,342,143.43,68.7,0.3389,0.4444,0.2364,54,5.272,1.894,6.794,53,0.256,0.21,53,0.6807,4.018,,,,0.402,,,0.402,0.0,2.611,2.77,0.402,0.0364,
4325,Switchboard,4.976,90.0,18.087,166.6,447,382,89.83,76.77,0.4072,0.4424,0.295,38,7.536,2.314,9.047,37,0.317,0.272,37,0.5925,5.426,,,,0.0,,,0.0,0.0,2.412,4.31,1.809,0.008,2.813
4326,Switchboard,4.983,50.0,10.034,176.4,212,667,42.54,133.86,0.4151,0.3883,0.2209,14,20.971,10.567,23.965,13,0.409,0.255,13,0.2517,5.017,,,,0.201,,,0.201,0.0,0.602,1.06,0.0,0.0083,
4327,Switchboard,4.994,56.0,11.214,186.44,506,425,101.33,85.11,0.3953,0.4635,0.1622,22,13.41,3.616,17.24,21,0.215,0.104,21,0.526,1.202,,,,0.0,,,0.0,0.0,2.203,3.32,2.203,0.0134,0.801
4328,Switchboard,4.992,31.0,6.21,173.28,333,532,66.71,106.57,0.4354,0.3872,0.2027,14,21.315,6.59,32.564,13,0.079,0.268,13,0.3461,1.603,,,,0.2,,,0.2,0.0,0.801,1.86,0.601,0.0008,
4329,Switchboard,4.223,95.0,22.496,218.57,542,381,128.35,90.22,0.3856,0.4777,0.2199,46,5.337,2.103,7.431,45,0.066,0.114,45,0.5635,3.789,,,,0.237,,,0.237,0.0,4.026,5.91,1.894,0.0193,1.184
4330,Switchboard,5.018,38.0,7.573,210.46,357,699,71.15,139.31,0.4902,0.3391,0.1927,12,24.753,10.963,29.17,11,0.293,0.205,11,0.3625,2.392,,,,0.0,,,0.0,0.0,0.199,0.09,0.598,0.0099,0.598
4331,Switchboard,4.995,80.0,16.015,182.17,277,633,55.45,126.72,0.4477,0.3649,0.2052,38,7.951,3.011,9.737,37,-0.094,0.024,37,0.3158,2.002,,,,1.001,,,1.001,0.0,3.804,6.42,1.201,0.0065,
4332,Switchboard,4.975,61.0,12.26,159.78,539,256,108.33,51.45,0.397,0.5117,0.2332,30,9.471,4.735,10.455,29,0.485,0.25,29,0.6319,1.608,,,,0.804,,,0.804,0.0,2.613,6.13,1.005,0.0019,
4333,Switchboard,4.994,41.0,8.21,188.64,462,480,92.52,96.12,0.4394,0.4458,0.2274,22,13.106,9.124,12.932,21,0.532,0.288,21,0.4724,1.402,,,,0.0,,,0.0,0.0,0.601,0.79,0.801,0.0082,0.401
4334,Switchboard,4.994,87.0,17.422,230.09,465,684,93.12,136.97,0.3892,0.3158,0.1782,41,7.574,4.589,7.116,40,-0.274,0.083,40,0.3805,3.404,,,,1.202,,,1.202,0.0,4.205,6.8,1.001,0.0049,1.202
4335,Switchboard,4.963,114.0,22.969,193.02,428,530,86.23,106.79,0.3715,0.4132,0.2095,52,5.523,2.415,7.001,51,0.201,0.242,51,0.4996,4.03,,,,0.806,,,0.806,0.0,3.425,5.17,3.022,0.0154,
4336,Switchboard,4.981,36.0,7.228,177.48,486,398,97.57,79.91,0.4218,0.4598,0.1493,14,20.908,20.902,14.535,13,0.46,0.268,13,0.5244,2.811,,,,0.0,,,0.0,0.0,0.602,0.85,0.402,0.002,0.402
4337,Switchboard,4.981,74.0,14.857,170.65,320,530,64.25,106.41,0.5,0.3604,0.2524,38,7.478,2.897,9.567,37,0.374,0.325,37,0.3627,3.413,,,,0.402,,,0.402,0.0,1.205,2.75,1.606,0.0049,
4338,Switchboard,5.004,48.0,9.593,192.26,247,715,49.36,142.89,0.5789,0.3622,0.182,20,15.09,2.951,20.4,19,-0.097,0.127,19,0.2092,2.198,,,,0.6,,,0.6,0.0,1.399,4.54,0.999,0.0166,
4339,Switchboard,4.974,65.0,13.067,188.56,478,460,96.09,92.47,0.4372,0.4609,0.2006,24,12.153,7.544,13.439,23,0.29,0.243,23,0.4809,5.026,,,,0.201,,,0.201,0.0,1.608,1.44,0.603,0.0072,1.407
4340,Switchboard,5.01,87.0,17.365,198.4,474,520,94.61,103.79,0.4072,0.3692,0.2518,47,6.17,3.902,6.829,46,0.212,0.283,46,0.532,2.395,,,,1.198,,,1.198,0.0,3.393,6.06,1.796,0.0005,1.597
4341,Switchboard,4.996,79.0,15.812,163.12,544,271,108.88,54.24,0.3419,0.4244,0.2298,34,8.854,4.441,10.348,33,-0.04,0.206,33,0.5934,2.602,,,,1.801,,,1.601,0.2,4.403,9.4,0.801,0.0162,0.6
4342,Switchboard,4.997,80.0,16.008,188.5,626,316,125.27,63.23,0.3914,0.4905,0.1869,37,7.66,4.24,10.875,36,0.429,0.506,36,0.6627,2.401,,,,0.2,,,0.2,0.0,1.601,2.62,2.001,0.0212,2.001
4343,Switchboard,4.98,55.0,11.045,172.5,450,409,90.37,82.13,0.4489,0.4841,0.1789,18,16.658,2.453,23.881,17,-0.065,-0.038,17,0.5295,3.615,,,,0.201,,,0.201,0.0,2.008,3.18,0.803,0.0125,
4344,Switchboard,4.963,170.0,34.256,189.41,445,495,89.67,99.74,0.409,0.3919,0.2065,82,3.589,1.817,4.646,81,0.038,0.093,81,0.4682,4.635,,,,1.209,,,1.209,0.0,7.657,12.24,1.814,0.0193,
4345,Switchboard,4.978,23.0,4.62,153.67,442,323,88.79,64.88,0.4072,0.4923,0.2301,10,28.455,27.153,17.158,9,1.433,1.236,9,0.4999,1.808,,,,0.0,,,0.0,0.0,0.0,0,0.201,0.0041,1.205
4346,Switchboard,4.955,52.0,10.494,186.67,470,455,94.85,91.82,0.3809,0.3978,0.1959,10,29.326,13.675,33.4,9,0.447,0.6,9,0.5579,5.045,,,,0.0,,,0.0,0.0,0.404,0.41,1.211,0.011,0.404
4347,Switchboard,5.013,97.0,19.35,228.21,660,484,131.66,96.55,0.347,0.5062,0.1166,50,6.101,3.918,6.464,49,-0.089,0.114,49,0.5773,2.793,,,,1.396,,,1.396,0.0,4.189,9.48,1.596,0.0028,1.396
4348,Switchboard,4.976,41.0,8.239,221.06,697,403,140.07,80.99,0.3931,0.4218,0.1836,25,11.449,8.996,10.195,24,0.445,0.431,24,0.6486,1.407,,,,0.402,,,0.402,0.0,0.804,1.66,0.0,0.0058,
4349,Switchboard,4.985,49.0,9.83,184.97,618,304,123.98,60.99,0.3641,0.4507,0.2351,20,14.966,4.047,21.602,19,-0.066,0.142,19,0.6984,2.407,,,,0.401,,,0.401,0.0,1.404,3.25,0.802,0.0113,0.602
4350,Switchboard,4.976,100.0,20.096,215.03,691,379,138.87,76.17,0.3719,0.4644,0.1322,37,8.024,3.392,9.417,36,0.03,0.22,36,0.6594,3.215,,,,1.206,,,1.206,0.0,3.416,5.14,1.608,0.0374,
4351,Switchboard,4.994,79.0,15.82,194.05,801,168,160.4,33.64,0.3833,0.5298,0.1547,23,12.863,5.326,17.016,22,0.116,0.106,22,0.8184,5.607,,,,0.601,,,0.401,0.2,1.402,2.79,2.603,0.0081,
4352,Switchboard,4.981,77.0,15.459,231.29,840,312,168.65,62.64,0.319,0.4359,0.1776,33,9.381,3.368,16.205,32,-0.339,-0.216,32,0.7389,1.606,,,,1.205,,,1.205,0.0,4.015,10.96,0.803,0.0163,
4353,Switchboard,4.972,119.0,23.935,227.28,383,747,77.03,150.25,0.3681,0.3199,0.1761,49,6.288,2.534,8.927,48,-0.205,-0.097,48,0.3829,6.034,,,,1.81,,,1.81,0.0,5.833,11.9,0.805,0.0154,1.408
4354,Switchboard,4.972,80.0,16.091,178.61,463,425,93.13,85.48,0.3866,0.3506,0.2912,36,7.845,2.036,11.253,35,0.416,0.245,35,0.471,3.017,,,,0.402,,,0.402,0.0,1.609,2.46,1.81,0.024,
4355,Switchboard,4.995,67.0,13.413,168.76,548,295,109.7,59.06,0.4526,0.4407,0.2901,36,7.614,2.341,10.388,35,0.721,0.552,35,0.604,4.805,,,,0.2,,,0.2,0.0,1.001,0.9,0.2,0.0001,
4356,Switchboard,4.984,65.0,13.042,195.62,473,502,94.9,100.72,0.3658,0.3984,0.2191,19,15.482,11.367,14.385,18,0.207,0.277,18,0.4769,5.217,,,,0.0,,,0.0,0.0,1.003,2.66,0.602,0.0117,1.204
4357,Switchboard,4.988,96.0,19.245,193.05,556,407,111.46,81.59,0.3507,0.4545,0.1769,33,8.813,3.75,10.852,32,0.256,0.367,32,0.5951,4.611,,,,0.802,,,0.802,0.0,2.205,3.21,3.608,0.02,
4358,Switchboard,4.987,30.0,6.015,181.46,601,304,120.51,60.96,0.3794,0.4868,0.1884,16,17.899,19.951,13.587,15,0.467,0.649,15,0.6079,1.003,,,,0.401,,,0.401,0.0,0.602,1.25,0.201,0.006,0.201
4359,Switchboard,4.99,129.0,25.852,212.83,555,507,111.22,101.61,0.3495,0.4181,0.114,72,4.15,2.111,4.781,71,-0.009,0.053,71,0.5098,4.81,,,,0.802,,,0.802,0.0,5.812,8.21,0.401,0.0002,
4360,Switchboard,4.985,56.0,11.233,143.83,419,298,84.05,59.78,0.3866,0.4732,0.3554,22,13.095,5.77,14.854,21,0.505,0.415,21,0.5816,4.413,,,,0.401,,,0.401,0.0,1.003,1.72,0.201,0.0069,2.006
4361,Switchboard,4.988,71.0,14.233,183.83,650,267,130.3,53.53,0.4538,0.5318,0.206,22,13.697,4.06,19.845,21,-0.111,0.134,21,0.696,4.41,,,,0.601,,,0.401,0.2,2.005,5.0,0.401,0.011,
4362,Switchboard,4.953,35.0,7.066,179.69,409,481,82.57,97.11,0.4328,0.4158,0.2132,11,26.391,19.114,23.024,10,0.665,1.036,10,0.4399,1.413,,,,0.202,,,0.202,0.0,0.404,0.83,0.404,0.0169,0.202
4363,Switchboard,4.985,173.0,34.707,239.54,483,711,96.9,142.64,0.3768,0.3769,0.1246,83,3.812,2.037,4.095,82,-0.211,-0.026,82,0.4079,3.411,,,,3.21,,,3.009,0.201,9.63,19.78,2.809,0.0145,2.407
4364,Switchboard,4.981,43.0,8.633,156.4,489,290,98.18,58.22,0.409,0.4862,0.1975,10,29.36,16.272,29.422,9,0.53,0.348,9,0.57,3.815,,,,0.0,,,0.0,0.0,0.602,0.76,0.402,0.013,0.803
4365,Switchboard,4.986,67.0,13.437,140.39,497,203,99.68,40.71,0.3702,0.5764,0.3981,24,11.252,7.038,12.725,23,1.258,0.791,23,0.6977,4.813,,,,0.0,,,0.0,0.0,0.401,0.09,1.604,0.0095,
4366,Switchboard,4.979,29.0,5.825,141.4,184,520,36.96,104.44,0.5,0.3769,0.2903,9,32.423,25.052,29.208,8,0.859,1.016,8,0.2775,2.41,,,,0.0,,,0.0,0.0,0.201,0.12,0.0,0.0054,0.402
4367,Switchboard,4.964,94.0,18.935,184.72,594,323,119.65,65.06,0.3502,0.4427,0.1723,39,7.541,2.397,10.925,38,0.097,0.104,38,0.6175,4.029,,,,0.403,,,0.403,0.0,3.223,3.35,2.216,0.0098,
4368,Switchboard,4.995,83.0,16.616,213.2,498,567,99.7,113.51,0.4116,0.381,0.1193,42,6.984,3.358,8.006,41,0.154,0.178,41,0.4975,3.003,,,,0.2,,,0.2,0.0,2.202,2.38,2.402,0.0017,
4369,Switchboard,4.966,82.0,16.511,219.67,689,402,138.73,80.94,0.3933,0.4453,0.1204,26,11.629,5.113,15.696,25,-0.209,-0.124,25,0.6155,4.228,,,,0.403,,,0.403,0.0,3.423,4.37,1.409,0.015,
4370,Switchboard,4.994,59.0,11.815,171.02,247,607,49.46,121.55,0.5101,0.4086,0.2285,28,10.433,4.12,16.116,27,0.206,0.322,27,0.3159,3.404,,,,0.801,,,0.601,0.2,2.203,5.42,0.2,0.0017,0.601
4371,Switchboard,4.992,119.0,23.838,220.35,685,415,137.22,83.13,0.3679,0.4,0.1465,47,6.386,2.978,7.363,46,-0.024,0.135,46,0.643,5.008,,,,1.002,,,0.801,0.2,4.407,5.25,2.404,0.0198,
4372,Switchboard,4.974,28.0,5.629,193.19,508,453,102.12,91.07,0.4154,0.3819,0.1812,16,18.431,22.086,10.853,15,0.218,0.442,15,0.5019,0.603,,,,0.603,,,0.402,0.201,0.804,1.73,0.0,0.0092,1.809
4373,Switchboard,4.974,58.0,11.66,185.35,630,292,126.65,58.7,0.4508,0.5103,0.1659,24,11.855,6.315,14.652,23,0.593,0.622,23,0.689,3.82,,,,0.0,,,0.0,0.0,0.201,0.41,0.804,0.0092,
4374,Switchboard,4.99,86.0,17.235,178.96,695,198,139.28,39.68,0.3453,0.4899,0.1835,26,11.369,1.48,18.146,25,0.14,0.157,25,0.7375,8.217,,,,0.2,,,0.2,0.0,1.804,1.97,1.202,0.0023,
4375,Switchboard,4.99,51.0,10.221,178.36,549,341,110.02,68.34,0.3552,0.4721,0.2786,26,11.19,5.85,12.411,25,0.319,0.389,25,0.5469,1.403,,,,0.2,,,0.2,0.0,1.002,2.22,1.403,0.0051,
4376,Switchboard,5.003,62.0,12.393,172.51,556,307,111.14,61.37,0.4119,0.5179,0.2249,28,10.607,6.18,13.353,27,0.113,0.232,27,0.6709,2.399,,,,1.199,,,1.199,0.0,1.999,3.59,0.999,0.0079,1.599
4377,Switchboard,4.977,101.0,20.293,188.66,644,295,129.39,59.27,0.4053,0.5085,0.1465,35,8.409,5.23,8.349,34,0.077,0.083,34,0.6106,3.817,,,,0.804,,,0.804,0.0,2.813,6.35,0.804,0.0405,
4378,Switchboard,4.952,81.0,16.357,167.2,621,207,125.4,41.8,0.3704,0.5411,0.2346,26,11.238,2.014,26.889,25,0.146,0.108,25,0.7513,6.058,,,,0.0,,,0.0,0.0,1.817,3.3,0.404,0.0229,1.817
4379,Switchboard,5.006,79.0,15.78,219.12,349,748,69.71,149.41,0.3868,0.2995,0.145,32,9.366,3.397,12.981,31,0.021,0.084,31,0.3412,5.393,,,,0.399,,,0.399,0.0,2.197,4.47,0.599,0.0039,2.397
4380,Switchboard,4.994,66.0,13.217,207.86,577,461,115.55,92.32,0.3518,0.3557,0.2419,23,12.842,7.37,11.083,22,0.193,0.16,22,0.5822,4.406,,,,0.0,,,0.0,0.0,1.602,3.14,0.2,0.0174,0.601
4381,Switchboard,4.979,30.0,6.025,207.06,767,264,154.04,53.02,0.3716,0.5038,0.1299,7,41.821,19.264,41.64,6,0.861,0.76,6,0.7655,3.013,,,,0.0,,,0.0,0.0,0.201,0.29,0.201,0.0067,
4382,Switchboard,4.982,53.0,10.637,166.38,499,330,100.15,66.23,0.4188,0.503,0.2547,26,10.812,4.291,13.553,25,0.638,0.491,25,0.5766,1.806,,,,0.401,,,0.401,0.0,1.004,2.22,0.401,0.0192,0.602
4383,Switchboard,4.963,63.0,12.695,167.45,407,424,82.01,85.44,0.4668,0.4387,0.2239,29,9.329,7.335,8.069,28,0.967,0.673,28,0.5073,1.814,,,,0.202,,,0.202,0.0,0.605,0.75,1.411,0.026,
4384,Switchboard,4.99,100.0,20.04,229.46,584,561,117.04,112.43,0.3733,0.3939,0.1633,40,7.368,2.829,8.806,39,0.104,0.089,39,0.5546,4.81,,,,0.601,,,0.601,0.0,3.607,6.89,2.405,0.0053,0.401
4387,Switchboard,4.992,72.0,14.423,167.67,354,483,70.91,96.75,0.4887,0.441,0.2278,30,9.424,5.862,9.46,29,0.512,0.555,29,0.4249,2.204,,,,0.2,,,0.2,0.0,0.801,1.43,3.405,0.0169,
4400,Switchboard,4.979,79.0,15.868,203.47,588,425,118.1,85.36,0.3537,0.4094,0.2184,33,8.864,2.263,12.436,32,0.193,0.152,32,0.5512,2.812,,,,0.201,,,0.201,0.0,2.009,1.77,1.607,0.0161,
4421,Switchboard,4.992,28.0,5.609,158.05,558,231,111.78,46.27,0.3477,0.4935,0.3123,8,36.895,22.419,38.612,7,0.46,0.411,7,0.6729,1.803,,,,0.0,,,0.0,0.0,0.2,0.18,0.401,0.0116,
4433,Switchboard,4.977,59.0,11.854,189.47,270,673,54.25,135.22,0.5111,0.3938,0.1649,19,15.433,1.842,30.105,18,0.298,0.343,18,0.3078,3.215,,,,0.201,,,0.201,0.0,0.804,1.47,3.014,0.0049,
4440,Switchboard,4.98,109.0,21.889,198.2,523,464,105.03,93.18,0.3633,0.4181,0.2223,43,7.08,2.156,12.27,42,-0.156,-0.141,42,0.4993,3.615,,,,1.004,,,1.004,0.0,5.02,10.1,1.004,0.0266,
4443,Switchboard,4.996,117.0,23.417,247.38,593,643,118.69,128.7,0.3659,0.3655,0.1353,53,5.742,3.353,6.633,52,-0.089,0.125,52,0.4879,5.404,,,,0.801,,,0.801,0.0,4.003,7.23,2.602,0.0053,2.001
4445,Switchboard,4.982,51.0,10.236,181.24,310,593,62.22,119.02,0.5548,0.398,0.1991,14,20.893,17.013,19.639,13,0.486,0.419,13,0.363,3.813,,,,0.201,,,0.201,0.0,0.401,0.56,2.007,0.0053,
4448,Switchboard,4.975,58.0,11.657,164.61,371,448,74.57,90.04,0.3908,0.4353,0.2388,24,11.996,4.871,15.858,23,0.45,0.419,23,0.4683,3.819,,,,0.201,,,0.201,0.0,0.603,1.95,1.206,0.0092,
4467,Switchboard,4.979,41.0,8.235,203.47,444,569,89.18,114.29,0.4032,0.3568,0.2379,25,11.722,5.028,12.015,24,0.234,0.231,24,0.4697,1.004,,,,0.0,,,0.0,0.0,1.406,2.13,0.402,0.0043,
4474,Switchboard,4.959,51.0,10.284,192.38,439,515,88.53,103.85,0.4419,0.4155,0.2138,29,10.068,5.917,9.684,28,0.198,0.408,28,0.5177,0.807,,,,0.403,,,0.403,0.0,1.21,2.01,0.202,0.0149,
4483,Switchboard,4.965,107.0,21.549,214.89,676,391,136.14,78.75,0.3536,0.4373,0.1675,44,6.791,1.987,9.264,43,-0.039,0.077,43,0.634,5.84,,,,1.007,,,1.007,0.0,4.028,7.64,1.007,0.0111,1.813
4488,Switchboard,5.0,44.0,8.8,175.6,231,647,46.2,129.4,0.4892,0.3849,0.2596,19,15.035,5.047,21.091,18,0.638,0.548,18,0.2958,3.4,,,,0.2,,,0.2,0.0,1.0,2.05,0.4,0.001,
4493,Switchboard,5.005,80.0,15.985,193.41,601,367,120.08,73.33,0.3195,0.4768,0.2043,35,8.418,4.533,10.698,34,0.165,0.272,34,0.5607,3.397,,,,0.599,,,0.599,0.0,2.198,3.27,1.399,0.0171,
4495,Switchboard,4.955,60.0,12.108,181.02,434,463,87.58,93.44,0.4493,0.4449,0.2309,24,11.849,7.483,11.196,23,0.559,0.534,23,0.4942,3.229,,,,0.0,,,0.0,0.0,0.404,0.31,1.211,0.02,
4497,Switchboard,4.964,37.0,7.453,171.63,425,427,85.61,86.01,0.4118,0.4098,0.192,10,29.548,21.382,30.051,9,0.107,0.481,9,0.5168,2.014,,,,0.201,,,0.201,0.0,0.806,2.26,0.0,0.0187,
4501,Switchboard,4.987,99.0,19.851,207.13,832,201,166.83,40.3,0.3149,0.5771,0.2667,51,5.694,1.904,10.088,50,0.175,0.191,50,0.7921,2.406,,,,0.602,,,0.602,0.0,3.609,5.68,2.607,0.0031,
4502,Switchboard,4.963,56.0,11.284,193.24,427,532,86.04,107.2,0.4403,0.4135,0.1683,22,13.395,8.61,14.437,21,0.136,0.194,21,0.4295,2.418,,,,0.0,,,0.0,0.0,1.209,2.54,1.411,0.0114,
4503,Switchboard,4.964,91.0,18.331,229.24,522,616,105.15,124.09,0.3831,0.3344,0.1178,43,7.201,3.112,8.028,42,-0.293,-0.292,42,0.4775,1.41,,,,1.612,,,1.612,0.0,5.439,13.18,1.41,0.0083,
4512,Switchboard,4.972,81.0,16.292,197.31,286,695,57.52,139.79,0.472,0.2791,0.2383,42,7.088,2.935,8.847,41,0.014,0.144,41,0.3286,1.408,,,,1.006,,,1.006,0.0,3.822,8.43,1.408,0.0074,
4519,Switchboard,4.985,54.0,10.833,162.3,541,268,108.54,53.77,0.4177,0.4776,0.2749,29,9.724,3.253,14.099,28,0.517,0.449,28,0.6972,2.006,,,,0.201,,,0.201,0.0,1.204,3.01,1.204,0.0064,1.003
4522,Switchboard,4.998,82.0,16.405,200.86,382,622,76.42,124.44,0.3586,0.4019,0.2036,35,8.543,5.92,10.648,34,0.007,0.049,34,0.4065,4.001,,,,0.4,,,0.2,0.2,3.601,4.25,1.0,0.0017,
4523,Switchboard,4.978,40.0,8.035,178.58,417,472,83.77,94.81,0.3981,0.4555,0.1874,14,21.063,11.644,21.637,13,0.209,0.165,13,0.4169,2.009,,,,0.201,,,0.201,0.0,1.004,1.31,1.406,0.0043,
4526,Switchboard,4.977,28.0,5.626,175.4,505,368,101.46,73.94,0.3802,0.3995,0.2622,9,32.675,22.216,35.559,8,0.553,0.635,8,0.5609,1.808,,,,0.201,,,0.201,0.0,0.603,1.0,0.201,0.0075,
4531,Switchboard,4.957,136.0,27.437,216.47,530,543,106.92,109.55,0.4189,0.3794,0.0867,59,5.017,2.176,6.485,58,0.02,0.052,58,0.458,2.219,,,,1.009,,,0.807,0.202,6.657,8.63,4.842,0.0094,
4540,Switchboard,4.984,94.0,18.86,230.34,317,831,63.6,166.73,0.4637,0.3225,0.1569,36,8.368,2.964,11.822,35,-0.071,-0.035,35,0.3367,6.019,,,,0.803,,,0.602,0.201,4.013,5.81,1.204,0.0019,
4548,Switchboard,4.995,62.0,12.412,186.58,532,400,106.5,80.08,0.3759,0.45,0.2478,24,12.405,4.434,15.788,23,0.086,0.305,23,0.5544,3.603,,,,0.801,,,0.801,0.0,1.802,3.95,0.4,0.0351,0.601
4555,Switchboard,4.976,73.0,14.67,201.77,310,694,62.3,139.47,0.4806,0.3948,0.1594,30,10.001,4.555,13.37,29,-0.055,-0.009,29,0.2964,1.608,,,,0.201,,,0.201,0.0,3.215,4.15,0.603,0.0149,
4559,Switchboard,4.985,88.0,17.654,171.93,607,250,121.78,50.15,0.4003,0.536,0.0977,27,11.107,6.31,15.067,26,-0.047,0.146,26,0.6743,2.809,,,,0.802,,,0.802,0.0,2.006,3.79,5.617,0.0112,
4565,Switchboard,4.966,82.0,16.513,163.11,543,267,109.35,53.77,0.3959,0.4494,0.2755,41,6.716,2.198,9.07,40,0.524,0.353,40,0.6846,2.819,,,,0.403,,,0.403,0.0,2.618,4.95,1.208,0.01,0.805
4570,Switchboard,4.992,99.0,19.832,224.36,786,334,157.45,66.91,0.3906,0.4701,0.1087,41,7.365,2.68,10.376,40,-0.069,0.13,40,0.6512,4.808,,,,0.801,,,0.801,0.0,3.606,6.97,3.005,0.0,
4572,Switchboard,4.976,73.0,14.67,159.97,485,311,97.47,62.5,0.3649,0.4598,0.298,32,9.005,3.385,15.354,31,0.306,0.266,31,0.5261,1.809,,,,0.804,,,0.804,0.0,3.014,4.08,0.0,0.0206,1.407
4576,Switchboard,4.989,72.0,14.432,171.38,551,304,110.45,60.94,0.4628,0.4836,0.166,27,10.716,5.872,11.978,26,0.36,0.21,26,0.692,3.207,,,,0.401,,,0.401,0.0,1.804,1.77,1.203,0.0124,
4588,Switchboard,4.996,73.0,14.611,189.54,457,490,91.47,98.07,0.407,0.4347,0.2191,26,10.984,6.73,10.379,25,0.554,0.235,25,0.4939,4.804,,,,0.4,,,0.4,0.0,1.401,2.62,1.401,0.0119,
4590,Switchboard,4.97,60.0,12.073,231.2,701,448,141.06,90.15,0.3994,0.3772,0.1419,28,10.787,4.736,14.027,27,-0.145,0.103,27,0.6285,2.415,,,,0.805,,,0.805,0.0,2.817,5.7,0.402,0.0064,
4594,Switchboard,4.97,94.0,18.915,199.21,449,541,90.35,108.86,0.4454,0.366,0.2486,36,7.818,3.2,9.893,35,0.45,0.319,35,0.4519,2.616,,,,0.402,,,0.402,0.0,2.012,2.44,4.024,0.0353,
4595,Switchboard,4.982,111.0,22.281,203.74,465,550,93.34,110.4,0.4108,0.3982,0.1423,56,5.489,3.886,5.949,55,-0.163,-0.005,55,0.4693,3.412,,,,2.208,,,2.208,0.0,6.223,10.59,0.201,0.0064,
4603,Switchboard,4.981,46.0,9.235,172.26,291,567,58.42,113.84,0.457,0.3757,0.2442,19,15.732,3.608,26.061,18,-0.006,0.103,18,0.4076,2.008,,,,0.602,,,0.602,0.0,2.008,3.51,0.402,0.0035,0.402
4605,Switchboard,4.779,109.0,22.807,186.43,571,320,119.48,66.96,0.3573,0.4531,0.2156,52,5.265,3.042,6.767,51,0.189,0.147,51,0.6425,3.976,,,,0.628,,,0.628,0.0,3.557,4.76,0.837,0.0347,2.092
4606,Switchboard,4.976,70.0,14.067,188.5,457,481,91.84,96.66,0.4158,0.4075,0.1378,29,9.833,5.948,11.265,28,0.461,0.315,28,0.4929,4.019,,,,0.402,,,0.402,0.0,1.206,1.64,2.412,0.0032,
4607,Switchboard,4.979,45.0,9.039,168.72,529,311,106.25,62.47,0.4197,0.4855,0.2784,21,13.863,3.371,20.384,20,0.351,0.297,20,0.5943,1.808,,,,0.201,,,0.201,0.0,0.803,1.05,0.803,0.0068,
4608,Switchboard,4.981,102.0,20.479,214.82,458,612,91.95,122.87,0.393,0.3938,0.1505,41,7.424,2.376,10.032,40,-0.14,-0.092,40,0.4529,6.023,,,,0.803,,,0.803,0.0,4.818,6.69,0.402,0.0064,0.803
4611,Switchboard,4.997,73.0,14.608,199.1,478,517,95.65,103.45,0.4331,0.4333,0.2124,26,11.663,2.274,18.664,25,-0.149,-0.093,25,0.458,3.602,,,,1.001,,,1.001,0.0,3.402,5.32,0.8,0.0041,0.6
4612,Switchboard,4.992,69.0,13.822,178.48,556,335,111.38,67.11,0.3885,0.5015,0.171,32,9.0,5.204,9.901,31,0.37,0.319,31,0.5816,2.003,,,,0.801,,,0.801,0.0,1.803,3.1,2.003,0.0111,
4615,Switchboard,4.985,51.0,10.232,191.39,653,301,131.0,60.39,0.2971,0.5249,0.1595,19,15.563,6.521,17.832,18,0.174,0.197,18,0.6784,3.009,,,,0.201,,,0.201,0.0,1.605,3.4,1.003,0.0044,0.602
4616,Switchboard,4.982,74.0,14.852,213.15,444,618,89.11,124.04,0.4167,0.4353,0.2047,38,7.648,3.2,8.388,37,0.207,0.23,37,0.4803,3.011,,,,0.401,,,0.401,0.0,2.208,3.13,1.405,0.0043,
4617,Switchboard,4.98,99.0,19.88,180.93,425,476,85.35,95.59,0.4565,0.4097,0.241,39,7.477,3.748,8.258,38,0.182,0.224,38,0.5047,5.221,,,,1.004,,,1.004,0.0,3.213,4.73,2.008,0.004,0.803
4618,Switchboard,4.975,63.0,12.662,188.32,653,284,131.24,57.08,0.3461,0.4894,0.2173,33,9.041,4.431,11.98,32,0.004,0.107,32,0.6983,2.412,,,,0.804,,,0.804,0.0,3.015,5.24,0.201,0.0009,1.005
4619,Switchboard,4.984,49.0,9.831,213.68,703,362,141.05,72.63,0.33,0.4862,0.1725,23,13.02,9.091,13.631,22,-0.044,0.091,22,0.62,2.408,,,,0.201,,,0.201,0.0,2.006,1.93,0.0,0.0029,1.204
4622,Switchboard,4.975,59.0,11.858,167.82,228,607,45.82,122.0,0.5439,0.369,0.2883,19,15.458,4.906,17.033,18,0.226,0.206,18,0.2962,3.618,,,,0.0,,,0.0,0.0,1.005,1.28,1.005,0.0235,0.804
4624,Switchboard,5.008,69.0,13.778,228.63,630,515,125.8,102.83,0.4048,0.433,0.1369,34,8.726,6.484,8.589,33,0.107,0.14,33,0.4922,1.997,,,,0.399,,,0.2,0.2,1.997,3.29,1.398,0.0084,
4626,Switchboard,5.004,54.0,10.792,206.24,716,316,143.09,63.15,0.3575,0.4873,0.2612,15,19.662,8.531,21.714,14,0.337,0.29,14,0.6652,3.397,,,,0.0,,,0.0,0.0,0.799,1.19,2.598,0.0061,0.6
4628,Switchboard,4.985,48.0,9.63,177.35,296,588,59.38,117.96,0.4459,0.3469,0.1932,12,24.608,13.603,31.621,11,0.244,0.408,11,0.2832,5.617,,,,0.201,,,0.201,0.0,0.802,0.43,0.0,0.0033,1.806
4629,Switchboard,4.995,49.0,9.809,159.55,336,461,67.26,92.29,0.4702,0.3557,0.2759,27,10.657,8.022,11.544,26,0.451,0.461,26,0.4336,1.201,,,,0.2,,,0.2,0.0,0.601,0.52,1.001,0.0107,
4630,Switchboard,4.976,106.0,21.302,193.93,630,335,126.61,67.32,0.3444,0.397,0.2215,54,5.472,1.546,7.95,53,0.053,0.134,53,0.695,3.818,,,,1.608,,,1.608,0.0,5.024,8.3,1.005,0.0061,1.005
4633,Switchboard,4.972,79.0,15.89,197.72,474,509,95.34,102.38,0.4051,0.3929,0.1645,36,8.23,2.185,11.314,35,0.055,0.17,35,0.5107,3.822,,,,0.402,,,0.402,0.0,1.81,2.8,1.207,0.0119,0.805
4637,Switchboard,4.978,97.0,19.485,205.1,617,404,123.94,81.15,0.4149,0.453,0.1956,51,5.801,3.454,7.741,50,0.037,0.178,50,0.5795,3.214,,,,1.004,,,1.004,0.0,3.616,8.41,1.004,0.0079,
4638,Switchboard,4.973,50.0,10.054,198.46,565,422,113.61,84.85,0.3752,0.4265,0.2136,22,13.2,8.674,13.681,21,0.352,0.468,21,0.596,2.413,,,,0.402,,,0.402,0.0,1.005,2.73,1.206,0.0035,
4640,Switchboard,4.985,37.0,7.423,195.6,568,407,113.95,81.65,0.4067,0.4275,0.233,19,15.24,8.91,12.588,18,0.512,0.331,18,0.5495,1.003,,,,0.201,,,0.201,0.0,1.003,1.88,0.201,0.0097,
4641,Switchboard,4.986,70.0,14.039,192.93,325,637,65.18,127.75,0.4615,0.4207,0.1555,33,8.694,5.732,8.849,32,0.326,0.257,32,0.2816,1.003,,,,1.003,,,1.003,0.0,2.808,5.49,2.607,0.0046,
4642,Switchboard,4.982,49.0,9.835,174.41,259,610,51.98,122.43,0.5328,0.3541,0.2351,24,12.155,2.459,17.961,23,0.292,0.314,23,0.3289,3.412,,,,0.201,,,0.201,0.0,1.004,1.77,0.201,0.0009,1.004
4643,Switchboard,4.981,123.0,24.695,221.85,709,396,142.35,79.5,0.3766,0.4167,0.0991,58,5.321,2.464,6.266,57,-0.172,-0.058,57,0.6214,2.61,,,,1.004,,,1.004,0.0,6.826,11.32,1.004,0.0172,2.61
4644,Switchboard,4.982,69.0,13.849,184.85,544,377,109.18,75.67,0.3768,0.4695,0.1515,25,12.116,7.139,16.851,24,-0.187,0.119,24,0.5764,5.018,,,,0.602,,,0.602,0.0,2.408,2.87,0.803,0.0025,0.201
4646,Switchboard,4.961,50.0,10.079,172.76,439,418,88.5,84.26,0.4009,0.4426,0.2418,19,14.902,11.163,14.171,18,0.801,0.838,18,0.5404,4.032,,,,0.202,,,0.202,0.0,0.806,2.81,0.0,0.0074,0.403
4649,Switchboard,4.982,79.0,15.856,198.3,736,252,147.72,50.58,0.3587,0.5476,0.255,32,9.035,4.425,10.661,31,0.232,0.374,31,0.7107,4.014,,,,1.004,,,1.004,0.0,1.606,2.78,1.204,0.0237,0.602
4650,Switchboard,4.986,68.0,13.639,211.41,721,333,144.62,66.79,0.3759,0.3664,0.1708,21,14.106,7.438,16.098,20,0.128,0.098,20,0.67,4.413,,,,0.201,,,0.201,0.0,1.605,1.83,2.407,0.0032,
4655,Switchboard,4.991,42.0,8.415,193.15,829,135,166.1,27.05,0.304,0.6148,0.1903,17,17.737,1.715,31.489,16,-0.138,0.047,16,0.8669,2.204,,,,0.401,,,0.401,0.0,1.603,2.67,0.2,0.0041,0.2
4659,Switchboard,4.99,55.0,11.022,176.36,426,454,85.37,90.98,0.439,0.4317,0.2398,23,12.565,3.357,20.828,22,0.47,0.614,22,0.499,2.806,,,,0.601,,,0.401,0.2,1.403,2.54,1.403,0.002,0.401
4660,Switchboard,4.972,94.0,18.907,176.4,449,428,90.31,86.09,0.3764,0.4065,0.2652,30,9.815,2.545,15.385,29,0.06,0.109,29,0.5363,5.028,,,,0.402,,,0.402,0.0,2.615,2.91,2.816,0.023,0.805
4661,Switchboard,5.006,42.0,8.389,197.95,380,611,75.9,122.04,0.4974,0.3961,0.1488,19,16.178,3.393,23.572,18,-0.506,-0.061,18,0.3908,2.197,,,,1.398,,,1.398,0.0,1.997,4.39,0.0,0.0038,
4664,Switchboard,4.97,73.0,14.689,199.61,481,511,96.79,102.82,0.3909,0.3855,0.1651,47,6.154,5.17,7.663,46,0.194,0.208,46,0.4741,2.415,,,,0.604,,,0.604,0.0,1.811,1.72,0.805,0.0001,
4666,Switchboard,4.953,103.0,20.795,201.49,336,662,67.84,133.65,0.4167,0.3822,0.1476,44,6.736,2.598,9.398,43,0.016,0.059,43,0.373,3.23,,,,0.404,,,0.404,0.0,4.038,6.15,1.615,0.0198,2.221
4667,Switchboard,4.976,22.0,4.421,170.22,593,254,119.17,51.04,0.3474,0.4016,0.3365,8,37.071,11.592,44.408,7,0.164,0.248,7,0.6982,1.407,,,,0.201,,,0.201,0.0,0.603,0.99,0.201,0.0021,
4669,Switchboard,4.997,91.0,18.21,171.49,277,580,55.43,116.06,0.4982,0.4121,0.2328,46,5.939,4.046,5.481,45,0.591,0.386,45,0.3375,4.602,,,,0.0,,,0.0,0.0,1.001,1.57,2.001,0.0041,
4674,Switchboard,4.973,80.0,16.086,198.86,296,693,59.52,139.34,0.527,0.3622,0.0982,32,9.289,3.921,11.351,31,0.033,0.375,31,0.2789,2.212,,,,0.603,,,0.603,0.0,2.212,5.92,4.222,0.0048,
4675,Switchboard,4.986,125.0,25.069,226.63,502,628,100.68,125.95,0.3904,0.3885,0.1627,59,5.025,2.609,6.916,58,0.031,0.171,58,0.4754,6.217,,,,1.404,,,1.404,0.0,4.212,6.84,1.003,0.0075,1.203
4679,Switchboard,4.981,58.0,11.645,172.66,576,284,115.64,57.02,0.3646,0.4401,0.2472,21,13.979,6.804,16.616,20,0.258,0.17,20,0.5956,3.212,,,,0.0,,,0.0,0.0,1.606,1.8,0.201,0.0156,0.803
4680,Switchboard,5.001,51.0,10.198,179.96,343,557,68.58,111.38,0.4577,0.368,0.2151,17,16.968,15.341,21.653,16,0.621,0.328,16,0.4115,3.799,,,,0.4,,,0.4,0.0,0.8,1.53,1.6,0.006,
4681,Switchboard,4.971,117.0,23.538,202.59,730,277,146.86,55.73,0.363,0.509,0.144,47,6.368,2.75,8.72,46,-0.041,0.119,46,0.7418,3.018,,,,1.609,,,1.408,0.201,4.828,10.24,4.225,0.0167,1.408
4682,Switchboard,4.97,38.0,7.646,205.45,410,611,82.5,122.95,0.4341,0.383,0.1164,10,29.597,17.882,29.799,9,0.185,0.149,9,0.3934,3.421,,,,0.0,,,0.0,0.0,0.201,0.44,0.402,0.0065,0.402
4684,Switchboard,5.001,28.0,5.599,173.16,404,462,80.78,92.38,0.4208,0.3983,0.2726,13,22.543,18.423,24.086,12,0.561,0.304,12,0.4639,1.0,,,,0.0,,,0.0,0.0,0.4,0.25,0.0,0.0082,
4687,Switchboard,4.997,72.0,14.408,201.51,573,434,114.66,86.85,0.4206,0.4631,0.1674,26,11.601,7.727,11.752,25,-0.082,0.175,25,0.6341,4.002,,,,0.2,,,0.2,0.0,2.201,3.48,1.801,0.0085,
4688,Switchboard,4.992,64.0,12.82,195.91,470,508,94.15,101.76,0.4277,0.3878,0.1803,21,14.099,4.452,18.257,20,0.072,0.17,20,0.4684,4.207,,,,0.601,,,0.601,0.0,1.402,2.29,1.603,0.0067,0.801
4691,Switchboard,4.974,129.0,25.933,227.76,383,750,76.99,150.77,0.4099,0.3467,0.1162,50,6.281,2.375,8.616,49,-0.32,-0.224,49,0.3938,4.624,,,,1.608,,,1.608,0.0,7.237,14.26,2.01,0.0191,1.608
4693,Switchboard,4.977,71.0,14.265,202.53,475,533,95.44,107.09,0.4232,0.4109,0.2272,35,8.292,3.729,10.836,34,0.246,0.112,34,0.4602,2.612,,,,0.603,,,0.603,0.0,2.813,4.29,1.206,0.0049,
4695,Switchboard,4.982,43.0,8.63,206.93,386,645,77.47,129.45,0.4896,0.4,0.1856,17,17.568,9.051,19.471,16,0.01,0.15,16,0.401,3.011,,,,0.602,,,0.602,0.0,1.004,1.94,0.803,0.0005,
4696,Switchboard,4.98,55.0,11.045,183.14,504,408,101.21,81.93,0.4464,0.4534,0.2203,19,14.978,10.346,12.589,18,0.786,0.753,18,0.5747,3.414,,,,0.201,,,0.201,0.0,0.602,1.56,2.41,0.0045,
4697,Switchboard,4.999,75.0,15.003,200.84,427,577,85.42,115.42,0.4333,0.3865,0.1833,32,9.431,3.456,11.633,31,-0.075,0.164,31,0.4279,4.001,,,,1.2,,,1.2,0.0,3.001,3.47,1.0,0.0052,0.6
4698,Switchboard,5.003,50.0,9.995,171.71,369,490,73.76,97.95,0.4661,0.398,0.2238,24,11.894,5.57,14.191,23,0.537,0.249,23,0.4917,3.398,,,,0.2,,,0.2,0.0,0.6,0.33,0.4,0.005,1.399
4702,Switchboard,4.982,39.0,7.828,161.57,472,333,94.73,66.83,0.4174,0.4715,0.2109,15,20.042,7.19,23.845,14,-0.128,0.277,14,0.5857,2.007,,,,0.602,,,0.401,0.201,1.004,3.62,0.602,0.0159,
4703,Switchboard,4.977,48.0,9.644,181.83,651,254,130.8,51.03,0.3303,0.4882,0.2031,23,13.16,4.298,21.572,22,-0.196,-0.001,22,0.7316,2.411,,,,0.804,,,0.603,0.201,2.411,4.48,0.0,0.0,2.813
4707,Switchboard,4.982,88.0,17.662,191.87,622,334,124.84,67.04,0.4293,0.488,0.2894,42,6.651,2.26,9.813,41,0.472,0.386,41,0.6764,2.007,,,,0.201,,,0.201,0.0,2.007,2.76,1.405,0.0303,0.602
4709,Switchboard,4.991,73.0,14.626,182.93,518,395,103.79,79.14,0.4054,0.4962,0.2153,34,8.49,4.91,8.997,33,0.326,0.243,33,0.5808,4.208,,,,0.0,,,0.0,0.0,1.603,2.11,1.002,0.0045,1.603
4710,Switchboard,4.976,74.0,14.871,192.72,566,393,113.75,78.98,0.3816,0.4122,0.1802,31,9.554,1.664,14.369,30,0.06,0.026,30,0.5834,4.421,,,,0.0,,,0.0,0.0,2.211,3.2,0.402,0.0101,
4716,Switchboard,4.992,81.0,16.226,215.34,687,388,137.62,77.72,0.345,0.3969,0.1791,28,10.82,3.267,14.812,27,-0.256,-0.015,27,0.6812,6.01,,,,0.801,,,0.801,0.0,3.205,5.94,0.0,0.0054,0.0
4717,Switchboard,4.987,67.0,13.434,185.47,643,282,128.93,56.54,0.4277,0.5319,0.1811,32,8.801,6.064,7.047,31,0.566,0.425,31,0.7056,1.604,,,,0.401,,,0.401,0.0,1.604,2.66,2.406,0.0123,
4718,Switchboard,4.397,89.0,20.242,207.19,307,604,69.82,137.37,0.4007,0.3775,0.2637,42,5.979,1.445,8.246,41,0.261,0.129,41,0.3837,5.913,,,,0.0,,,0.0,0.0,2.957,3.99,0.455,0.0055,
4720,Switchboard,4.992,101.0,20.232,186.5,578,353,115.78,70.71,0.3962,0.4618,0.2353,41,7.174,3.94,7.596,40,0.132,0.179,40,0.566,3.005,,,,0.401,,,0.401,0.0,2.404,2.87,2.604,0.0271,0.801
4721,Switchboard,4.976,100.0,20.096,200.56,611,387,122.79,77.77,0.3552,0.3953,0.1898,45,6.729,3.226,9.975,44,-0.124,-0.086,44,0.6242,3.818,,,,1.809,,,1.809,0.0,5.024,12.69,1.206,0.0072,1.608
4723,Switchboard,4.973,101.0,20.308,201.07,682,318,137.13,63.94,0.3636,0.5252,0.1029,42,7.244,4.634,8.087,41,-0.174,-0.185,41,0.6451,1.407,,,,0.804,,,0.804,0.0,5.429,12.13,3.418,0.0173,1.609
4725,Switchboard,4.973,79.0,15.885,202.88,772,237,155.23,47.65,0.3277,0.4684,0.1524,33,8.971,1.515,15.918,32,0.062,0.147,32,0.7511,3.217,,,,0.603,,,0.603,0.0,2.212,3.46,1.609,0.0167,1.81
4726,Switchboard,4.959,107.0,21.577,226.06,602,519,121.4,104.66,0.3272,0.3256,0.1901,48,6.09,2.867,7.892,47,0.095,0.064,47,0.5833,4.638,,,,1.008,,,1.008,0.0,4.235,5.62,0.202,0.0217,0.605
4728,Switchboard,4.986,127.0,25.47,231.24,505,648,101.28,129.96,0.4059,0.3673,0.1752,56,5.244,1.966,7.603,55,0.094,0.207,55,0.4292,4.011,,,,0.802,,,0.802,0.0,4.212,7.41,2.206,0.0273,0.802
4733,Switchboard,4.975,119.0,23.917,218.47,764,323,153.55,64.92,0.3495,0.4644,0.0981,51,6.354,2.973,9.148,50,-0.513,-0.201,50,0.6783,4.422,,,,2.211,,,2.211,0.0,6.833,20.37,1.005,0.0107,2.211
4734,Switchboard,4.985,59.0,11.837,198.01,480,507,96.3,101.71,0.4458,0.4063,0.1417,26,11.495,2.732,14.76,25,0.007,0.111,25,0.5103,1.605,,,,0.401,,,0.401,0.0,2.006,3.41,1.404,0.011,
4735,Switchboard,4.979,42.0,8.435,178.14,626,261,125.72,52.42,0.3307,0.4943,0.182,11,27.162,14.131,28.078,10,-0.073,-0.022,10,0.6654,4.619,,,,0.201,,,0.201,0.0,1.205,1.49,0.0,0.0039,0.402
4736,Switchboard,4.982,22.0,4.416,185.25,644,279,129.25,56.0,0.368,0.5591,0.1911,8,36.923,24.013,40.088,7,0.449,0.529,7,0.686,0.803,,,,0.0,,,0.0,0.0,0.201,0.59,0.0,0.0096,0.201
4745,Switchboard,4.981,61.0,12.247,203.98,632,384,126.89,77.1,0.3766,0.401,0.1437,26,11.666,2.143,21.325,25,-0.181,0.126,25,0.647,4.015,,,,1.004,,,0.803,0.201,2.208,5.69,0.201,0.0016,0.0
4746,Switchboard,4.995,122.0,24.423,194.39,443,528,88.68,105.7,0.4266,0.4167,0.0776,41,7.372,3.424,7.904,40,-0.078,0.083,40,0.478,5.605,,,,1.001,,,1.001,0.0,3.804,10.2,4.404,0.0149,
4749,Switchboard,4.972,76.0,15.286,198.92,571,418,114.85,84.07,0.4291,0.445,0.123,25,11.738,5.148,16.086,24,0.184,0.155,24,0.5987,3.017,,,,0.402,,,0.402,0.0,1.609,1.77,3.822,0.0208,
4752,Switchboard,4.993,62.0,12.418,199.9,386,612,77.31,122.58,0.399,0.3644,0.1575,22,13.403,7.089,13.826,21,0.196,0.143,21,0.434,5.809,,,,0.2,,,0.2,0.0,1.001,1.37,0.0,0.0073,0.601
4756,Switchboard,4.994,46.0,9.212,175.02,606,268,121.35,53.67,0.429,0.5634,0.1403,14,21.165,15.142,18.099,13,0.239,0.647,13,0.7258,2.003,,,,0.401,,,0.401,0.0,1.001,3.35,1.202,0.0113,
4758,Switchboard,4.994,80.0,16.02,177.63,352,535,70.49,107.14,0.3949,0.4037,0.1893,25,11.792,6.112,14.33,24,0.146,0.156,24,0.4333,5.006,,,,0.0,,,0.0,0.0,1.602,2.57,2.203,0.0085,1.001
4759,Switchboard,4.963,125.0,25.188,189.82,381,561,76.77,113.04,0.3491,0.4171,0.1441,48,6.356,3.343,8.695,47,-0.158,0.011,47,0.414,5.239,,,,2.015,,,1.814,0.202,5.239,12.43,2.821,0.0285,0.202
4761,Switchboard,4.967,88.0,17.717,196.5,745,231,149.99,46.51,0.3477,0.4762,0.172,31,9.496,2.423,18.391,30,0.073,0.015,30,0.7587,5.637,,,,0.403,,,0.403,0.0,3.221,5.33,0.805,0.0075,
4765,Switchboard,4.972,78.0,15.689,222.25,531,574,106.8,115.45,0.3766,0.4059,0.1719,30,10.424,3.395,14.229,29,-0.519,-0.253,29,0.5468,2.011,,,,2.414,,,2.011,0.402,5.23,14.32,0.805,0.0145,1.006
4769,Switchboard,4.977,99.0,19.891,139.24,301,392,60.48,78.76,0.4419,0.477,0.2552,36,7.845,2.688,10.553,35,0.423,0.244,35,0.4138,3.215,,,,0.603,,,0.603,0.0,2.009,3.71,4.219,0.0215,
4770,Switchboard,4.99,51.0,10.221,175.15,669,205,134.07,41.08,0.3602,0.5317,0.1766,17,17.592,7.347,19.242,16,-0.007,0.227,16,0.7563,2.605,,,,0.401,,,0.401,0.0,1.202,2.97,1.202,0.0069,0.601
4771,Switchboard,4.991,30.0,6.011,188.34,557,383,111.6,76.74,0.4129,0.423,0.1832,15,19.506,17.931,15.675,14,0.486,0.36,14,0.6656,1.202,,,,0.0,,,0.0,0.0,0.401,0.68,0.801,0.0034,0.0
4774,Switchboard,4.993,104.0,20.831,199.1,379,615,75.91,123.18,0.3377,0.3642,0.1341,34,8.87,4.05,9.519,33,-0.062,0.123,33,0.3741,6.209,,,,0.601,,,0.601,0.0,2.404,4.19,2.203,0.0258,0.401
4784,Switchboard,4.964,45.0,9.065,184.32,556,359,112.0,72.32,0.3813,0.4986,0.253,20,14.648,6.18,15.857,19,0.251,0.282,19,0.602,1.612,,,,0.201,,,0.201,0.0,1.007,2.4,0.201,0.0176,0.403
4785,Switchboard,5.005,155.0,30.967,216.57,496,588,99.09,117.47,0.3952,0.3622,0.1599,70,4.299,2.159,4.978,69,-0.01,0.067,69,0.4426,4.795,,,,2.198,,,2.198,0.0,6.992,12.37,2.997,0.009,2.997
4787,Switchboard,4.993,90.0,18.027,178.27,350,540,70.1,108.16,0.4543,0.3963,0.2147,40,7.558,2.95,11.259,39,-0.085,-0.109,39,0.3927,2.804,,,,0.801,,,0.801,0.0,4.206,11.8,1.202,0.0101,
4788,Switchboard,4.985,63.0,12.639,183.37,702,212,140.83,42.53,0.3191,0.5613,0.1466,27,11.235,2.056,19.9,26,-0.167,0.0,26,0.7183,2.809,,,,0.802,,,0.802,0.0,2.809,8.25,1.003,0.0024,1.204
4792,Switchboard,4.981,114.0,22.888,199.77,289,706,58.02,141.74,0.5017,0.3739,0.2283,52,5.537,2.644,5.855,51,0.213,0.179,51,0.3108,4.417,,,,0.402,,,0.402,0.0,3.413,4.1,3.815,0.0025,0.803
4796,Switchboard,5.008,86.0,17.172,169.73,254,596,50.72,119.01,0.4685,0.396,0.2185,27,11.036,2.239,17.411,26,0.095,0.19,26,0.3168,4.992,,,,0.2,,,0.2,0.0,1.997,3.05,2.196,0.0214,0.799
4798,Switchboard,4.961,87.0,17.538,217.31,665,413,134.06,83.26,0.3789,0.3947,0.1278,26,11.762,4.058,15.756,25,-0.333,-0.264,25,0.5953,4.233,,,,1.008,,,0.806,0.202,4.233,10.32,0.403,0.0373,
4799,Switchboard,4.982,92.0,18.467,187.88,401,535,80.49,107.39,0.3915,0.3757,0.2523,36,8.291,2.15,10.373,35,0.011,0.235,35,0.4471,5.219,,,,1.204,,,1.204,0.0,3.212,7.9,0.602,0.014,1.405
4801,Switchboard,4.976,90.0,18.087,191.72,393,561,78.98,112.74,0.486,0.3743,0.1867,41,7.264,3.492,9.391,40,0.014,0.087,40,0.4569,5.426,,,,0.402,,,0.402,0.0,3.617,7.5,0.0,0.004,1.407
4802,Switchboard,4.979,73.0,14.661,152.83,302,459,60.65,92.18,0.4205,0.3813,0.325,36,7.668,2.167,12.172,35,0.628,0.379,35,0.3973,4.619,,,,0.201,,,0.201,0.0,0.603,0.73,1.205,0.006,2.008
4803,Switchboard,4.992,40.0,8.013,183.89,343,575,68.71,115.18,0.5073,0.4243,0.1979,16,18.325,6.622,21.347,15,0.407,0.216,15,0.3138,0.801,,,,0.0,,,0.0,0.0,0.601,0.7,0.601,0.0184,
4804,Switchboard,4.973,71.0,14.276,206.1,461,564,92.69,113.4,0.4338,0.3777,0.2023,35,8.103,4.5,8.472,34,0.43,0.266,34,0.5009,2.815,,,,0.201,,,0.201,0.0,2.212,1.94,1.81,0.0041,
4805,Switchboard,4.985,59.0,11.837,167.52,423,412,84.86,82.66,0.3404,0.449,0.2617,26,11.622,10.646,11.076,25,-0.154,0.084,25,0.4966,2.407,,,,1.003,,,1.003,0.0,2.608,5.65,0.602,0.0068,
4809,Switchboard,4.995,71.0,14.214,176.57,456,426,91.29,85.28,0.3991,0.4296,0.2566,24,12.401,5.091,13.762,23,0.063,0.277,23,0.4799,3.003,,,,0.2,,,0.2,0.0,1.602,2.23,1.401,0.022,
4811,Switchboard,4.968,84.0,16.908,196.66,534,443,107.49,89.17,0.4307,0.4018,0.1675,47,6.205,2.127,8.457,46,0.128,0.257,46,0.5774,2.617,,,,1.208,,,1.208,0.0,3.824,6.72,0.805,0.0002,
4812,Switchboard,4.976,59.0,11.857,180.67,687,212,138.06,42.6,0.3392,0.5236,0.2865,22,13.483,4.341,14.534,21,0.047,0.303,21,0.7323,4.22,,,,0.402,,,0.402,0.0,1.809,3.14,1.407,0.0,2.211
4814,Switchboard,4.99,69.0,13.828,190.79,556,396,111.43,79.36,0.3723,0.4672,0.1613,26,11.508,3.12,18.492,25,-0.025,0.071,25,0.5552,4.409,,,,1.002,,,1.002,0.0,2.405,5.93,0.401,0.0054,0.2
4815,Switchboard,4.991,49.0,9.818,192.95,352,611,70.53,122.42,0.4375,0.3928,0.2172,19,15.464,9.649,14.468,18,0.296,0.152,18,0.3817,3.005,,,,0.0,,,0.0,0.0,1.002,1.35,0.401,0.0054,
4816,Switchboard,4.97,36.0,7.244,179.29,295,596,59.36,119.93,0.3932,0.406,0.1559,8,36.789,29.802,33.95,7,0.493,0.335,7,0.3091,3.421,,,,0.0,,,0.0,0.0,0.201,0.25,0.402,0.0091,
4818,Switchboard,4.999,105.0,21.004,247.45,692,545,138.43,109.02,0.3801,0.3615,0.0835,42,7.443,2.144,10.002,41,-0.31,-0.057,41,0.5709,4.801,,,,2.0,,,2.0,0.0,5.401,11.08,1.6,0.0067,
4821,Switchboard,4.985,82.0,16.451,200.22,407,591,81.65,118.57,0.3857,0.3993,0.1902,36,8.387,3.428,12.677,35,-0.084,0.017,35,0.3936,3.611,,,,0.602,,,0.602,0.0,3.611,6.32,1.204,0.0054,1.605
4822,Switchboard,4.976,31.0,6.23,192.52,726,232,145.9,46.62,0.314,0.5086,0.1854,15,19.627,2.186,38.311,14,0.293,0.26,14,0.758,2.211,,,,0.201,,,0.201,0.0,0.402,0.34,0.0,0.0007,0.603
4823,Switchboard,4.988,47.0,9.422,178.82,453,439,90.81,88.01,0.4437,0.4715,0.2103,12,24.547,22.041,19.587,11,0.424,0.537,11,0.6023,2.807,,,,0.0,,,0.0,0.0,0.401,1.01,0.601,0.0133,
4825,Switchboard,4.984,59.0,11.838,221.11,772,330,154.89,66.21,0.3601,0.4,0.1932,22,13.195,3.062,20.565,21,0.413,0.358,21,0.7224,3.01,,,,0.0,,,0.0,0.0,0.803,1.19,1.605,0.0125,
4826,Switchboard,4.977,105.0,21.097,174.4,387,481,77.76,96.64,0.4729,0.4137,0.2116,44,6.725,3.039,7.231,43,-0.082,-0.08,43,0.4488,5.425,,,,1.005,,,1.005,0.0,4.822,8.54,0.804,0.0066,0.804
4829,Switchboard,4.999,67.0,13.403,187.24,535,401,107.02,80.22,0.385,0.3766,0.2479,28,10.591,4.686,11.762,27,0.126,0.192,27,0.5528,3.801,,,,0.4,,,0.4,0.0,2.4,3.97,1.0,0.0018,1.0
4830,Switchboard,4.979,101.0,20.284,189.19,579,363,116.28,72.9,0.3472,0.4545,0.2173,41,7.066,3.85,8.938,40,0.225,0.103,40,0.6254,5.222,,,,0.603,,,0.603,0.0,4.218,7.64,1.607,0.0039,1.406
4831,Switchboard,5.005,40.0,7.992,197.81,568,422,113.49,84.32,0.3856,0.4289,0.1894,14,21.514,12.303,22.564,13,-0.144,-0.332,13,0.5865,1.998,,,,0.4,,,0.4,0.0,1.998,3.7,0.4,0.0036,0.4
4832,Switchboard,4.964,51.0,10.273,166.19,297,528,59.83,106.36,0.4377,0.4299,0.2481,14,21.268,2.238,29.326,13,-0.026,0.057,13,0.3532,3.827,,,,0.201,,,0.201,0.0,1.007,3.01,0.201,0.0215,
4833,Switchboard,4.976,73.0,14.67,189.91,454,491,91.24,98.67,0.4846,0.446,0.109,22,13.545,7.238,14.83,21,0.025,0.016,21,0.499,1.809,,,,0.201,,,0.201,0.0,2.211,4.32,3.215,0.0211,
4834,Switchboard,5.002,38.0,7.598,168.15,380,461,75.98,92.17,0.4632,0.4403,0.1894,13,22.728,13.383,24.493,12,0.332,0.198,12,0.4066,2.999,,,,0.0,,,0.0,0.0,0.4,0.46,0.8,0.016,0.8
4835,Switchboard,4.995,72.0,14.414,167.36,444,392,88.88,78.47,0.4505,0.3776,0.2551,29,9.94,5.087,11.721,28,0.381,0.264,28,0.55,3.203,,,,0.4,,,0.4,0.0,1.602,1.98,3.203,0.002,
4836,Switchboard,4.965,58.0,11.681,166.15,468,357,94.25,71.9,0.4487,0.4398,0.2751,25,11.128,8.369,12.111,24,0.805,0.723,24,0.5367,1.41,,,,0.403,,,0.403,0.0,1.007,1.68,1.007,0.0207,
4837,Switchboard,4.97,75.0,15.092,189.75,466,477,93.77,95.98,0.4185,0.3816,0.2234,30,9.784,4.792,12.458,29,0.133,0.125,29,0.4788,4.829,,,,0.402,,,0.402,0.0,2.616,4.24,1.006,0.0072,
4840,Switchboard,4.981,60.0,12.046,205.59,312,712,62.64,142.95,0.4199,0.3581,0.1962,14,20.372,13.628,21.939,13,1.02,0.57,13,0.3205,6.425,,,,0.0,,,0.0,0.0,0.402,0.43,1.004,0.0055,0.602
4843,Switchboard,4.992,38.0,7.612,172.07,330,529,66.11,105.97,0.5121,0.4159,0.1774,12,24.732,18.297,21.18,11,0.244,0.153,11,0.4049,1.603,,,,0.2,,,0.2,0.0,0.601,1.07,1.603,0.01,
4845,Switchboard,4.977,57.0,11.452,220.81,717,382,144.06,76.75,0.3919,0.445,0.1354,24,12.644,5.827,13.898,23,-0.23,-0.081,23,0.642,1.808,,,,0.402,,,0.402,0.0,2.612,6.24,1.206,0.0087,
4846,Switchboard,4.979,46.0,9.239,189.81,190,755,38.16,151.65,0.5421,0.347,0.2111,14,21.124,8.563,20.786,13,0.228,0.303,13,0.2321,2.209,,,,0.201,,,0.201,0.0,0.803,0.44,1.607,0.009,
4847,Switchboard,4.985,79.0,15.849,213.86,743,323,149.06,64.8,0.3176,0.4458,0.1904,35,8.564,5.001,11.193,34,-0.022,0.209,34,0.6847,3.411,,,,0.802,,,0.802,0.0,2.809,3.85,1.003,0.0116,
4856,Switchboard,5.003,52.0,10.394,178.1,294,597,58.77,119.34,0.4048,0.3903,0.2723,21,13.843,5.967,15.316,20,0.447,0.428,20,0.3384,4.198,,,,0.2,,,0.2,0.0,1.199,1.87,0.2,0.0072,1.399
4858,Switchboard,4.97,58.0,11.671,178.08,554,331,111.48,66.6,0.4152,0.4109,0.3299,19,15.272,2.915,28.222,18,0.433,0.358,18,0.6213,3.421,,,,0.604,,,0.604,0.0,1.006,1.01,0.402,0.0304,0.402
4859,Switchboard,5.001,76.0,15.197,197.56,575,413,114.97,82.58,0.4035,0.4794,0.1135,30,10.138,4.506,12.221,29,-0.146,0.065,29,0.5576,2.399,,,,1.8,,,1.6,0.2,3.399,9.7,1.6,0.0115,0.6
4861,Switchboard,4.968,70.0,14.09,181.16,290,610,58.37,122.79,0.431,0.3984,0.2212,23,12.766,2.99,16.533,22,0.184,0.155,22,0.3538,5.837,,,,0.403,,,0.403,0.0,1.812,2.04,0.604,0.0066,
4863,Switchboard,4.991,35.0,7.013,214.59,621,450,124.42,90.16,0.4557,0.3844,0.1025,10,29.912,15.754,30.283,9,0.025,-0.368,9,0.5761,2.404,,,,0.0,,,0.0,0.0,1.002,2.36,0.2,0.0058,
4868,Switchboard,4.961,59.0,11.894,204.82,594,422,119.74,85.07,0.3788,0.4242,0.1916,27,10.712,3.775,13.106,26,0.318,0.288,26,0.5792,1.814,,,,0.0,,,0.0,0.0,1.814,2.06,2.217,0.0016,1.008
4869,Switchboard,4.97,74.0,14.89,155.54,436,337,87.73,67.81,0.4243,0.4599,0.3772,27,10.104,7.781,9.388,26,0.92,0.72,26,0.557,3.421,,,,0.0,,,0.0,0.0,1.006,1.37,3.018,0.0116,
4871,Switchboard,4.979,49.0,9.842,150.64,503,247,101.03,49.61,0.4433,0.5182,0.2148,24,12.212,4.15,18.443,23,0.236,0.381,23,0.6265,0.803,,,,0.603,,,0.603,0.0,1.607,3.1,1.406,0.0035,
4874,Switchboard,4.981,36.0,7.228,175.87,240,636,48.18,127.69,0.5167,0.4104,0.1737,16,18.339,15.712,16.822,15,0.333,0.463,15,0.2718,1.405,,,,0.402,,,0.402,0.0,0.803,1.46,0.201,0.008,
4875,Switchboard,4.994,68.0,13.617,111.94,289,270,57.87,54.07,0.4844,0.5519,0.4995,36,6.222,4.654,5.171,35,1.67,1.022,35,0.5417,3.805,,,,0.0,,,0.0,0.0,0.601,0.71,1.402,0.0021,
4876,Switchboard,4.997,75.0,15.008,207.51,341,696,68.24,139.27,0.4663,0.3592,0.1981,32,9.277,2.988,15.804,31,0.091,0.299,31,0.3388,3.202,,,,1.001,,,1.001,0.0,3.002,4.21,1.601,0.0009,0.2
4877,Switchboard,4.984,71.0,14.245,219.3,173,920,34.71,184.59,0.5376,0.3022,0.185,25,12.079,2.288,18.859,24,-0.152,-0.125,24,0.1875,4.213,,,,0.201,,,0.201,0.0,4.213,5.6,0.0,0.0079,1.003
4879,Switchboard,4.976,85.0,17.082,201.57,468,535,94.05,107.52,0.4679,0.4019,0.1732,40,7.546,3.125,10.766,39,-0.084,0.008,39,0.4368,2.813,,,,0.603,,,0.603,0.0,4.421,6.56,0.804,0.0056,
4880,Switchboard,4.979,63.0,12.654,179.77,574,321,115.29,64.47,0.3885,0.4829,0.2436,28,10.636,4.069,14.557,27,0.026,0.161,27,0.665,1.406,,,,0.402,,,0.402,0.0,2.209,4.17,0.402,0.0341,1.205
4883,Switchboard,4.985,69.0,13.843,200.02,629,368,126.19,73.83,0.4022,0.3696,0.1653,23,12.797,6.627,12.768,22,0.215,0.352,22,0.7047,3.21,,,,0.602,,,0.602,0.0,1.404,1.72,0.602,0.0215,
4886,Switchboard,4.979,131.0,26.312,243.04,440,770,88.38,154.66,0.45,0.3247,0.1616,70,4.392,1.931,5.853,69,-0.13,0.13,69,0.3542,1.607,,,,1.808,,,1.406,0.402,7.231,10.54,1.004,0.0208,2.41
4890,Switchboard,4.976,67.0,13.465,190.71,675,274,135.65,55.06,0.4119,0.5438,0.1992,33,8.996,3.641,11.01,32,0.04,0.175,32,0.7141,3.215,,,,1.005,,,1.005,0.0,2.813,5.12,0.0,0.0033,1.407
4891,Switchboard,4.974,67.0,13.469,221.13,360,740,72.37,148.76,0.4361,0.3473,0.1007,28,10.94,2.572,14.313,27,-0.302,0.025,27,0.3183,1.407,,,,1.608,,,1.407,0.201,3.015,8.03,2.01,0.0109,
4895,Switchboard,5.01,32.0,6.387,182.23,449,464,89.62,92.61,0.4967,0.4591,0.1544,14,21.241,12.027,30.724,13,0.241,0.154,13,0.5256,1.397,,,,0.2,,,0.2,0.0,0.798,0.69,0.998,0.0104,
4899,Switchboard,4.981,38.0,7.629,190.53,406,543,81.51,109.02,0.4704,0.4015,0.1359,9,33.271,19.481,32.31,8,-0.154,0.045,8,0.4485,3.012,,,,0.402,,,0.402,0.0,0.803,1.64,1.205,0.0052,
4901,Switchboard,4.991,89.0,17.832,156.28,384,396,76.94,79.34,0.4583,0.4823,0.1815,40,7.255,3.645,10.253,39,0.236,0.133,39,0.4004,4.007,,,,0.401,,,0.401,0.0,3.005,4.12,1.002,0.0087,
4902,Switchboard,4.976,46.0,9.244,173.43,502,361,100.88,72.55,0.4422,0.4515,0.2987,16,17.962,6.095,21.735,15,0.54,0.502,15,0.5914,2.813,,,,0.0,,,0.0,0.0,0.603,1.48,0.402,0.0148,0.804
4903,Switchboard,4.992,60.0,12.019,155.85,374,404,74.92,80.93,0.4118,0.4579,0.3319,26,10.915,5.181,11.151,25,0.627,0.438,25,0.4795,3.405,,,,0.801,,,0.601,0.2,1.402,3.97,0.601,0.0178,
4905,Switchboard,4.976,68.0,13.666,210.81,249,800,50.04,160.77,0.4659,0.3425,0.2159,15,19.558,10.628,26.84,14,0.369,0.591,14,0.2918,6.431,,,,0.201,,,0.201,0.0,0.804,2.23,1.206,0.0168,0.804
4908,Switchboard,4.986,49.0,9.827,170.87,426,426,85.44,85.44,0.4343,0.4624,0.1304,19,15.542,7.732,16.202,18,0.191,0.282,18,0.4222,1.604,,,,0.401,,,0.401,0.0,1.604,2.7,0.401,0.0147,0.401
4909,Switchboard,4.964,49.0,9.87,189.55,458,483,92.26,97.29,0.4498,0.3665,0.2806,14,20.859,17.918,22.108,13,0.416,0.373,13,0.4959,4.029,,,,0.201,,,0.201,0.0,0.403,0.76,0.403,0.0161,
4911,Switchboard,4.968,71.0,14.291,217.19,638,441,128.42,88.77,0.3887,0.3605,0.1764,22,13.708,5.875,16.361,21,-0.172,-0.092,21,0.6007,2.617,,,,0.604,,,0.604,0.0,2.415,5.75,0.604,0.0392,
4914,Switchboard,4.986,69.0,13.838,193.13,670,293,134.37,58.76,0.4045,0.5324,0.1019,19,15.499,11.278,15.217,18,0.241,0.28,18,0.6791,4.412,,,,0.0,,,0.0,0.0,1.203,1.08,3.008,0.0065,
4917,Switchboard,4.992,137.0,27.444,187.7,360,577,72.11,115.58,0.4111,0.3865,0.1917,52,5.686,1.681,8.979,51,0.074,0.085,51,0.4041,5.008,,,,0.801,,,0.801,0.0,4.407,7.57,3.606,0.0325,1.202
4925,Switchboard,4.982,101.0,20.271,182.24,558,350,111.99,70.25,0.4194,0.4486,0.2311,42,6.916,3.777,8.385,41,0.183,0.226,41,0.5924,2.81,,,,0.401,,,0.401,0.0,3.011,5.71,2.81,0.0403,
4926,Switchboard,4.995,45.0,9.009,166.96,380,454,76.07,90.89,0.4289,0.3811,0.2534,17,17.017,7.621,23.757,16,0.649,0.335,16,0.4857,2.402,,,,0.601,,,0.601,0.0,0.801,1.26,1.201,0.0087,
4927,Switchboard,4.964,107.0,21.554,205.87,244,778,49.15,156.72,0.4631,0.3972,0.151,43,6.799,3.992,7.435,42,0.124,0.268,42,0.2681,4.835,,,,1.007,,,1.007,0.0,2.82,5.68,1.41,0.0281,1.41
4928,Switchboard,4.988,52.0,10.424,211.29,747,307,149.75,61.54,0.3106,0.4267,0.2125,25,11.646,2.272,16.523,24,0.325,0.311,24,0.7327,2.606,,,,0.0,,,0.0,0.0,1.203,1.44,0.2,0.0084,0.802
4936,Switchboard,4.985,117.0,23.472,193.2,701,262,140.63,52.56,0.4009,0.5267,0.2366,46,6.127,2.54,8.735,45,0.373,0.311,45,0.7203,4.213,,,,0.201,,,0.201,0.0,2.809,3.33,1.806,0.0392,1.404
4940,Switchboard,4.998,123.0,24.608,171.45,380,477,76.02,95.43,0.4184,0.4361,0.2906,59,4.853,1.89,6.922,58,0.233,0.21,58,0.4427,4.401,,,,0.8,,,0.8,0.0,4.201,6.82,1.801,0.0133,2.201
